category,seed,backend_requested,backend_used,cpp_threads,cpp_use_broad_phase,wccg_connected,wccg_query_status,wccg_build_time_sec,wccg_query_time_sec,wccg_time_sec,wccg_nodes,wccg_edges,wccg_bridge_edges,wccg_build_stats_json,continuous_reference_time_sec,coarse_raster_time_sec,fine_raster_time_sec,reference_connected,reference_stable,reference_raster_coarse,reference_raster_fine,agreement,false_positive,false_negative,reference_resolution,fine_reference_resolution,obstacle_count,W
convex,0,cpp,cpp,4,1,1,connected,0.0003845440223813057,0.0009847990004345775,0.0013693430228158832,38,36,12,"{""adapter_wall_ms"": 0.35155200748704374, ""backend"": ""cpp"", ""bridge_accepted_count"": 12, ""bridge_candidate_count"": 12, ""bridge_candidates_ms"": 0.010705, ""bridge_rejected_collision"": 0, ""bridge_rejected_duplicate"": 0, ""convex_pair_evaluated"": 16, ""convex_pair_rejected_broad_phase"": 0, ""convex_pair_total"": 16, ""graph_assembly_ms"": 0.063812, ""internal_candidates_ms"": 0.004105, ""internal_pair_evaluated"": 0, ""internal_pair_total"": 0, ""obstacle_pair_candidates"": 16, ""obstacle_pair_rejected_broad_phase"": 75, ""obstacle_pair_total"": 91, ""preprocess_ms"": 0.037407, ""threads_used"": 4, ""total_ms"": 0.121035}",0.0013734929962083697,0.05501501599792391,0.22866067697759718,1,1,1,1,1,0,0,0.02,0.01,10,1.0
convex,1,cpp,cpp,4,1,1,connected,0.00023445699480362236,0.0006229050050023943,0.0008573619998060167,34,30,10,"{""adapter_wall_ms"": 0.2081480051856488, ""backend"": ""cpp"", ""bridge_accepted_count"": 10, ""bridge_candidate_count"": 10, ""bridge_candidates_ms"": 0.007616, ""bridge_rejected_collision"": 0, ""bridge_rejected_duplicate"": 0, ""convex_pair_evaluated"": 13, ""convex_pair_rejected_broad_phase"": 0, ""convex_pair_total"": 13, ""graph_assembly_ms"": 0.036484, ""internal_candidates_ms"": 0.004129, ""internal_pair_evaluated"": 0, ""internal_pair_total"": 0, ""obstacle_pair_candidates"": 13, ""obstacle_pair_rejected_broad_phase"": 78, ""obstacle_pair_total"": 91, ""preprocess_ms"": 0.031724, ""threads_used"": 4, ""total_ms"": 0.08349600000000001}",0.0018112850084435195,0.0695939040160738,0.28643107099924237,1,1,1,1,1,0,0,0.02,0.01,10,1.0
convex,2,cpp,cpp,4,1,1,connected,0.0002799640060402453,0.0004385310166981071,0.0007184950227383524,44,46,16,"{""adapter_wall_ms"": 0.25187700521200895, ""backend"": ""cpp"", ""bridge_accepted_count"": 16, ""bridge_candidate_count"": 16, ""bridge_candidates_ms"": 0.008551, ""bridge_rejected_collision"": 0, ""bridge_rejected_duplicate"": 0, ""convex_pair_evaluated"": 16, ""convex_pair_rejected_broad_phase"": 0, ""convex_pair_total"": 16, ""graph_assembly_ms"": 0.049637, ""internal_candidates_ms"": 0.004288, ""internal_pair_evaluated"": 0, ""internal_pair_total"": 0, ""obstacle_pair_candidates"": 16, ""obstacle_pair_rejected_broad_phase"": 75, ""obstacle_pair_total"": 91, ""preprocess_ms"": 0.033814, ""threads_used"": 4, ""total_ms"": 0.100495}",0.0012419339909683913,0.06242791100521572,0.2719094069907442,1,1,1,1,1,0,0,0.02,0.01,10,1.0
convex,3,cpp,cpp,4,1,0,disconnected_frontier,0.0002641720056999475,0.0005169200012460351,0.0007810920069459826,42,42,14,"{""adapter_wall_ms"": 0.23566500749439, ""backend"": ""cpp"", ""bridge_accepted_count"": 14, ""bridge_candidate_count"": 14, ""bridge_candidates_ms"": 0.008202, ""bridge_rejected_collision"": 0, ""bridge_rejected_duplicate"": 0, ""convex_pair_evaluated"": 15, ""convex_pair_rejected_broad_phase"": 0, ""convex_pair_total"": 15, ""graph_assembly_ms"": 0.044408, ""internal_candidates_ms"": 0.003971, ""internal_pair_evaluated"": 0, ""internal_pair_total"": 0, ""obstacle_pair_candidates"": 15, ""obstacle_pair_rejected_broad_phase"": 76, ""obstacle_pair_total"": 91, ""preprocess_ms"": 0.034333, ""threads_used"": 4, ""total_ms"": 0.094485}",0.0011447959986981004,0.06807455798843876,0.25797616501222365,0,1,0,0,1,0,0,0.02,0.01,10,1.0
convex,4,cpp,cpp,4,1,0,disconnected_frontier,0.00025752701913006604,0.0005136039981152862,0.0007711310172453523,47,50,17,"{""adapter_wall_ms"": 0.2344980021007359, ""backend"": ""cpp"", ""bridge_accepted_count"": 17, ""bridge_candidate_count"": 18, ""bridge_candidates_ms"": 0.008558, ""bridge_rejected_collision"": 1, ""bridge_rejected_duplicate"": 0, ""convex_pair_evaluated"": 19, ""convex_pair_rejected_broad_phase"": 0, ""convex_pair_total"": 19, ""graph_assembly_ms"": 0.051649, ""internal_candidates_ms"": 0.004468, ""internal_pair_evaluated"": 0, ""internal_pair_total"": 0, ""obstacle_pair_candidates"": 19, ""obstacle_pair_rejected_broad_phase"": 72, ""obstacle_pair_total"": 91, ""preprocess_ms"": 0.030277, ""threads_used"": 4, ""total_ms"": 0.09910300000000001}",0.0010904549853876233,0.020620185998268425,0.07231295501696877,0,1,0,0,1,0,0,0.02,0.01,10,1.0
convex,5,cpp,cpp,4,1,1,connected,0.00029673599055968225,0.0005806720000691712,0.0008774079906288534,43,44,15,"{""adapter_wall_ms"": 0.26958101079799235, ""backend"": ""cpp"", ""bridge_accepted_count"": 15, ""bridge_candidate_count"": 15, ""bridge_candidates_ms"": 0.019293, ""bridge_rejected_collision"": 0, ""bridge_rejected_duplicate"": 0, ""convex_pair_evaluated"": 16, ""convex_pair_rejected_broad_phase"": 0, ""convex_pair_total"": 16, ""graph_assembly_ms"": 0.054744, ""internal_candidates_ms"": 0.004493, ""internal_pair_evaluated"": 0, ""internal_pair_total"": 0, ""obstacle_pair_candidates"": 16, ""obstacle_pair_rejected_broad_phase"": 75, ""obstacle_pair_total"": 91, ""preprocess_ms"": 0.033686999999999995, ""threads_used"": 4, ""total_ms"": 0.115986}",0.0011851780000142753,0.06697508500656113,0.2958727730147075,1,1,1,1,1,0,0,0.02,0.01,10,1.0
convex,6,cpp,cpp,4,1,1,connected,0.0002999260032083839,0.0004982480022590607,0.0007981740054674447,36,33,11,"{""adapter_wall_ms"": 0.2597740094643086, ""backend"": ""cpp"", ""bridge_accepted_count"": 11, ""bridge_candidate_count"": 11, ""bridge_candidates_ms"": 0.008684, ""bridge_rejected_collision"": 0, ""bridge_rejected_duplicate"": 0, ""convex_pair_evaluated"": 15, ""convex_pair_rejected_broad_phase"": 0, ""convex_pair_total"": 15, ""graph_assembly_ms"": 0.045257, ""internal_candidates_ms"": 0.005374, ""internal_pair_evaluated"": 0, ""internal_pair_total"": 0, ""obstacle_pair_candidates"": 15, ""obstacle_pair_rejected_broad_phase"": 76, ""obstacle_pair_total"": 91, ""preprocess_ms"": 0.041819999999999996, ""threads_used"": 4, ""total_ms"": 0.105744}",0.001276244001928717,0.06992302401340567,0.3137484419858083,1,1,1,1,1,0,0,0.02,0.01,10,1.0
convex,7,cpp,cpp,4,1,1,connected,0.0003032689855899662,0.0005618040158879012,0.0008650730014778674,40,39,13,"{""adapter_wall_ms"": 0.27434900403022766, ""backend"": ""cpp"", ""bridge_accepted_count"": 13, ""bridge_candidate_count"": 13, ""bridge_candidates_ms"": 0.007758, ""bridge_rejected_collision"": 0, ""bridge_rejected_duplicate"": 0, ""convex_pair_evaluated"": 13, ""convex_pair_rejected_broad_phase"": 0, ""convex_pair_total"": 13, ""graph_assembly_ms"": 0.064736, ""internal_candidates_ms"": 0.004058, ""internal_pair_evaluated"": 0, ""internal_pair_total"": 0, ""obstacle_pair_candidates"": 13, ""obstacle_pair_rejected_broad_phase"": 78, ""obstacle_pair_total"": 91, ""preprocess_ms"": 0.037124000000000004, ""threads_used"": 4, ""total_ms"": 0.11733199999999999}",0.001190042996313423,0.07327103699208237,0.30496733900508843,1,1,1,1,1,0,0,0.02,0.01,10,1.0
convex,8,cpp,cpp,4,1,1,connected,0.0002869039890356362,0.000503502000356093,0.0007904059893917292,43,45,16,"{""adapter_wall_ms"": 0.25767600163817406, ""backend"": ""cpp"", ""bridge_accepted_count"": 16, ""bridge_candidate_count"": 16, ""bridge_candidates_ms"": 0.008545, ""bridge_rejected_collision"": 0, ""bridge_rejected_duplicate"": 0, ""convex_pair_evaluated"": 18, ""convex_pair_rejected_broad_phase"": 0, ""convex_pair_total"": 18, ""graph_assembly_ms"": 0.051819, ""internal_candidates_ms"": 0.004912, ""internal_pair_evaluated"": 0, ""internal_pair_total"": 0, ""obstacle_pair_candidates"": 18, ""obstacle_pair_rejected_broad_phase"": 73, ""obstacle_pair_total"": 91, ""preprocess_ms"": 0.037058, ""threads_used"": 4, ""total_ms"": 0.107042}",0.0012985719949938357,0.06518375300220214,0.2726260430063121,1,1,1,1,1,0,0,0.02,0.01,10,1.0
convex,9,cpp,cpp,4,1,1,connected,0.00042371900053694844,0.0005917230155318975,0.001015442016068846,50,54,18,"{""adapter_wall_ms"": 0.3923439944628626, ""backend"": ""cpp"", ""bridge_accepted_count"": 18, ""bridge_candidate_count"": 18, ""bridge_candidates_ms"": 0.009641, ""bridge_rejected_collision"": 0, ""bridge_rejected_duplicate"": 0, ""convex_pair_evaluated"": 19, ""convex_pair_rejected_broad_phase"": 0, ""convex_pair_total"": 19, ""graph_assembly_ms"": 0.060347, ""internal_candidates_ms"": 0.004074, ""internal_pair_evaluated"": 0, ""internal_pair_total"": 0, ""obstacle_pair_candidates"": 19, ""obstacle_pair_rejected_broad_phase"": 72, ""obstacle_pair_total"": 91, ""preprocess_ms"": 0.044893, ""threads_used"": 4, ""total_ms"": 0.123448}",0.001252185000339523,0.0629826330114156,0.2691357810108457,1,1,1,1,1,0,0,0.02,0.01,10,1.0
convex,10,cpp,cpp,4,1,1,connected,0.0002550850040279329,0.0003487459907773882,0.0006038309948053211,35,32,11,"{""adapter_wall_ms"": 0.22847799118608236, ""backend"": ""cpp"", ""bridge_accepted_count"": 11, ""bridge_candidate_count"": 11, ""bridge_candidates_ms"": 0.007184, ""bridge_rejected_collision"": 0, ""bridge_rejected_duplicate"": 0, ""convex_pair_evaluated"": 13, ""convex_pair_rejected_broad_phase"": 0, ""convex_pair_total"": 13, ""graph_assembly_ms"": 0.039166, ""internal_candidates_ms"": 0.004219, ""internal_pair_evaluated"": 0, ""internal_pair_total"": 0, ""obstacle_pair_candidates"": 13, ""obstacle_pair_rejected_broad_phase"": 78, ""obstacle_pair_total"": 91, ""preprocess_ms"": 0.040208999999999995, ""threads_used"": 4, ""total_ms"": 0.094816}",0.0013399769959505647,0.06712461897404864,0.28551643501850776,1,1,1,1,1,0,0,0.02,0.01,10,1.0
convex,11,cpp,cpp,4,1,1,connected,0.0005286410159897059,0.0009693859901744872,0.0014980270061641932,49,53,18,"{""adapter_wall_ms"": 0.469607999548316, ""backend"": ""cpp"", ""bridge_accepted_count"": 18, ""bridge_candidate_count"": 18, ""bridge_candidates_ms"": 0.011107, ""bridge_rejected_collision"": 0, ""bridge_rejected_duplicate"": 0, ""convex_pair_evaluated"": 20, ""convex_pair_rejected_broad_phase"": 0, ""convex_pair_total"": 20, ""graph_assembly_ms"": 0.072343, ""internal_candidates_ms"": 0.004292, ""internal_pair_evaluated"": 0, ""internal_pair_total"": 0, ""obstacle_pair_candidates"": 20, ""obstacle_pair_rejected_broad_phase"": 71, ""obstacle_pair_total"": 91, ""preprocess_ms"": 0.099687, ""threads_used"": 4, ""total_ms"": 0.192272}",0.0013124069955665618,0.07924731099046767,0.35100506999879144,1,1,1,1,1,0,0,0.02,0.01,10,1.0
convex,12,cpp,cpp,4,1,1,connected,0.0003335719811730087,0.0007390970131382346,0.0010726689943112433,50,54,18,"{""adapter_wall_ms"": 0.30694701126776636, ""backend"": ""cpp"", ""bridge_accepted_count"": 18, ""bridge_candidate_count"": 18, ""bridge_candidates_ms"": 0.009134, ""bridge_rejected_collision"": 0, ""bridge_rejected_duplicate"": 0, ""convex_pair_evaluated"": 19, ""convex_pair_rejected_broad_phase"": 0, ""convex_pair_total"": 19, ""graph_assembly_ms"": 0.055848, ""internal_candidates_ms"": 0.004184, ""internal_pair_evaluated"": 0, ""internal_pair_total"": 0, ""obstacle_pair_candidates"": 19, ""obstacle_pair_rejected_broad_phase"": 72, ""obstacle_pair_total"": 91, ""preprocess_ms"": 0.042904, ""threads_used"": 4, ""total_ms"": 0.11646999999999999}",0.0013062000216450542,0.06811594701139256,0.28473746398231015,1,1,1,1,1,0,0,0.02,0.01,10,1.0
convex,13,cpp,cpp,4,1,1,connected,0.00029323299531824887,0.00041675500688143075,0.0007099880021996796,49,53,18,"{""adapter_wall_ms"": 0.26537300436757505, ""backend"": ""cpp"", ""bridge_accepted_count"": 18, ""bridge_candidate_count"": 18, ""bridge_candidates_ms"": 0.008264, ""bridge_rejected_collision"": 0, ""bridge_rejected_duplicate"": 0, ""convex_pair_evaluated"": 18, ""convex_pair_rejected_broad_phase"": 0, ""convex_pair_total"": 18, ""graph_assembly_ms"": 0.053374, ""internal_candidates_ms"": 0.004238, ""internal_pair_evaluated"": 0, ""internal_pair_total"": 0, ""obstacle_pair_candidates"": 18, ""obstacle_pair_rejected_broad_phase"": 73, ""obstacle_pair_total"": 91, ""preprocess_ms"": 0.034498, ""threads_used"": 4, ""total_ms"": 0.104516}",0.0012380800035316497,0.07144279399653897,0.297953214001609,1,1,1,1,1,0,0,0.02,0.01,10,1.0
convex,14,cpp,cpp,4,1,1,connected,0.00028455699793994427,0.0005073210049886256,0.0007918780029285699,43,44,15,"{""adapter_wall_ms"": 0.25922199711203575, ""backend"": ""cpp"", ""bridge_accepted_count"": 15, ""bridge_candidate_count"": 15, ""bridge_candidates_ms"": 0.008694, ""bridge_rejected_collision"": 0, ""bridge_rejected_duplicate"": 0, ""convex_pair_evaluated"": 16, ""convex_pair_rejected_broad_phase"": 0, ""convex_pair_total"": 16, ""graph_assembly_ms"": 0.049842, ""internal_candidates_ms"": 0.004072, ""internal_pair_evaluated"": 0, ""internal_pair_total"": 0, ""obstacle_pair_candidates"": 16, ""obstacle_pair_rejected_broad_phase"": 75, ""obstacle_pair_total"": 91, ""preprocess_ms"": 0.037099, ""threads_used"": 4, ""total_ms"": 0.10380299999999999}",0.0012234169989824295,0.06051937397569418,0.2705838209949434,1,1,1,1,1,0,0,0.02,0.01,10,1.0
convex,15,cpp,cpp,4,1,1,connected,0.00030655699083581567,0.0006346690061036497,0.0009412259969394654,47,50,17,"{""adapter_wall_ms"": 0.276912993285805, ""backend"": ""cpp"", ""bridge_accepted_count"": 17, ""bridge_candidate_count"": 17, ""bridge_candidates_ms"": 0.009035, ""bridge_rejected_collision"": 0, ""bridge_rejected_duplicate"": 0, ""convex_pair_evaluated"": 18, ""convex_pair_rejected_broad_phase"": 0, ""convex_pair_total"": 18, ""graph_assembly_ms"": 0.051856, ""internal_candidates_ms"": 0.004587, ""internal_pair_evaluated"": 0, ""internal_pair_total"": 0, ""obstacle_pair_candidates"": 18, ""obstacle_pair_rejected_broad_phase"": 73, ""obstacle_pair_total"": 91, ""preprocess_ms"": 0.036877999999999994, ""threads_used"": 4, ""total_ms"": 0.106489}",0.0009921900054905564,0.06821873498847708,0.2841174589993898,1,1,1,1,1,0,0,0.02,0.01,10,1.0
convex,16,cpp,cpp,4,1,1,connected,0.0003280320088379085,0.0005538609984796494,0.0008818930073175579,46,48,16,"{""adapter_wall_ms"": 0.2979960117954761, ""backend"": ""cpp"", ""bridge_accepted_count"": 16, ""bridge_candidate_count"": 17, ""bridge_candidates_ms"": 0.009688, ""bridge_rejected_collision"": 1, ""bridge_rejected_duplicate"": 0, ""convex_pair_evaluated"": 20, ""convex_pair_rejected_broad_phase"": 0, ""convex_pair_total"": 20, ""graph_assembly_ms"": 0.052974, ""internal_candidates_ms"": 0.004687, ""internal_pair_evaluated"": 0, ""internal_pair_total"": 0, ""obstacle_pair_candidates"": 20, ""obstacle_pair_rejected_broad_phase"": 71, ""obstacle_pair_total"": 91, ""preprocess_ms"": 0.038911, ""threads_used"": 4, ""total_ms"": 0.110896}",0.0011259820021223277,0.06835317402146757,0.29586999598541297,1,1,1,1,1,0,0,0.02,0.01,10,1.0
convex,17,cpp,cpp,4,1,1,connected,0.00032007199479267,0.0004462120123207569,0.0007662840071134269,42,42,14,"{""adapter_wall_ms"": 0.28966099489480257, ""backend"": ""cpp"", ""bridge_accepted_count"": 14, ""bridge_candidate_count"": 14, ""bridge_candidates_ms"": 0.008557, ""bridge_rejected_collision"": 0, ""bridge_rejected_duplicate"": 0, ""convex_pair_evaluated"": 15, ""convex_pair_rejected_broad_phase"": 0, ""convex_pair_total"": 15, ""graph_assembly_ms"": 0.052235, ""internal_candidates_ms"": 0.004674, ""internal_pair_evaluated"": 0, ""internal_pair_total"": 0, ""obstacle_pair_candidates"": 15, ""obstacle_pair_rejected_broad_phase"": 76, ""obstacle_pair_total"": 91, ""preprocess_ms"": 0.038957000000000006, ""threads_used"": 4, ""total_ms"": 0.109049}",0.0011186340125277638,0.06558105899603106,0.2828647109854501,1,1,1,1,1,0,0,0.02,0.01,10,1.0
convex,18,cpp,cpp,4,1,1,connected,0.0003511020040605217,0.0006397449760697782,0.0009908469801303,42,42,14,"{""adapter_wall_ms"": 0.3243460087105632, ""backend"": ""cpp"", ""bridge_accepted_count"": 14, ""bridge_candidate_count"": 14, ""bridge_candidates_ms"": 0.008567, ""bridge_rejected_collision"": 0, ""bridge_rejected_duplicate"": 0, ""convex_pair_evaluated"": 17, ""convex_pair_rejected_broad_phase"": 0, ""convex_pair_total"": 17, ""graph_assembly_ms"": 0.060987, ""internal_candidates_ms"": 0.00436, ""internal_pair_evaluated"": 0, ""internal_pair_total"": 0, ""obstacle_pair_candidates"": 17, ""obstacle_pair_rejected_broad_phase"": 74, ""obstacle_pair_total"": 91, ""preprocess_ms"": 0.061017, ""threads_used"": 4, ""total_ms"": 0.139037}",0.0012440430000424385,0.0648686749918852,0.2755525230022613,1,1,1,1,1,0,0,0.02,0.01,10,1.0
convex,19,cpp,cpp,4,1,1,connected,0.00028815801488235593,0.0006530769751407206,0.0009412349900230765,46,48,16,"{""adapter_wall_ms"": 0.2617980062495917, ""backend"": ""cpp"", ""bridge_accepted_count"": 16, ""bridge_candidate_count"": 16, ""bridge_candidates_ms"": 0.009248, ""bridge_rejected_collision"": 0, ""bridge_rejected_duplicate"": 0, ""convex_pair_evaluated"": 18, ""convex_pair_rejected_broad_phase"": 0, ""convex_pair_total"": 18, ""graph_assembly_ms"": 0.050262, ""internal_candidates_ms"": 0.003774, ""internal_pair_evaluated"": 0, ""internal_pair_total"": 0, ""obstacle_pair_candidates"": 18, ""obstacle_pair_rejected_broad_phase"": 73, ""obstacle_pair_total"": 91, ""preprocess_ms"": 0.035077, ""threads_used"": 4, ""total_ms"": 0.102708}",0.0010452109854668379,0.058814810996409506,0.25098698801593855,1,1,1,1,1,0,0,0.02,0.01,10,1.0
convex,20,cpp,cpp,4,1,1,connected,0.00029421501676552,0.00047863900545053184,0.0007728540222160518,40,39,13,"{""adapter_wall_ms"": 0.26559599791653454, ""backend"": ""cpp"", ""bridge_accepted_count"": 13, ""bridge_candidate_count"": 13, ""bridge_candidates_ms"": 0.007163, ""bridge_rejected_collision"": 0, ""bridge_rejected_duplicate"": 0, ""convex_pair_evaluated"": 13, ""convex_pair_rejected_broad_phase"": 0, ""convex_pair_total"": 13, ""graph_assembly_ms"": 0.047775, ""internal_candidates_ms"": 0.004424, ""internal_pair_evaluated"": 0, ""internal_pair_total"": 0, ""obstacle_pair_candidates"": 13, ""obstacle_pair_rejected_broad_phase"": 78, ""obstacle_pair_total"": 91, ""preprocess_ms"": 0.040492, ""threads_used"": 4, ""total_ms"": 0.10439599999999999}",0.0013898700126446784,0.07603020500391722,0.32424645402352326,1,1,1,1,1,0,0,0.02,0.01,10,1.0
convex,21,cpp,cpp,4,1,1,connected,0.0002659589808899909,0.0004723100282717496,0.0007382690091617405,40,39,13,"{""adapter_wall_ms"": 0.23924099514260888, ""backend"": ""cpp"", ""bridge_accepted_count"": 13, ""bridge_candidate_count"": 14, ""bridge_candidates_ms"": 0.008146, ""bridge_rejected_collision"": 1, ""bridge_rejected_duplicate"": 0, ""convex_pair_evaluated"": 15, ""convex_pair_rejected_broad_phase"": 0, ""convex_pair_total"": 15, ""graph_assembly_ms"": 0.04433, ""internal_candidates_ms"": 0.003809, ""internal_pair_evaluated"": 0, ""internal_pair_total"": 0, ""obstacle_pair_candidates"": 15, ""obstacle_pair_rejected_broad_phase"": 76, ""obstacle_pair_total"": 91, ""preprocess_ms"": 0.034844, ""threads_used"": 4, ""total_ms"": 0.094721}",0.0011663710174616426,0.07291111999074928,0.31017207200056873,1,1,1,1,1,0,0,0.02,0.01,10,1.0
convex,22,cpp,cpp,4,1,0,disconnected_frontier,0.0002998520212713629,0.000618808000581339,0.0009186600218527019,44,46,16,"{""adapter_wall_ms"": 0.2716519811656326, ""backend"": ""cpp"", ""bridge_accepted_count"": 16, ""bridge_candidate_count"": 16, ""bridge_candidates_ms"": 0.008187, ""bridge_rejected_collision"": 0, ""bridge_rejected_duplicate"": 0, ""convex_pair_evaluated"": 16, ""convex_pair_rejected_broad_phase"": 0, ""convex_pair_total"": 16, ""graph_assembly_ms"": 0.067254, ""internal_candidates_ms"": 0.004184, ""internal_pair_evaluated"": 0, ""internal_pair_total"": 0, ""obstacle_pair_candidates"": 16, ""obstacle_pair_rejected_broad_phase"": 75, ""obstacle_pair_total"": 91, ""preprocess_ms"": 0.034474000000000005, ""threads_used"": 4, ""total_ms"": 0.11893000000000001}",0.0011482940171845257,0.051596149016404524,0.22066206598537974,0,1,0,0,1,0,0,0.02,0.01,10,1.0
convex,23,cpp,cpp,4,1,1,connected,0.0003116180014330894,0.0004205169971100986,0.000732134998543188,42,42,14,"{""adapter_wall_ms"": 0.26628500199876726, ""backend"": ""cpp"", ""bridge_accepted_count"": 14, ""bridge_candidate_count"": 14, ""bridge_candidates_ms"": 0.008147, ""bridge_rejected_collision"": 0, ""bridge_rejected_duplicate"": 0, ""convex_pair_evaluated"": 14, ""convex_pair_rejected_broad_phase"": 0, ""convex_pair_total"": 14, ""graph_assembly_ms"": 0.047434, ""internal_candidates_ms"": 0.004208, ""internal_pair_evaluated"": 0, ""internal_pair_total"": 0, ""obstacle_pair_candidates"": 14, ""obstacle_pair_rejected_broad_phase"": 77, ""obstacle_pair_total"": 91, ""preprocess_ms"": 0.038075, ""threads_used"": 4, ""total_ms"": 0.103048}",0.0011378959752619267,0.08060135200503282,0.31658668199088424,1,1,1,1,1,0,0,0.02,0.01,10,1.0
convex,24,cpp,cpp,4,1,1,connected,0.00029733797418884933,0.0004697330005001277,0.000767070974688977,43,44,15,"{""adapter_wall_ms"": 0.2669979876372963, ""backend"": ""cpp"", ""bridge_accepted_count"": 15, ""bridge_candidate_count"": 15, ""bridge_candidates_ms"": 0.007655, ""bridge_rejected_collision"": 0, ""bridge_rejected_duplicate"": 0, ""convex_pair_evaluated"": 16, ""convex_pair_rejected_broad_phase"": 0, ""convex_pair_total"": 16, ""graph_assembly_ms"": 0.050435, ""internal_candidates_ms"": 0.004354, ""internal_pair_evaluated"": 0, ""internal_pair_total"": 0, ""obstacle_pair_candidates"": 16, ""obstacle_pair_rejected_broad_phase"": 75, ""obstacle_pair_total"": 91, ""preprocess_ms"": 0.036289, ""threads_used"": 4, ""total_ms"": 0.103296}",0.0016022529744077474,0.05078794399742037,0.26856251500430517,1,1,0,1,1,0,0,0.02,0.01,10,1.0
convex,25,cpp,cpp,4,1,1,connected,0.0003467359929345548,0.0008699210011400282,0.001216656994074583,47,50,17,"{""adapter_wall_ms"": 0.31162798404693604, ""backend"": ""cpp"", ""bridge_accepted_count"": 17, ""bridge_candidate_count"": 17, ""bridge_candidates_ms"": 0.009524, ""bridge_rejected_collision"": 0, ""bridge_rejected_duplicate"": 0, ""convex_pair_evaluated"": 17, ""convex_pair_rejected_broad_phase"": 0, ""convex_pair_total"": 17, ""graph_assembly_ms"": 0.059151, ""internal_candidates_ms"": 0.004452, ""internal_pair_evaluated"": 0, ""internal_pair_total"": 0, ""obstacle_pair_candidates"": 17, ""obstacle_pair_rejected_broad_phase"": 74, ""obstacle_pair_total"": 91, ""preprocess_ms"": 0.03876, ""threads_used"": 4, ""total_ms"": 0.116487}",0.0010822039912454784,0.07045006199041381,0.28883743498590775,1,1,1,1,1,0,0,0.02,0.01,10,1.0
convex,26,cpp,cpp,4,1,1,connected,0.0002658329904079437,0.00039822302642278373,0.0006640560168307275,38,36,12,"{""adapter_wall_ms"": 0.2380239893682301, ""backend"": ""cpp"", ""bridge_accepted_count"": 12, ""bridge_candidate_count"": 12, ""bridge_candidates_ms"": 0.006338, ""bridge_rejected_collision"": 0, ""bridge_rejected_duplicate"": 0, ""convex_pair_evaluated"": 13, ""convex_pair_rejected_broad_phase"": 0, ""convex_pair_total"": 13, ""graph_assembly_ms"": 0.04262, ""internal_candidates_ms"": 0.003795, ""internal_pair_evaluated"": 0, ""internal_pair_total"": 0, ""obstacle_pair_candidates"": 13, ""obstacle_pair_rejected_broad_phase"": 78, ""obstacle_pair_total"": 91, ""preprocess_ms"": 0.037396, ""threads_used"": 4, ""total_ms"": 0.094242}",0.0011385880061425269,0.06907447500270791,0.2920610069995746,1,1,1,1,1,0,0,0.02,0.01,10,1.0
convex,27,cpp,cpp,4,1,1,connected,0.00029178199474699795,0.0005682749906554818,0.0008600569854024798,43,44,15,"{""adapter_wall_ms"": 0.26362299104221165, ""backend"": ""cpp"", ""bridge_accepted_count"": 15, ""bridge_candidate_count"": 15, ""bridge_candidates_ms"": 0.008301, ""bridge_rejected_collision"": 0, ""bridge_rejected_duplicate"": 0, ""convex_pair_evaluated"": 16, ""convex_pair_rejected_broad_phase"": 0, ""convex_pair_total"": 16, ""graph_assembly_ms"": 0.048864, ""internal_candidates_ms"": 0.003958, ""internal_pair_evaluated"": 0, ""internal_pair_total"": 0, ""obstacle_pair_candidates"": 16, ""obstacle_pair_rejected_broad_phase"": 75, ""obstacle_pair_total"": 91, ""preprocess_ms"": 0.038048, ""threads_used"": 4, ""total_ms"": 0.103563}",0.0013833149860147387,0.06199390100664459,0.28288311799406074,1,1,1,1,1,0,0,0.02,0.01,10,1.0
convex,28,cpp,cpp,4,1,1,connected,0.000274001999059692,0.00043790601193904877,0.0007119080109987408,41,41,14,"{""adapter_wall_ms"": 0.24818998645059764, ""backend"": ""cpp"", ""bridge_accepted_count"": 14, ""bridge_candidate_count"": 14, ""bridge_candidates_ms"": 0.008498, ""bridge_rejected_collision"": 0, ""bridge_rejected_duplicate"": 0, ""convex_pair_evaluated"": 16, ""convex_pair_rejected_broad_phase"": 0, ""convex_pair_total"": 16, ""graph_assembly_ms"": 0.046709, ""internal_candidates_ms"": 0.003883, ""internal_pair_evaluated"": 0, ""internal_pair_total"": 0, ""obstacle_pair_candidates"": 16, ""obstacle_pair_rejected_broad_phase"": 75, ""obstacle_pair_total"": 91, ""preprocess_ms"": 0.035130999999999996, ""threads_used"": 4, ""total_ms"": 0.09808}",0.001514716976089403,0.0686298169894144,0.3004938109952491,1,1,1,1,1,0,0,0.02,0.01,10,1.0
convex,29,cpp,cpp,4,1,1,connected,0.0002950369962491095,0.0005122190050315112,0.0008072560012806207,43,44,15,"{""adapter_wall_ms"": 0.26174500817433, ""backend"": ""cpp"", ""bridge_accepted_count"": 15, ""bridge_candidate_count"": 15, ""bridge_candidates_ms"": 0.007889, ""bridge_rejected_collision"": 0, ""bridge_rejected_duplicate"": 0, ""convex_pair_evaluated"": 16, ""convex_pair_rejected_broad_phase"": 0, ""convex_pair_total"": 16, ""graph_assembly_ms"": 0.048768, ""internal_candidates_ms"": 0.004421, ""internal_pair_evaluated"": 0, ""internal_pair_total"": 0, ""obstacle_pair_candidates"": 16, ""obstacle_pair_rejected_broad_phase"": 75, ""obstacle_pair_total"": 91, ""preprocess_ms"": 0.03742, ""threads_used"": 4, ""total_ms"": 0.10233099999999999}",0.0011622810270637274,0.07633327398798428,0.29706708498997614,1,1,1,1,1,0,0,0.02,0.01,10,1.0
convex,30,cpp,cpp,4,1,0,disconnected_frontier,0.0002917950041592121,0.00047289900248870254,0.0007646940066479146,44,45,15,"{""adapter_wall_ms"": 0.2646690118126571, ""backend"": ""cpp"", ""bridge_accepted_count"": 15, ""bridge_candidate_count"": 15, ""bridge_candidates_ms"": 0.008433, ""bridge_rejected_collision"": 0, ""bridge_rejected_duplicate"": 0, ""convex_pair_evaluated"": 17, ""convex_pair_rejected_broad_phase"": 0, ""convex_pair_total"": 17, ""graph_assembly_ms"": 0.049255, ""internal_candidates_ms"": 0.003964, ""internal_pair_evaluated"": 0, ""internal_pair_total"": 0, ""obstacle_pair_candidates"": 17, ""obstacle_pair_rejected_broad_phase"": 74, ""obstacle_pair_total"": 91, ""preprocess_ms"": 0.04762, ""threads_used"": 4, ""total_ms"": 0.114261}",0.001098209002520889,0.04743861698079854,0.1947933130140882,0,1,0,0,1,0,0,0.02,0.01,10,1.0
convex,31,cpp,cpp,4,1,1,connected,0.0003573420108295977,0.0005158679850865155,0.0008732099959161133,43,44,15,"{""adapter_wall_ms"": 0.3283400146756321, ""backend"": ""cpp"", ""bridge_accepted_count"": 15, ""bridge_candidate_count"": 15, ""bridge_candidates_ms"": 0.03724, ""bridge_rejected_collision"": 0, ""bridge_rejected_duplicate"": 0, ""convex_pair_evaluated"": 15, ""convex_pair_rejected_broad_phase"": 0, ""convex_pair_total"": 15, ""graph_assembly_ms"": 0.050669, ""internal_candidates_ms"": 0.004408, ""internal_pair_evaluated"": 0, ""internal_pair_total"": 0, ""obstacle_pair_candidates"": 15, ""obstacle_pair_rejected_broad_phase"": 76, ""obstacle_pair_total"": 91, ""preprocess_ms"": 0.046507, ""threads_used"": 4, ""total_ms"": 0.142952}",0.0012276929919607937,0.06741220998810604,0.30415517097571865,1,1,1,1,1,0,0,0.02,0.01,10,1.0
convex,32,cpp,cpp,4,1,1,connected,0.0003153909929096699,0.0004693850059993565,0.0007847759989090264,38,36,12,"{""adapter_wall_ms"": 0.28262598789297044, ""backend"": ""cpp"", ""bridge_accepted_count"": 12, ""bridge_candidate_count"": 12, ""bridge_candidates_ms"": 0.007792, ""bridge_rejected_collision"": 0, ""bridge_rejected_duplicate"": 0, ""convex_pair_evaluated"": 14, ""convex_pair_rejected_broad_phase"": 0, ""convex_pair_total"": 14, ""graph_assembly_ms"": 0.050044, ""internal_candidates_ms"": 0.004497, ""internal_pair_evaluated"": 0, ""internal_pair_total"": 0, ""obstacle_pair_candidates"": 14, ""obstacle_pair_rejected_broad_phase"": 77, ""obstacle_pair_total"": 91, ""preprocess_ms"": 0.057324, ""threads_used"": 4, ""total_ms"": 0.124223}",0.001087331009330228,0.07297227100934833,0.30868388499948196,1,1,1,1,1,0,0,0.02,0.01,10,1.0
convex,33,cpp,cpp,4,1,1,connected,0.000335839984472841,0.0005730460106860846,0.0009088859951589257,38,36,12,"{""adapter_wall_ms"": 0.30345498817041516, ""backend"": ""cpp"", ""bridge_accepted_count"": 12, ""bridge_candidate_count"": 12, ""bridge_candidates_ms"": 0.00815, ""bridge_rejected_collision"": 0, ""bridge_rejected_duplicate"": 0, ""convex_pair_evaluated"": 12, ""convex_pair_rejected_broad_phase"": 0, ""convex_pair_total"": 12, ""graph_assembly_ms"": 0.069386, ""internal_candidates_ms"": 0.004698, ""internal_pair_evaluated"": 0, ""internal_pair_total"": 0, ""obstacle_pair_candidates"": 12, ""obstacle_pair_rejected_broad_phase"": 79, ""obstacle_pair_total"": 91, ""preprocess_ms"": 0.040877, ""threads_used"": 4, ""total_ms"": 0.127223}",0.0012290430022403598,0.06768599999486469,0.29392372898291796,1,1,1,1,1,0,0,0.02,0.01,10,1.0
convex,34,cpp,cpp,4,1,1,connected,0.00027947899070568383,0.0003797390090767294,0.0006592179997824132,40,39,13,"{""adapter_wall_ms"": 0.2510010090190917, ""backend"": ""cpp"", ""bridge_accepted_count"": 13, ""bridge_candidate_count"": 14, ""bridge_candidates_ms"": 0.008639, ""bridge_rejected_collision"": 1, ""bridge_rejected_duplicate"": 0, ""convex_pair_evaluated"": 15, ""convex_pair_rejected_broad_phase"": 0, ""convex_pair_total"": 15, ""graph_assembly_ms"": 0.048123, ""internal_candidates_ms"": 0.003985, ""internal_pair_evaluated"": 0, ""internal_pair_total"": 0, ""obstacle_pair_candidates"": 15, ""obstacle_pair_rejected_broad_phase"": 76, ""obstacle_pair_total"": 91, ""preprocess_ms"": 0.037322, ""threads_used"": 4, ""total_ms"": 0.101911}",0.0012065150076523423,0.06179790597525425,0.2551037289958913,1,1,1,1,1,0,0,0.02,0.01,10,1.0
convex,35,cpp,cpp,4,1,1,connected,0.0004135890048928559,0.0005092780047561973,0.0009228670096490532,38,36,12,"{""adapter_wall_ms"": 0.2503930008970201, ""backend"": ""cpp"", ""bridge_accepted_count"": 12, ""bridge_candidate_count"": 13, ""bridge_candidates_ms"": 0.008089, ""bridge_rejected_collision"": 1, ""bridge_rejected_duplicate"": 0, ""convex_pair_evaluated"": 14, ""convex_pair_rejected_broad_phase"": 0, ""convex_pair_total"": 14, ""graph_assembly_ms"": 0.048269, ""internal_candidates_ms"": 0.004738, ""internal_pair_evaluated"": 0, ""internal_pair_total"": 0, ""obstacle_pair_candidates"": 14, ""obstacle_pair_rejected_broad_phase"": 77, ""obstacle_pair_total"": 91, ""preprocess_ms"": 0.036967, ""threads_used"": 4, ""total_ms"": 0.10211600000000001}",0.0013226800074335188,0.0721618160023354,0.3059231629886199,1,1,1,1,1,0,0,0.02,0.01,10,1.0
convex,36,cpp,cpp,4,1,1,connected,0.00029637699481099844,0.00042877698433585465,0.0007251539791468531,38,36,12,"{""adapter_wall_ms"": 0.26823600637726486, ""backend"": ""cpp"", ""bridge_accepted_count"": 12, ""bridge_candidate_count"": 12, ""bridge_candidates_ms"": 0.008498, ""bridge_rejected_collision"": 0, ""bridge_rejected_duplicate"": 0, ""convex_pair_evaluated"": 14, ""convex_pair_rejected_broad_phase"": 0, ""convex_pair_total"": 14, ""graph_assembly_ms"": 0.04632, ""internal_candidates_ms"": 0.004498, ""internal_pair_evaluated"": 0, ""internal_pair_total"": 0, ""obstacle_pair_candidates"": 14, ""obstacle_pair_rejected_broad_phase"": 77, ""obstacle_pair_total"": 91, ""preprocess_ms"": 0.042376, ""threads_used"": 4, ""total_ms"": 0.10607}",0.001154625992057845,0.06835711700841784,0.2911237880180124,1,1,1,1,1,0,0,0.02,0.01,10,1.0
convex,37,cpp,cpp,4,1,1,connected,0.00031107498216442764,0.0005437300133053213,0.000854804995469749,46,48,16,"{""adapter_wall_ms"": 0.2807769924402237, ""backend"": ""cpp"", ""bridge_accepted_count"": 16, ""bridge_candidate_count"": 17, ""bridge_candidates_ms"": 0.009751, ""bridge_rejected_collision"": 1, ""bridge_rejected_duplicate"": 0, ""convex_pair_evaluated"": 17, ""convex_pair_rejected_broad_phase"": 0, ""convex_pair_total"": 17, ""graph_assembly_ms"": 0.053691, ""internal_candidates_ms"": 0.004468, ""internal_pair_evaluated"": 0, ""internal_pair_total"": 0, ""obstacle_pair_candidates"": 17, ""obstacle_pair_rejected_broad_phase"": 74, ""obstacle_pair_total"": 91, ""preprocess_ms"": 0.038747000000000004, ""threads_used"": 4, ""total_ms"": 0.110995}",0.0012113770062569529,0.06825211699469946,0.30137929902412,1,1,1,1,1,0,0,0.02,0.01,10,1.0
convex,38,cpp,cpp,4,1,1,connected,0.00029079499654471874,0.0006219320057425648,0.0009127270022872835,40,39,13,"{""adapter_wall_ms"": 0.26136700762435794, ""backend"": ""cpp"", ""bridge_accepted_count"": 13, ""bridge_candidate_count"": 13, ""bridge_candidates_ms"": 0.008002, ""bridge_rejected_collision"": 0, ""bridge_rejected_duplicate"": 0, ""convex_pair_evaluated"": 14, ""convex_pair_rejected_broad_phase"": 0, ""convex_pair_total"": 14, ""graph_assembly_ms"": 0.046872, ""internal_candidates_ms"": 0.004256, ""internal_pair_evaluated"": 0, ""internal_pair_total"": 0, ""obstacle_pair_candidates"": 14, ""obstacle_pair_rejected_broad_phase"": 77, ""obstacle_pair_total"": 91, ""preprocess_ms"": 0.039564, ""threads_used"": 4, ""total_ms"": 0.10316099999999999}",0.0011790459975600243,0.07204669999191537,0.29772176599362865,1,1,1,1,1,0,0,0.02,0.01,10,1.0
convex,39,cpp,cpp,4,1,0,disconnected_frontier,0.00027281101210974157,0.000529688986716792,0.0008024999988265336,43,45,16,"{""adapter_wall_ms"": 0.24990798556245863, ""backend"": ""cpp"", ""bridge_accepted_count"": 16, ""bridge_candidate_count"": 16, ""bridge_candidates_ms"": 0.009341, ""bridge_rejected_collision"": 0, ""bridge_rejected_duplicate"": 0, ""convex_pair_evaluated"": 17, ""convex_pair_rejected_broad_phase"": 0, ""convex_pair_total"": 17, ""graph_assembly_ms"": 0.054101, ""internal_candidates_ms"": 0.004306, ""internal_pair_evaluated"": 0, ""internal_pair_total"": 0, ""obstacle_pair_candidates"": 17, ""obstacle_pair_rejected_broad_phase"": 74, ""obstacle_pair_total"": 91, ""preprocess_ms"": 0.034194, ""threads_used"": 4, ""total_ms"": 0.10685299999999999}",0.0012267969723325223,0.018397787993308157,0.06514464400243014,0,1,0,0,1,0,0,0.02,0.01,10,1.0
convex,40,cpp,cpp,4,1,1,connected,0.0003519910096656531,0.0006201829819474369,0.00097217399161309,51,56,19,"{""adapter_wall_ms"": 0.32356599695049226, ""backend"": ""cpp"", ""bridge_accepted_count"": 19, ""bridge_candidate_count"": 19, ""bridge_candidates_ms"": 0.00984, ""bridge_rejected_collision"": 0, ""bridge_rejected_duplicate"": 0, ""convex_pair_evaluated"": 21, ""convex_pair_rejected_broad_phase"": 0, ""convex_pair_total"": 21, ""graph_assembly_ms"": 0.060711, ""internal_candidates_ms"": 0.00429, ""internal_pair_evaluated"": 0, ""internal_pair_total"": 0, ""obstacle_pair_candidates"": 21, ""obstacle_pair_rejected_broad_phase"": 70, ""obstacle_pair_total"": 91, ""preprocess_ms"": 0.039411, ""threads_used"": 4, ""total_ms"": 0.119032}",0.0011721570044755936,0.0580824600183405,0.2541640599956736,1,1,1,1,1,0,0,0.02,0.01,10,1.0
convex,41,cpp,cpp,4,1,0,disconnected_frontier,0.0002976969990413636,0.000533952988917008,0.0008316499879583716,44,45,15,"{""adapter_wall_ms"": 0.271905999397859, ""backend"": ""cpp"", ""bridge_accepted_count"": 15, ""bridge_candidate_count"": 15, ""bridge_candidates_ms"": 0.008618, ""bridge_rejected_collision"": 0, ""bridge_rejected_duplicate"": 0, ""convex_pair_evaluated"": 17, ""convex_pair_rejected_broad_phase"": 0, ""convex_pair_total"": 17, ""graph_assembly_ms"": 0.051065, ""internal_candidates_ms"": 0.003577, ""internal_pair_evaluated"": 0, ""internal_pair_total"": 0, ""obstacle_pair_candidates"": 17, ""obstacle_pair_rejected_broad_phase"": 74, ""obstacle_pair_total"": 91, ""preprocess_ms"": 0.041164, ""threads_used"": 4, ""total_ms"": 0.10830500000000001}",0.0012094310077372938,0.06413551198784262,0.26573979400563985,0,1,0,0,1,0,0,0.02,0.01,10,1.0
convex,42,cpp,cpp,4,1,1,connected,0.0002905759902205318,0.0003940430178772658,0.0006846190080977976,43,44,15,"{""adapter_wall_ms"": 0.2622929750941694, ""backend"": ""cpp"", ""bridge_accepted_count"": 15, ""bridge_candidate_count"": 15, ""bridge_candidates_ms"": 0.007447, ""bridge_rejected_collision"": 0, ""bridge_rejected_duplicate"": 0, ""convex_pair_evaluated"": 15, ""convex_pair_rejected_broad_phase"": 0, ""convex_pair_total"": 15, ""graph_assembly_ms"": 0.050536, ""internal_candidates_ms"": 0.004397, ""internal_pair_evaluated"": 0, ""internal_pair_total"": 0, ""obstacle_pair_candidates"": 15, ""obstacle_pair_rejected_broad_phase"": 76, ""obstacle_pair_total"": 91, ""preprocess_ms"": 0.038283, ""threads_used"": 4, ""total_ms"": 0.104726}",0.0013149929873179644,0.06410264497390017,0.2632044210040476,1,1,1,1,1,0,0,0.02,0.01,10,1.0
convex,43,cpp,cpp,4,1,1,connected,0.0003002180019393563,0.00039042800199240446,0.0006906460039317608,43,44,15,"{""adapter_wall_ms"": 0.2735220186877996, ""backend"": ""cpp"", ""bridge_accepted_count"": 15, ""bridge_candidate_count"": 15, ""bridge_candidates_ms"": 0.011508, ""bridge_rejected_collision"": 0, ""bridge_rejected_duplicate"": 0, ""convex_pair_evaluated"": 20, ""convex_pair_rejected_broad_phase"": 0, ""convex_pair_total"": 20, ""graph_assembly_ms"": 0.05045, ""internal_candidates_ms"": 0.004177, ""internal_pair_evaluated"": 0, ""internal_pair_total"": 0, ""obstacle_pair_candidates"": 20, ""obstacle_pair_rejected_broad_phase"": 71, ""obstacle_pair_total"": 91, ""preprocess_ms"": 0.039255, ""threads_used"": 4, ""total_ms"": 0.1099}",0.0012128349917475134,0.07220241500181146,0.31609358999412507,1,1,1,1,1,0,0,0.02,0.01,10,1.0
convex,44,cpp,cpp,4,1,1,connected,0.0003212930168956518,0.0004538899811450392,0.000775182998040691,48,51,17,"{""adapter_wall_ms"": 0.29403099324554205, ""backend"": ""cpp"", ""bridge_accepted_count"": 17, ""bridge_candidate_count"": 17, ""bridge_candidates_ms"": 0.00939, ""bridge_rejected_collision"": 0, ""bridge_rejected_duplicate"": 0, ""convex_pair_evaluated"": 19, ""convex_pair_rejected_broad_phase"": 0, ""convex_pair_total"": 19, ""graph_assembly_ms"": 0.061591, ""internal_candidates_ms"": 0.004433, ""internal_pair_evaluated"": 0, ""internal_pair_total"": 0, ""obstacle_pair_candidates"": 19, ""obstacle_pair_rejected_broad_phase"": 72, ""obstacle_pair_total"": 91, ""preprocess_ms"": 0.037225999999999995, ""threads_used"": 4, ""total_ms"": 0.117148}",0.0010554020118433982,0.05882571198162623,0.26552859897492453,1,1,1,1,1,0,0,0.02,0.01,10,1.0
convex,45,cpp,cpp,4,1,1,connected,0.0002616560086607933,0.00041957199573516846,0.0006812280043959618,36,33,11,"{""adapter_wall_ms"": 0.23471302120015025, ""backend"": ""cpp"", ""bridge_accepted_count"": 11, ""bridge_candidate_count"": 11, ""bridge_candidates_ms"": 0.006738, ""bridge_rejected_collision"": 0, ""bridge_rejected_duplicate"": 0, ""convex_pair_evaluated"": 12, ""convex_pair_rejected_broad_phase"": 0, ""convex_pair_total"": 12, ""graph_assembly_ms"": 0.040446, ""internal_candidates_ms"": 0.004099, ""internal_pair_evaluated"": 0, ""internal_pair_total"": 0, ""obstacle_pair_candidates"": 12, ""obstacle_pair_rejected_broad_phase"": 79, ""obstacle_pair_total"": 91, ""preprocess_ms"": 0.038643, ""threads_used"": 4, ""total_ms"": 0.094379}",0.001225402986165136,0.07115962999523617,0.2906122230051551,1,1,1,1,1,0,0,0.02,0.01,10,1.0
convex,46,cpp,cpp,4,1,1,connected,0.00033011200139299035,0.0005700459878426045,0.0009001579892355949,43,45,16,"{""adapter_wall_ms"": 0.3024929901584983, ""backend"": ""cpp"", ""bridge_accepted_count"": 16, ""bridge_candidate_count"": 16, ""bridge_candidates_ms"": 0.008941, ""bridge_rejected_collision"": 0, ""bridge_rejected_duplicate"": 0, ""convex_pair_evaluated"": 18, ""convex_pair_rejected_broad_phase"": 0, ""convex_pair_total"": 18, ""graph_assembly_ms"": 0.067759, ""internal_candidates_ms"": 0.00439, ""internal_pair_evaluated"": 0, ""internal_pair_total"": 0, ""obstacle_pair_candidates"": 18, ""obstacle_pair_rejected_broad_phase"": 73, ""obstacle_pair_total"": 91, ""preprocess_ms"": 0.039245, ""threads_used"": 4, ""total_ms"": 0.124859}",0.0011711280094459653,0.05531858399626799,0.24729857401689515,1,1,1,1,1,0,0,0.02,0.01,10,1.0
convex,47,cpp,cpp,4,1,1,connected,0.0003258399956393987,0.00041919900104403496,0.0007450389966834337,45,47,16,"{""adapter_wall_ms"": 0.2973400114569813, ""backend"": ""cpp"", ""bridge_accepted_count"": 16, ""bridge_candidate_count"": 16, ""bridge_candidates_ms"": 0.008306, ""bridge_rejected_collision"": 0, ""bridge_rejected_duplicate"": 0, ""convex_pair_evaluated"": 16, ""convex_pair_rejected_broad_phase"": 0, ""convex_pair_total"": 16, ""graph_assembly_ms"": 0.054466, ""internal_candidates_ms"": 0.004154, ""internal_pair_evaluated"": 0, ""internal_pair_total"": 0, ""obstacle_pair_candidates"": 16, ""obstacle_pair_rejected_broad_phase"": 75, ""obstacle_pair_total"": 91, ""preprocess_ms"": 0.040875999999999996, ""threads_used"": 4, ""total_ms"": 0.112324}",0.0011379730131011456,0.06855509700835682,0.3330222940130625,1,1,1,1,1,0,0,0.02,0.01,10,1.0
convex,48,cpp,cpp,4,1,1,connected,0.0003831009962595999,0.00043509199167601764,0.0008181929879356176,44,46,16,"{""adapter_wall_ms"": 0.3545820072758943, ""backend"": ""cpp"", ""bridge_accepted_count"": 16, ""bridge_candidate_count"": 16, ""bridge_candidates_ms"": 0.008454, ""bridge_rejected_collision"": 0, ""bridge_rejected_duplicate"": 0, ""convex_pair_evaluated"": 16, ""convex_pair_rejected_broad_phase"": 0, ""convex_pair_total"": 16, ""graph_assembly_ms"": 0.11057, ""internal_candidates_ms"": 0.004258, ""internal_pair_evaluated"": 0, ""internal_pair_total"": 0, ""obstacle_pair_candidates"": 16, ""obstacle_pair_rejected_broad_phase"": 75, ""obstacle_pair_total"": 91, ""preprocess_ms"": 0.040831000000000006, ""threads_used"": 4, ""total_ms"": 0.16892700000000002}",0.0010988700087182224,0.07299024899839424,0.3318740740069188,1,1,1,1,1,0,0,0.02,0.01,10,1.0
convex,49,cpp,cpp,4,1,1,connected,0.0003299850213807076,0.0004012419958598912,0.0007312270172405988,45,47,16,"{""adapter_wall_ms"": 0.30135700944811106, ""backend"": ""cpp"", ""bridge_accepted_count"": 16, ""bridge_candidate_count"": 16, ""bridge_candidates_ms"": 0.009004, ""bridge_rejected_collision"": 0, ""bridge_rejected_duplicate"": 0, ""convex_pair_evaluated"": 16, ""convex_pair_rejected_broad_phase"": 0, ""convex_pair_total"": 16, ""graph_assembly_ms"": 0.059676, ""internal_candidates_ms"": 0.004288, ""internal_pair_evaluated"": 0, ""internal_pair_total"": 0, ""obstacle_pair_candidates"": 16, ""obstacle_pair_rejected_broad_phase"": 75, ""obstacle_pair_total"": 91, ""preprocess_ms"": 0.036966, ""threads_used"": 4, ""total_ms"": 0.114067}",0.001277817995287478,0.06903944900841452,0.30955149201327004,1,1,1,1,1,0,0,0.02,0.01,10,1.0
convex,50,cpp,cpp,4,1,1,connected,0.0003187469847034663,0.0005284320213831961,0.0008471790060866624,38,36,12,"{""adapter_wall_ms"": 0.28830100200138986, ""backend"": ""cpp"", ""bridge_accepted_count"": 12, ""bridge_candidate_count"": 12, ""bridge_candidates_ms"": 0.009519, ""bridge_rejected_collision"": 0, ""bridge_rejected_duplicate"": 0, ""convex_pair_evaluated"": 16, ""convex_pair_rejected_broad_phase"": 0, ""convex_pair_total"": 16, ""graph_assembly_ms"": 0.046674, ""internal_candidates_ms"": 0.004317, ""internal_pair_evaluated"": 0, ""internal_pair_total"": 0, ""obstacle_pair_candidates"": 16, ""obstacle_pair_rejected_broad_phase"": 75, ""obstacle_pair_total"": 91, ""preprocess_ms"": 0.043004, ""threads_used"": 4, ""total_ms"": 0.108901}",0.001252495014341548,0.06972739999764599,0.3079215289908461,1,1,1,1,1,0,0,0.02,0.01,10,1.0
convex,51,cpp,cpp,4,1,1,connected,0.0003672419989015907,0.0004821790207643062,0.0008494210196658969,46,49,17,"{""adapter_wall_ms"": 0.3368410107214004, ""backend"": ""cpp"", ""bridge_accepted_count"": 17, ""bridge_candidate_count"": 17, ""bridge_candidates_ms"": 0.010713, ""bridge_rejected_collision"": 0, ""bridge_rejected_duplicate"": 0, ""convex_pair_evaluated"": 20, ""convex_pair_rejected_broad_phase"": 0, ""convex_pair_total"": 20, ""graph_assembly_ms"": 0.070641, ""internal_candidates_ms"": 0.004731, ""internal_pair_evaluated"": 0, ""internal_pair_total"": 0, ""obstacle_pair_candidates"": 20, ""obstacle_pair_rejected_broad_phase"": 71, ""obstacle_pair_total"": 91, ""preprocess_ms"": 0.046162999999999996, ""threads_used"": 4, ""total_ms"": 0.15022}",0.0012202669749967754,0.06458164201467298,0.2894578480045311,1,1,1,1,1,0,0,0.02,0.01,10,1.0
convex,52,cpp,cpp,4,1,1,connected,0.0003483110049273819,0.0006091050163377076,0.0009574160212650895,47,50,17,"{""adapter_wall_ms"": 0.3211130097042769, ""backend"": ""cpp"", ""bridge_accepted_count"": 17, ""bridge_candidate_count"": 18, ""bridge_candidates_ms"": 0.009868, ""bridge_rejected_collision"": 1, ""bridge_rejected_duplicate"": 0, ""convex_pair_evaluated"": 20, ""convex_pair_rejected_broad_phase"": 0, ""convex_pair_total"": 20, ""graph_assembly_ms"": 0.059379, ""internal_candidates_ms"": 0.00438, ""internal_pair_evaluated"": 0, ""internal_pair_total"": 0, ""obstacle_pair_candidates"": 20, ""obstacle_pair_rejected_broad_phase"": 71, ""obstacle_pair_total"": 91, ""preprocess_ms"": 0.041088, ""threads_used"": 4, ""total_ms"": 0.119369}",0.0011779950000345707,0.07229096299852245,0.32188243701239116,1,1,1,1,1,0,0,0.02,0.01,10,1.0
convex,53,cpp,cpp,4,1,1,connected,0.0003021070151589811,0.0005065109871793538,0.0008086180023383349,46,48,16,"{""adapter_wall_ms"": 0.2735910238698125, ""backend"": ""cpp"", ""bridge_accepted_count"": 16, ""bridge_candidate_count"": 16, ""bridge_candidates_ms"": 0.008218, ""bridge_rejected_collision"": 0, ""bridge_rejected_duplicate"": 0, ""convex_pair_evaluated"": 16, ""convex_pair_rejected_broad_phase"": 0, ""convex_pair_total"": 16, ""graph_assembly_ms"": 0.053505, ""internal_candidates_ms"": 0.004051, ""internal_pair_evaluated"": 0, ""internal_pair_total"": 0, ""obstacle_pair_candidates"": 16, ""obstacle_pair_rejected_broad_phase"": 75, ""obstacle_pair_total"": 91, ""preprocess_ms"": 0.035869, ""threads_used"": 4, ""total_ms"": 0.10588}",0.0012109840172342956,0.06871230198885314,0.29690563000622205,1,1,1,1,1,0,0,0.02,0.01,10,1.0
convex,54,cpp,cpp,4,1,1,connected,0.00031483202474191785,0.0006504789926111698,0.0009653110173530877,46,48,16,"{""adapter_wall_ms"": 0.28797000413760543, ""backend"": ""cpp"", ""bridge_accepted_count"": 16, ""bridge_candidate_count"": 16, ""bridge_candidates_ms"": 0.00861, ""bridge_rejected_collision"": 0, ""bridge_rejected_duplicate"": 0, ""convex_pair_evaluated"": 18, ""convex_pair_rejected_broad_phase"": 0, ""convex_pair_total"": 18, ""graph_assembly_ms"": 0.056084, ""internal_candidates_ms"": 0.004526, ""internal_pair_evaluated"": 0, ""internal_pair_total"": 0, ""obstacle_pair_candidates"": 18, ""obstacle_pair_rejected_broad_phase"": 73, ""obstacle_pair_total"": 91, ""preprocess_ms"": 0.040961, ""threads_used"": 4, ""total_ms"": 0.114727}",0.0011216659913770854,0.07124678802210838,0.3071013239969034,1,1,1,1,1,0,0,0.02,0.01,10,1.0
convex,55,cpp,cpp,4,1,1,connected,0.000329677015542984,0.000575800979277119,0.000905477994820103,45,47,16,"{""adapter_wall_ms"": 0.300977990264073, ""backend"": ""cpp"", ""bridge_accepted_count"": 16, ""bridge_candidate_count"": 16, ""bridge_candidates_ms"": 0.009245, ""bridge_rejected_collision"": 0, ""bridge_rejected_duplicate"": 0, ""convex_pair_evaluated"": 19, ""convex_pair_rejected_broad_phase"": 0, ""convex_pair_total"": 19, ""graph_assembly_ms"": 0.052016, ""internal_candidates_ms"": 0.004093, ""internal_pair_evaluated"": 0, ""internal_pair_total"": 0, ""obstacle_pair_candidates"": 19, ""obstacle_pair_rejected_broad_phase"": 72, ""obstacle_pair_total"": 91, ""preprocess_ms"": 0.036662, ""threads_used"": 4, ""total_ms"": 0.106562}",0.0012624490191228688,0.07257259800098836,0.3133831529994495,1,1,1,1,1,0,0,0.02,0.01,10,1.0
convex,56,cpp,cpp,4,1,1,connected,0.0003397410036996007,0.0006433249800466001,0.0009830659837462008,44,46,16,"{""adapter_wall_ms"": 0.3096449945587665, ""backend"": ""cpp"", ""bridge_accepted_count"": 16, ""bridge_candidate_count"": 17, ""bridge_candidates_ms"": 0.009984, ""bridge_rejected_collision"": 1, ""bridge_rejected_duplicate"": 0, ""convex_pair_evaluated"": 20, ""convex_pair_rejected_broad_phase"": 0, ""convex_pair_total"": 20, ""graph_assembly_ms"": 0.064673, ""internal_candidates_ms"": 0.004902, ""internal_pair_evaluated"": 0, ""internal_pair_total"": 0, ""obstacle_pair_candidates"": 20, ""obstacle_pair_rejected_broad_phase"": 71, ""obstacle_pair_total"": 91, ""preprocess_ms"": 0.041624, ""threads_used"": 4, ""total_ms"": 0.126712}",0.0011868839792441577,0.0726215329777915,0.3177733630000148,1,1,1,1,1,0,0,0.02,0.01,10,1.0
convex,57,cpp,cpp,4,1,1,connected,0.0003541430050972849,0.0006641649815719575,0.0010183079866692424,48,51,17,"{""adapter_wall_ms"": 0.326502020470798, ""backend"": ""cpp"", ""bridge_accepted_count"": 17, ""bridge_candidate_count"": 17, ""bridge_candidates_ms"": 0.010272, ""bridge_rejected_collision"": 0, ""bridge_rejected_duplicate"": 0, ""convex_pair_evaluated"": 18, ""convex_pair_rejected_broad_phase"": 0, ""convex_pair_total"": 18, ""graph_assembly_ms"": 0.056835, ""internal_candidates_ms"": 0.004202, ""internal_pair_evaluated"": 0, ""internal_pair_total"": 0, ""obstacle_pair_candidates"": 18, ""obstacle_pair_rejected_broad_phase"": 73, ""obstacle_pair_total"": 91, ""preprocess_ms"": 0.041768, ""threads_used"": 4, ""total_ms"": 0.11766}",0.0013151500024832785,0.05740980300470255,0.24841698000091128,1,1,1,1,1,0,0,0.02,0.01,10,1.0
convex,58,cpp,cpp,4,1,1,connected,0.0003443129826337099,0.0007061040087137371,0.001050416991347447,43,44,15,"{""adapter_wall_ms"": 0.3143159847240895, ""backend"": ""cpp"", ""bridge_accepted_count"": 15, ""bridge_candidate_count"": 15, ""bridge_candidates_ms"": 0.009382, ""bridge_rejected_collision"": 0, ""bridge_rejected_duplicate"": 0, ""convex_pair_evaluated"": 16, ""convex_pair_rejected_broad_phase"": 0, ""convex_pair_total"": 16, ""graph_assembly_ms"": 0.057124, ""internal_candidates_ms"": 0.004784, ""internal_pair_evaluated"": 0, ""internal_pair_total"": 0, ""obstacle_pair_candidates"": 16, ""obstacle_pair_rejected_broad_phase"": 75, ""obstacle_pair_total"": 91, ""preprocess_ms"": 0.050781, ""threads_used"": 4, ""total_ms"": 0.126262}",0.001192174997413531,0.0842385080177337,0.3927191330003552,1,1,1,1,1,0,0,0.02,0.01,10,1.0
convex,59,cpp,cpp,4,1,1,connected,0.00031683698762208223,0.00039330500294454396,0.0007101419905666262,40,39,13,"{""adapter_wall_ms"": 0.2880420070141554, ""backend"": ""cpp"", ""bridge_accepted_count"": 13, ""bridge_candidate_count"": 13, ""bridge_candidates_ms"": 0.009292, ""bridge_rejected_collision"": 0, ""bridge_rejected_duplicate"": 0, ""convex_pair_evaluated"": 17, ""convex_pair_rejected_broad_phase"": 0, ""convex_pair_total"": 17, ""graph_assembly_ms"": 0.047523, ""internal_candidates_ms"": 0.004475, ""internal_pair_evaluated"": 0, ""internal_pair_total"": 0, ""obstacle_pair_candidates"": 17, ""obstacle_pair_rejected_broad_phase"": 74, ""obstacle_pair_total"": 91, ""preprocess_ms"": 0.042934, ""threads_used"": 4, ""total_ms"": 0.10881500000000001}",0.0015621119819115847,0.07565752399386838,0.34496247401693836,1,1,1,1,1,0,0,0.02,0.01,10,1.0
convex,60,cpp,cpp,4,1,1,connected,0.00032436000765301287,0.0005069950129836798,0.0008313550206366926,45,47,16,"{""adapter_wall_ms"": 0.29611701029352844, ""backend"": ""cpp"", ""bridge_accepted_count"": 16, ""bridge_candidate_count"": 16, ""bridge_candidates_ms"": 0.008472, ""bridge_rejected_collision"": 0, ""bridge_rejected_duplicate"": 0, ""convex_pair_evaluated"": 17, ""convex_pair_rejected_broad_phase"": 0, ""convex_pair_total"": 17, ""graph_assembly_ms"": 0.058903, ""internal_candidates_ms"": 0.00482, ""internal_pair_evaluated"": 0, ""internal_pair_total"": 0, ""obstacle_pair_candidates"": 17, ""obstacle_pair_rejected_broad_phase"": 74, ""obstacle_pair_total"": 91, ""preprocess_ms"": 0.03914, ""threads_used"": 4, ""total_ms"": 0.116582}",0.0012930810044053942,0.07260534798842855,0.320765295997262,1,1,1,1,1,0,0,0.02,0.01,10,1.0
convex,61,cpp,cpp,4,1,1,connected,0.00038682602462358773,0.00046017099521122873,0.0008469970198348165,44,46,16,"{""adapter_wall_ms"": 0.3562950005289167, ""backend"": ""cpp"", ""bridge_accepted_count"": 16, ""bridge_candidate_count"": 16, ""bridge_candidates_ms"": 0.00945, ""bridge_rejected_collision"": 0, ""bridge_rejected_duplicate"": 0, ""convex_pair_evaluated"": 17, ""convex_pair_rejected_broad_phase"": 0, ""convex_pair_total"": 17, ""graph_assembly_ms"": 0.056276, ""internal_candidates_ms"": 0.006062, ""internal_pair_evaluated"": 0, ""internal_pair_total"": 0, ""obstacle_pair_candidates"": 17, ""obstacle_pair_rejected_broad_phase"": 74, ""obstacle_pair_total"": 91, ""preprocess_ms"": 0.043254, ""threads_used"": 4, ""total_ms"": 0.119621}",0.0011515860096551478,0.07058033897192217,0.3378469060116913,1,1,1,1,1,0,0,0.02,0.01,10,1.0
convex,62,cpp,cpp,4,1,1,connected,0.00046772000496275723,0.00043811299838125706,0.0009058330033440143,38,36,12,"{""adapter_wall_ms"": 0.44014499871991575, ""backend"": ""cpp"", ""bridge_accepted_count"": 12, ""bridge_candidate_count"": 12, ""bridge_candidates_ms"": 0.007811, ""bridge_rejected_collision"": 0, ""bridge_rejected_duplicate"": 0, ""convex_pair_evaluated"": 14, ""convex_pair_rejected_broad_phase"": 0, ""convex_pair_total"": 14, ""graph_assembly_ms"": 0.123527, ""internal_candidates_ms"": 0.004323, ""internal_pair_evaluated"": 0, ""internal_pair_total"": 0, ""obstacle_pair_candidates"": 14, ""obstacle_pair_rejected_broad_phase"": 77, ""obstacle_pair_total"": 91, ""preprocess_ms"": 0.036995, ""threads_used"": 4, ""total_ms"": 0.177889}",0.0016103569942060858,0.0720595000020694,0.2901841689890716,1,1,1,1,1,0,0,0.02,0.01,10,1.0
convex,63,cpp,cpp,4,1,0,disconnected_frontier,0.0003205139946658164,0.00058207698748447,0.0009025909821502864,46,48,16,"{""adapter_wall_ms"": 0.29346399242058396, ""backend"": ""cpp"", ""bridge_accepted_count"": 16, ""bridge_candidate_count"": 16, ""bridge_candidates_ms"": 0.008839, ""bridge_rejected_collision"": 0, ""bridge_rejected_duplicate"": 0, ""convex_pair_evaluated"": 17, ""convex_pair_rejected_broad_phase"": 0, ""convex_pair_total"": 17, ""graph_assembly_ms"": 0.054893, ""internal_candidates_ms"": 0.004586, ""internal_pair_evaluated"": 0, ""internal_pair_total"": 0, ""obstacle_pair_candidates"": 17, ""obstacle_pair_rejected_broad_phase"": 74, ""obstacle_pair_total"": 91, ""preprocess_ms"": 0.036148, ""threads_used"": 4, ""total_ms"": 0.108723}",0.0012465670006349683,0.06126434000907466,0.2690785209997557,0,1,0,0,1,0,0,0.02,0.01,10,1.0
convex,64,cpp,cpp,4,1,1,connected,0.00028979702619835734,0.0004871759738307446,0.000776973000029102,39,38,13,"{""adapter_wall_ms"": 0.26506499852985144, ""backend"": ""cpp"", ""bridge_accepted_count"": 13, ""bridge_candidate_count"": 13, ""bridge_candidates_ms"": 0.00775, ""bridge_rejected_collision"": 0, ""bridge_rejected_duplicate"": 0, ""convex_pair_evaluated"": 16, ""convex_pair_rejected_broad_phase"": 0, ""convex_pair_total"": 16, ""graph_assembly_ms"": 0.047715, ""internal_candidates_ms"": 0.004325, ""internal_pair_evaluated"": 0, ""internal_pair_total"": 0, ""obstacle_pair_candidates"": 16, ""obstacle_pair_rejected_broad_phase"": 75, ""obstacle_pair_total"": 91, ""preprocess_ms"": 0.0376, ""threads_used"": 4, ""total_ms"": 0.101897}",0.0013333630049601197,0.06883361100335605,0.30060347900143825,1,1,1,1,1,0,0,0.02,0.01,10,1.0
convex,65,cpp,cpp,4,1,1,connected,0.0002875649952329695,0.0005586539919022471,0.0008462189871352166,40,39,13,"{""adapter_wall_ms"": 0.2572700032033026, ""backend"": ""cpp"", ""bridge_accepted_count"": 13, ""bridge_candidate_count"": 13, ""bridge_candidates_ms"": 0.007841, ""bridge_rejected_collision"": 0, ""bridge_rejected_duplicate"": 0, ""convex_pair_evaluated"": 14, ""convex_pair_rejected_broad_phase"": 0, ""convex_pair_total"": 14, ""graph_assembly_ms"": 0.047004, ""internal_candidates_ms"": 0.004669, ""internal_pair_evaluated"": 0, ""internal_pair_total"": 0, ""obstacle_pair_candidates"": 14, ""obstacle_pair_rejected_broad_phase"": 77, ""obstacle_pair_total"": 91, ""preprocess_ms"": 0.036789, ""threads_used"": 4, ""total_ms"": 0.10082100000000001}",0.0012051720113959163,0.07132860500132665,0.3175062790105585,1,1,1,1,1,0,0,0.02,0.01,10,1.0
convex,66,cpp,cpp,4,1,1,connected,0.0002711910055950284,0.0004421439953148365,0.0007133350009098649,38,36,12,"{""adapter_wall_ms"": 0.24392700288444757, ""backend"": ""cpp"", ""bridge_accepted_count"": 12, ""bridge_candidate_count"": 12, ""bridge_candidates_ms"": 0.007305, ""bridge_rejected_collision"": 0, ""bridge_rejected_duplicate"": 0, ""convex_pair_evaluated"": 13, ""convex_pair_rejected_broad_phase"": 0, ""convex_pair_total"": 13, ""graph_assembly_ms"": 0.047018, ""internal_candidates_ms"": 0.004502, ""internal_pair_evaluated"": 0, ""internal_pair_total"": 0, ""obstacle_pair_candidates"": 13, ""obstacle_pair_rejected_broad_phase"": 78, ""obstacle_pair_total"": 91, ""preprocess_ms"": 0.035803, ""threads_used"": 4, ""total_ms"": 0.098}",0.0012033419916406274,0.07133092000731267,0.29587764901225455,1,1,1,1,1,0,0,0.02,0.01,10,1.0
convex,67,cpp,cpp,4,1,1,connected,0.0003368920006323606,0.00043416599510237575,0.0007710579957347363,44,45,15,"{""adapter_wall_ms"": 0.3107080119661987, ""backend"": ""cpp"", ""bridge_accepted_count"": 15, ""bridge_candidate_count"": 15, ""bridge_candidates_ms"": 0.009001, ""bridge_rejected_collision"": 0, ""bridge_rejected_duplicate"": 0, ""convex_pair_evaluated"": 15, ""convex_pair_rejected_broad_phase"": 0, ""convex_pair_total"": 15, ""graph_assembly_ms"": 0.059007, ""internal_candidates_ms"": 0.004502, ""internal_pair_evaluated"": 0, ""internal_pair_total"": 0, ""obstacle_pair_candidates"": 15, ""obstacle_pair_rejected_broad_phase"": 76, ""obstacle_pair_total"": 91, ""preprocess_ms"": 0.042068, ""threads_used"": 4, ""total_ms"": 0.118896}",0.0012474080140236765,0.06775141399702989,0.30551421199925244,1,1,1,1,1,0,0,0.02,0.01,10,1.0
convex,68,cpp,cpp,4,1,1,connected,0.0003428570053074509,0.0007753760146442801,0.001118233019951731,43,44,15,"{""adapter_wall_ms"": 0.3136229934170842, ""backend"": ""cpp"", ""bridge_accepted_count"": 15, ""bridge_candidate_count"": 15, ""bridge_candidates_ms"": 0.008348, ""bridge_rejected_collision"": 0, ""bridge_rejected_duplicate"": 0, ""convex_pair_evaluated"": 17, ""convex_pair_rejected_broad_phase"": 0, ""convex_pair_total"": 17, ""graph_assembly_ms"": 0.056463, ""internal_candidates_ms"": 0.004721, ""internal_pair_evaluated"": 0, ""internal_pair_total"": 0, ""obstacle_pair_candidates"": 17, ""obstacle_pair_rejected_broad_phase"": 74, ""obstacle_pair_total"": 91, ""preprocess_ms"": 0.045770000000000005, ""threads_used"": 4, ""total_ms"": 0.12002}",0.0013038799806963652,0.07096898998133838,0.3015024570049718,1,1,1,1,1,0,0,0.02,0.01,10,1.0
convex,69,cpp,cpp,4,1,1,connected,0.0002962580183520913,0.0006995220028329641,0.0009957800211850554,44,45,15,"{""adapter_wall_ms"": 0.26746498770080507, ""backend"": ""cpp"", ""bridge_accepted_count"": 15, ""bridge_candidate_count"": 15, ""bridge_candidates_ms"": 0.007844, ""bridge_rejected_collision"": 0, ""bridge_rejected_duplicate"": 0, ""convex_pair_evaluated"": 16, ""convex_pair_rejected_broad_phase"": 0, ""convex_pair_total"": 16, ""graph_assembly_ms"": 0.051722, ""internal_candidates_ms"": 0.004433, ""internal_pair_evaluated"": 0, ""internal_pair_total"": 0, ""obstacle_pair_candidates"": 16, ""obstacle_pair_rejected_broad_phase"": 75, ""obstacle_pair_total"": 91, ""preprocess_ms"": 0.038538, ""threads_used"": 4, ""total_ms"": 0.106906}",0.0010385790083091706,0.06325060001108795,0.2846137350134086,1,1,1,1,1,0,0,0.02,0.01,10,1.0
convex,70,cpp,cpp,4,1,1,connected,0.00037916397559456527,0.0006783920107409358,0.001057555986335501,44,45,15,"{""adapter_wall_ms"": 0.3428699856158346, ""backend"": ""cpp"", ""bridge_accepted_count"": 15, ""bridge_candidate_count"": 15, ""bridge_candidates_ms"": 0.008429, ""bridge_rejected_collision"": 0, ""bridge_rejected_duplicate"": 0, ""convex_pair_evaluated"": 15, ""convex_pair_rejected_broad_phase"": 0, ""convex_pair_total"": 15, ""graph_assembly_ms"": 0.058887, ""internal_candidates_ms"": 0.004717, ""internal_pair_evaluated"": 0, ""internal_pair_total"": 0, ""obstacle_pair_candidates"": 15, ""obstacle_pair_rejected_broad_phase"": 76, ""obstacle_pair_total"": 91, ""preprocess_ms"": 0.040009, ""threads_used"": 4, ""total_ms"": 0.120728}",0.0011580900172702968,0.07108753800275736,0.3086514410097152,1,1,1,1,1,0,0,0.02,0.01,10,1.0
convex,71,cpp,cpp,4,1,1,connected,0.00030291901202872396,0.0005294909933581948,0.0008324100053869188,46,48,16,"{""adapter_wall_ms"": 0.27486999169923365, ""backend"": ""cpp"", ""bridge_accepted_count"": 16, ""bridge_candidate_count"": 16, ""bridge_candidates_ms"": 0.009035, ""bridge_rejected_collision"": 0, ""bridge_rejected_duplicate"": 0, ""convex_pair_evaluated"": 20, ""convex_pair_rejected_broad_phase"": 0, ""convex_pair_total"": 20, ""graph_assembly_ms"": 0.055427, ""internal_candidates_ms"": 0.004484, ""internal_pair_evaluated"": 0, ""internal_pair_total"": 0, ""obstacle_pair_candidates"": 20, ""obstacle_pair_rejected_broad_phase"": 71, ""obstacle_pair_total"": 91, ""preprocess_ms"": 0.036534, ""threads_used"": 4, ""total_ms"": 0.110493}",0.0010109510039910674,0.07255418098066002,0.3088389899930917,1,1,1,1,1,0,0,0.02,0.01,10,1.0
convex,72,cpp,cpp,4,1,1,connected,0.00033466500462964177,0.0005045190046075732,0.0008391840092372149,39,38,13,"{""adapter_wall_ms"": 0.3066509962081909, ""backend"": ""cpp"", ""bridge_accepted_count"": 13, ""bridge_candidate_count"": 13, ""bridge_candidates_ms"": 0.008166, ""bridge_rejected_collision"": 0, ""bridge_rejected_duplicate"": 0, ""convex_pair_evaluated"": 14, ""convex_pair_rejected_broad_phase"": 0, ""convex_pair_total"": 14, ""graph_assembly_ms"": 0.075787, ""internal_candidates_ms"": 0.004891, ""internal_pair_evaluated"": 0, ""internal_pair_total"": 0, ""obstacle_pair_candidates"": 14, ""obstacle_pair_rejected_broad_phase"": 77, ""obstacle_pair_total"": 91, ""preprocess_ms"": 0.041062, ""threads_used"": 4, ""total_ms"": 0.134247}",0.001116294995881617,0.06948591099353507,0.3009811049851123,1,1,1,1,1,0,0,0.02,0.01,10,1.0
convex,73,cpp,cpp,4,1,1,connected,0.0003552319831214845,0.0004941160150337964,0.000849347998155281,38,36,12,"{""adapter_wall_ms"": 0.3261920064687729, ""backend"": ""cpp"", ""bridge_accepted_count"": 12, ""bridge_candidate_count"": 12, ""bridge_candidates_ms"": 0.008403, ""bridge_rejected_collision"": 0, ""bridge_rejected_duplicate"": 0, ""convex_pair_evaluated"": 14, ""convex_pair_rejected_broad_phase"": 0, ""convex_pair_total"": 14, ""graph_assembly_ms"": 0.050169, ""internal_candidates_ms"": 0.004391, ""internal_pair_evaluated"": 0, ""internal_pair_total"": 0, ""obstacle_pair_candidates"": 14, ""obstacle_pair_rejected_broad_phase"": 77, ""obstacle_pair_total"": 91, ""preprocess_ms"": 0.044119, ""threads_used"": 4, ""total_ms"": 0.111036}",0.001294443994993344,0.06555126898456365,0.3020800530212,1,1,1,1,1,0,0,0.02,0.01,10,1.0
convex,74,cpp,cpp,4,1,1,connected,0.0004637120000552386,0.000726307014701888,0.0011900190147571266,44,45,15,"{""adapter_wall_ms"": 0.4296209954190999, ""backend"": ""cpp"", ""bridge_accepted_count"": 15, ""bridge_candidate_count"": 15, ""bridge_candidates_ms"": 0.008231, ""bridge_rejected_collision"": 0, ""bridge_rejected_duplicate"": 0, ""convex_pair_evaluated"": 16, ""convex_pair_rejected_broad_phase"": 0, ""convex_pair_total"": 16, ""graph_assembly_ms"": 0.059147, ""internal_candidates_ms"": 0.004766, ""internal_pair_evaluated"": 0, ""internal_pair_total"": 0, ""obstacle_pair_candidates"": 16, ""obstacle_pair_rejected_broad_phase"": 75, ""obstacle_pair_total"": 91, ""preprocess_ms"": 0.04391, ""threads_used"": 4, ""total_ms"": 0.120784}",0.001317044981988147,0.06837162800366059,0.28719758900115266,1,1,1,1,1,0,0,0.02,0.01,10,1.0
convex,75,cpp,cpp,4,1,1,connected,0.0003217170014977455,0.0005292289715725929,0.0008509459730703384,42,42,14,"{""adapter_wall_ms"": 0.2939599798992276, ""backend"": ""cpp"", ""bridge_accepted_count"": 14, ""bridge_candidate_count"": 14, ""bridge_candidates_ms"": 0.008583, ""bridge_rejected_collision"": 0, ""bridge_rejected_duplicate"": 0, ""convex_pair_evaluated"": 15, ""convex_pair_rejected_broad_phase"": 0, ""convex_pair_total"": 15, ""graph_assembly_ms"": 0.054074, ""internal_candidates_ms"": 0.004466, ""internal_pair_evaluated"": 0, ""internal_pair_total"": 0, ""obstacle_pair_candidates"": 15, ""obstacle_pair_rejected_broad_phase"": 76, ""obstacle_pair_total"": 91, ""preprocess_ms"": 0.042135, ""threads_used"": 4, ""total_ms"": 0.11328099999999999}",0.001294334011618048,0.07507427100790665,0.32845564899616875,1,1,1,1,1,0,0,0.02,0.01,10,1.0
convex,76,cpp,cpp,4,1,1,connected,0.00030649101245217025,0.00040484400233253837,0.0007113350147847086,45,47,16,"{""adapter_wall_ms"": 0.2801620285026729, ""backend"": ""cpp"", ""bridge_accepted_count"": 16, ""bridge_candidate_count"": 16, ""bridge_candidates_ms"": 0.009125, ""bridge_rejected_collision"": 0, ""bridge_rejected_duplicate"": 0, ""convex_pair_evaluated"": 17, ""convex_pair_rejected_broad_phase"": 0, ""convex_pair_total"": 17, ""graph_assembly_ms"": 0.055058, ""internal_candidates_ms"": 0.004353, ""internal_pair_evaluated"": 0, ""internal_pair_total"": 0, ""obstacle_pair_candidates"": 17, ""obstacle_pair_rejected_broad_phase"": 74, ""obstacle_pair_total"": 91, ""preprocess_ms"": 0.041266, ""threads_used"": 4, ""total_ms"": 0.115669}",0.0013031670241616666,0.07367303600767627,0.3301758820016403,1,1,1,1,1,0,0,0.02,0.01,10,1.0
convex,77,cpp,cpp,4,1,1,connected,0.0003470779920462519,0.0007335410045925528,0.0010806189966388047,40,39,13,"{""adapter_wall_ms"": 0.3174900193698704, ""backend"": ""cpp"", ""bridge_accepted_count"": 13, ""bridge_candidate_count"": 13, ""bridge_candidates_ms"": 0.007578, ""bridge_rejected_collision"": 0, ""bridge_rejected_duplicate"": 0, ""convex_pair_evaluated"": 14, ""convex_pair_rejected_broad_phase"": 0, ""convex_pair_total"": 14, ""graph_assembly_ms"": 0.086111, ""internal_candidates_ms"": 0.00459, ""internal_pair_evaluated"": 0, ""internal_pair_total"": 0, ""obstacle_pair_candidates"": 14, ""obstacle_pair_rejected_broad_phase"": 77, ""obstacle_pair_total"": 91, ""preprocess_ms"": 0.042947, ""threads_used"": 4, ""total_ms"": 0.145454}",0.0011471890029497445,0.05950952201965265,0.25675727700581774,1,1,1,1,1,0,0,0.02,0.01,10,1.0
convex,78,cpp,cpp,4,1,0,disconnected_frontier,0.0003166169917676598,0.0006108960078563541,0.0009275129996240139,48,52,18,"{""adapter_wall_ms"": 0.28492300771176815, ""backend"": ""cpp"", ""bridge_accepted_count"": 18, ""bridge_candidate_count"": 18, ""bridge_candidates_ms"": 0.022233, ""bridge_rejected_collision"": 0, ""bridge_rejected_duplicate"": 0, ""convex_pair_evaluated"": 20, ""convex_pair_rejected_broad_phase"": 0, ""convex_pair_total"": 20, ""graph_assembly_ms"": 0.063541, ""internal_candidates_ms"": 0.00428, ""internal_pair_evaluated"": 0, ""internal_pair_total"": 0, ""obstacle_pair_candidates"": 20, ""obstacle_pair_rejected_broad_phase"": 71, ""obstacle_pair_total"": 91, ""preprocess_ms"": 0.033420000000000005, ""threads_used"": 4, ""total_ms"": 0.12808999999999998}",0.0011916689982172102,0.028023085003951564,0.10652439299155958,0,1,0,0,1,0,0,0.02,0.01,10,1.0
convex,79,cpp,cpp,4,1,1,connected,0.00029667100170627236,0.00048474999493919313,0.0007814209966454655,46,48,16,"{""adapter_wall_ms"": 0.27058497653342783, ""backend"": ""cpp"", ""bridge_accepted_count"": 16, ""bridge_candidate_count"": 16, ""bridge_candidates_ms"": 0.007939, ""bridge_rejected_collision"": 0, ""bridge_rejected_duplicate"": 0, ""convex_pair_evaluated"": 16, ""convex_pair_rejected_broad_phase"": 0, ""convex_pair_total"": 16, ""graph_assembly_ms"": 0.053365, ""internal_candidates_ms"": 0.004561, ""internal_pair_evaluated"": 0, ""internal_pair_total"": 0, ""obstacle_pair_candidates"": 16, ""obstacle_pair_rejected_broad_phase"": 75, ""obstacle_pair_total"": 91, ""preprocess_ms"": 0.036055000000000004, ""threads_used"": 4, ""total_ms"": 0.10623400000000001}",0.001287874998524785,0.062174588994821534,0.28988028297317214,1,1,1,1,1,0,0,0.02,0.01,10,1.0
convex,80,cpp,cpp,4,1,1,connected,0.0003435100079514086,0.00043846399057656527,0.0007819739985279739,40,39,13,"{""adapter_wall_ms"": 0.31174102332443, ""backend"": ""cpp"", ""bridge_accepted_count"": 13, ""bridge_candidate_count"": 13, ""bridge_candidates_ms"": 0.008885, ""bridge_rejected_collision"": 0, ""bridge_rejected_duplicate"": 0, ""convex_pair_evaluated"": 17, ""convex_pair_rejected_broad_phase"": 0, ""convex_pair_total"": 17, ""graph_assembly_ms"": 0.05448, ""internal_candidates_ms"": 0.004796, ""internal_pair_evaluated"": 0, ""internal_pair_total"": 0, ""obstacle_pair_candidates"": 17, ""obstacle_pair_rejected_broad_phase"": 74, ""obstacle_pair_total"": 91, ""preprocess_ms"": 0.04525, ""threads_used"": 4, ""total_ms"": 0.118842}",0.001246912986971438,0.06311911798547953,0.2827772830205504,1,1,1,1,1,0,0,0.02,0.01,10,1.0
convex,81,cpp,cpp,4,1,1,connected,0.0003264809784013778,0.0003805770247709006,0.0007070580031722784,38,37,13,"{""adapter_wall_ms"": 0.29751102556474507, ""backend"": ""cpp"", ""bridge_accepted_count"": 13, ""bridge_candidate_count"": 13, ""bridge_candidates_ms"": 0.008546, ""bridge_rejected_collision"": 0, ""bridge_rejected_duplicate"": 0, ""convex_pair_evaluated"": 14, ""convex_pair_rejected_broad_phase"": 0, ""convex_pair_total"": 14, ""graph_assembly_ms"": 0.055194, ""internal_candidates_ms"": 0.004441, ""internal_pair_evaluated"": 0, ""internal_pair_total"": 0, ""obstacle_pair_candidates"": 14, ""obstacle_pair_rejected_broad_phase"": 77, ""obstacle_pair_total"": 91, ""preprocess_ms"": 0.041508, ""threads_used"": 4, ""total_ms"": 0.11437}",0.0013171769969630986,0.06485535699175671,0.2949985529994592,1,1,1,1,1,0,0,0.02,0.01,10,1.0
convex,82,cpp,cpp,4,1,0,disconnected_frontier,0.00031027899240143597,0.0004418920143507421,0.0007521710067521781,40,39,13,"{""adapter_wall_ms"": 0.2888689923565835, ""backend"": ""cpp"", ""bridge_accepted_count"": 13, ""bridge_candidate_count"": 13, ""bridge_candidates_ms"": 0.007242, ""bridge_rejected_collision"": 0, ""bridge_rejected_duplicate"": 0, ""convex_pair_evaluated"": 14, ""convex_pair_rejected_broad_phase"": 0, ""convex_pair_total"": 14, ""graph_assembly_ms"": 0.063284, ""internal_candidates_ms"": 0.003967, ""internal_pair_evaluated"": 0, ""internal_pair_total"": 0, ""obstacle_pair_candidates"": 14, ""obstacle_pair_rejected_broad_phase"": 77, ""obstacle_pair_total"": 91, ""preprocess_ms"": 0.058616, ""threads_used"": 4, ""total_ms"": 0.137551}",0.0011151520011480898,0.026978691021213308,0.09298829498584382,0,1,0,0,1,0,0,0.02,0.01,10,1.0
convex,83,cpp,cpp,4,1,1,connected,0.00029985999572090805,0.0006029049982316792,0.0009027649939525872,44,46,16,"{""adapter_wall_ms"": 0.2727599930949509, ""backend"": ""cpp"", ""bridge_accepted_count"": 16, ""bridge_candidate_count"": 17, ""bridge_candidates_ms"": 0.009204, ""bridge_rejected_collision"": 1, ""bridge_rejected_duplicate"": 0, ""convex_pair_evaluated"": 18, ""convex_pair_rejected_broad_phase"": 0, ""convex_pair_total"": 18, ""graph_assembly_ms"": 0.057215, ""internal_candidates_ms"": 0.004213, ""internal_pair_evaluated"": 0, ""internal_pair_total"": 0, ""obstacle_pair_candidates"": 18, ""obstacle_pair_rejected_broad_phase"": 73, ""obstacle_pair_total"": 91, ""preprocess_ms"": 0.036146, ""threads_used"": 4, ""total_ms"": 0.11125299999999999}",0.0011399810027796775,0.05829548399196938,0.22932511501130648,1,1,1,1,1,0,0,0.02,0.01,10,1.0
convex,84,cpp,cpp,4,1,1,connected,0.0002986009931191802,0.0004291940131224692,0.0007277950062416494,41,41,14,"{""adapter_wall_ms"": 0.27238199254497886, ""backend"": ""cpp"", ""bridge_accepted_count"": 14, ""bridge_candidate_count"": 15, ""bridge_candidates_ms"": 0.008563, ""bridge_rejected_collision"": 1, ""bridge_rejected_duplicate"": 0, ""convex_pair_evaluated"": 17, ""convex_pair_rejected_broad_phase"": 0, ""convex_pair_total"": 17, ""graph_assembly_ms"": 0.051922, ""internal_candidates_ms"": 0.004667, ""internal_pair_evaluated"": 0, ""internal_pair_total"": 0, ""obstacle_pair_candidates"": 17, ""obstacle_pair_rejected_broad_phase"": 74, ""obstacle_pair_total"": 91, ""preprocess_ms"": 0.039741, ""threads_used"": 4, ""total_ms"": 0.110722}",0.001113781996537,0.0704847669985611,0.3195711809967179,1,1,1,1,1,0,0,0.02,0.01,10,1.0
convex,85,cpp,cpp,4,1,1,connected,0.00031117399339564145,0.00038559301174245775,0.0006967670051380992,42,43,15,"{""adapter_wall_ms"": 0.28485298389568925, ""backend"": ""cpp"", ""bridge_accepted_count"": 15, ""bridge_candidate_count"": 15, ""bridge_candidates_ms"": 0.008669, ""bridge_rejected_collision"": 0, ""bridge_rejected_duplicate"": 0, ""convex_pair_evaluated"": 18, ""convex_pair_rejected_broad_phase"": 0, ""convex_pair_total"": 18, ""graph_assembly_ms"": 0.0551, ""internal_candidates_ms"": 0.003999, ""internal_pair_evaluated"": 0, ""internal_pair_total"": 0, ""obstacle_pair_candidates"": 18, ""obstacle_pair_rejected_broad_phase"": 73, ""obstacle_pair_total"": 91, ""preprocess_ms"": 0.036858, ""threads_used"": 4, ""total_ms"": 0.108734}",0.0010948689887300134,0.08334440900944173,0.29858453100314364,1,1,1,1,1,0,0,0.02,0.01,10,1.0
convex,86,cpp,cpp,4,1,1,connected,0.0003102900227531791,0.0003851410001516342,0.0006954310229048133,42,42,14,"{""adapter_wall_ms"": 0.28211099561303854, ""backend"": ""cpp"", ""bridge_accepted_count"": 14, ""bridge_candidate_count"": 14, ""bridge_candidates_ms"": 0.008073, ""bridge_rejected_collision"": 0, ""bridge_rejected_duplicate"": 0, ""convex_pair_evaluated"": 14, ""convex_pair_rejected_broad_phase"": 0, ""convex_pair_total"": 14, ""graph_assembly_ms"": 0.065034, ""internal_candidates_ms"": 0.003864, ""internal_pair_evaluated"": 0, ""internal_pair_total"": 0, ""obstacle_pair_candidates"": 14, ""obstacle_pair_rejected_broad_phase"": 77, ""obstacle_pair_total"": 91, ""preprocess_ms"": 0.040595, ""threads_used"": 4, ""total_ms"": 0.121452}",0.0011357379844412208,0.07053654702031054,0.3078686149965506,1,1,1,1,1,0,0,0.02,0.01,10,1.0
convex,87,cpp,cpp,4,1,1,connected,0.00028190200100652874,0.00035370301338844,0.0006356050143949687,38,36,12,"{""adapter_wall_ms"": 0.25196201750077307, ""backend"": ""cpp"", ""bridge_accepted_count"": 12, ""bridge_candidate_count"": 12, ""bridge_candidates_ms"": 0.008461, ""bridge_rejected_collision"": 0, ""bridge_rejected_duplicate"": 0, ""convex_pair_evaluated"": 15, ""convex_pair_rejected_broad_phase"": 0, ""convex_pair_total"": 15, ""graph_assembly_ms"": 0.048742, ""internal_candidates_ms"": 0.004456, ""internal_pair_evaluated"": 0, ""internal_pair_total"": 0, ""obstacle_pair_candidates"": 15, ""obstacle_pair_rejected_broad_phase"": 76, ""obstacle_pair_total"": 91, ""preprocess_ms"": 0.037142, ""threads_used"": 4, ""total_ms"": 0.102848}",0.0012272449966985732,0.0687893099966459,0.30773574599879794,1,1,1,1,1,0,0,0.02,0.01,10,1.0
convex,88,cpp,cpp,4,1,0,disconnected_frontier,0.00032317297882400453,0.0006495190027635545,0.000972691981587559,42,42,14,"{""adapter_wall_ms"": 0.2671330003067851, ""backend"": ""cpp"", ""bridge_accepted_count"": 14, ""bridge_candidate_count"": 14, ""bridge_candidates_ms"": 0.00842, ""bridge_rejected_collision"": 0, ""bridge_rejected_duplicate"": 0, ""convex_pair_evaluated"": 16, ""convex_pair_rejected_broad_phase"": 0, ""convex_pair_total"": 16, ""graph_assembly_ms"": 0.050514, ""internal_candidates_ms"": 0.004042, ""internal_pair_evaluated"": 0, ""internal_pair_total"": 0, ""obstacle_pair_candidates"": 16, ""obstacle_pair_rejected_broad_phase"": 75, ""obstacle_pair_total"": 91, ""preprocess_ms"": 0.038246, ""threads_used"": 4, ""total_ms"": 0.105172}",0.0012195119925308973,0.06358675900264643,0.2627143159916159,0,1,0,0,1,0,0,0.02,0.01,10,1.0
convex,89,cpp,cpp,4,1,0,disconnected_frontier,0.00030045301537029445,0.0005272369890008122,0.0008276900043711066,45,47,16,"{""adapter_wall_ms"": 0.2719300100579858, ""backend"": ""cpp"", ""bridge_accepted_count"": 16, ""bridge_candidate_count"": 16, ""bridge_candidates_ms"": 0.008206, ""bridge_rejected_collision"": 0, ""bridge_rejected_duplicate"": 0, ""convex_pair_evaluated"": 17, ""convex_pair_rejected_broad_phase"": 0, ""convex_pair_total"": 17, ""graph_assembly_ms"": 0.05659, ""internal_candidates_ms"": 0.004303, ""internal_pair_evaluated"": 0, ""internal_pair_total"": 0, ""obstacle_pair_candidates"": 17, ""obstacle_pair_rejected_broad_phase"": 74, ""obstacle_pair_total"": 91, ""preprocess_ms"": 0.035699999999999996, ""threads_used"": 4, ""total_ms"": 0.109192}",0.001134415011620149,0.0625533889979124,0.27777491899905726,0,1,0,0,1,0,0,0.02,0.01,10,1.0
convex,90,cpp,cpp,4,1,1,connected,0.0002785880060400814,0.00045534700620919466,0.000733935012249276,40,39,13,"{""adapter_wall_ms"": 0.2520220004953444, ""backend"": ""cpp"", ""bridge_accepted_count"": 13, ""bridge_candidate_count"": 13, ""bridge_candidates_ms"": 0.00802, ""bridge_rejected_collision"": 0, ""bridge_rejected_duplicate"": 0, ""convex_pair_evaluated"": 14, ""convex_pair_rejected_broad_phase"": 0, ""convex_pair_total"": 14, ""graph_assembly_ms"": 0.049925, ""internal_candidates_ms"": 0.004348, ""internal_pair_evaluated"": 0, ""internal_pair_total"": 0, ""obstacle_pair_candidates"": 14, ""obstacle_pair_rejected_broad_phase"": 77, ""obstacle_pair_total"": 91, ""preprocess_ms"": 0.036673, ""threads_used"": 4, ""total_ms"": 0.102932}",0.0010469550034031272,0.07911724099540152,0.33533795998664573,1,1,1,1,1,0,0,0.02,0.01,10,1.0
convex,91,cpp,cpp,4,1,0,disconnected_frontier,0.00034491298720240593,0.0008273740240838379,0.0011722870112862438,48,51,17,"{""adapter_wall_ms"": 0.3148239920847118, ""backend"": ""cpp"", ""bridge_accepted_count"": 17, ""bridge_candidate_count"": 17, ""bridge_candidates_ms"": 0.009644, ""bridge_rejected_collision"": 0, ""bridge_rejected_duplicate"": 0, ""convex_pair_evaluated"": 17, ""convex_pair_rejected_broad_phase"": 0, ""convex_pair_total"": 17, ""graph_assembly_ms"": 0.065932, ""internal_candidates_ms"": 0.004279, ""internal_pair_evaluated"": 0, ""internal_pair_total"": 0, ""obstacle_pair_candidates"": 17, ""obstacle_pair_rejected_broad_phase"": 74, ""obstacle_pair_total"": 91, ""preprocess_ms"": 0.040948, ""threads_used"": 4, ""total_ms"": 0.12613000000000002}",0.0010598789958748966,0.06469012500019744,0.2797000620048493,0,1,0,0,1,0,0,0.02,0.01,10,1.0
convex,92,cpp,cpp,4,1,1,connected,0.0003142000059597194,0.0006953959818929434,0.0010095959878526628,48,51,17,"{""adapter_wall_ms"": 0.28607199783436954, ""backend"": ""cpp"", ""bridge_accepted_count"": 17, ""bridge_candidate_count"": 17, ""bridge_candidates_ms"": 0.008844, ""bridge_rejected_collision"": 0, ""bridge_rejected_duplicate"": 0, ""convex_pair_evaluated"": 19, ""convex_pair_rejected_broad_phase"": 0, ""convex_pair_total"": 19, ""graph_assembly_ms"": 0.058744, ""internal_candidates_ms"": 0.004558, ""internal_pair_evaluated"": 0, ""internal_pair_total"": 0, ""obstacle_pair_candidates"": 19, ""obstacle_pair_rejected_broad_phase"": 72, ""obstacle_pair_total"": 91, ""preprocess_ms"": 0.037647, ""threads_used"": 4, ""total_ms"": 0.114291}",0.001295869005843997,0.07339720500749536,0.3142949700122699,1,1,1,1,1,0,0,0.02,0.01,10,1.0
convex,93,cpp,cpp,4,1,1,connected,0.0003262649988755584,0.0006644729874096811,0.0009907379862852395,40,39,13,"{""adapter_wall_ms"": 0.2988599881064147, ""backend"": ""cpp"", ""bridge_accepted_count"": 13, ""bridge_candidate_count"": 13, ""bridge_candidates_ms"": 0.007452, ""bridge_rejected_collision"": 0, ""bridge_rejected_duplicate"": 0, ""convex_pair_evaluated"": 13, ""convex_pair_rejected_broad_phase"": 0, ""convex_pair_total"": 13, ""graph_assembly_ms"": 0.062755, ""internal_candidates_ms"": 0.004008, ""internal_pair_evaluated"": 0, ""internal_pair_total"": 0, ""obstacle_pair_candidates"": 13, ""obstacle_pair_rejected_broad_phase"": 78, ""obstacle_pair_total"": 91, ""preprocess_ms"": 0.036336, ""threads_used"": 4, ""total_ms"": 0.115191}",0.0012804410071112216,0.06729590002214536,0.2737100610102061,1,1,1,1,1,0,0,0.02,0.01,10,1.0
convex,94,cpp,cpp,4,1,1,connected,0.0003006629995070398,0.00047684399760328233,0.0007775069971103221,40,39,13,"{""adapter_wall_ms"": 0.272917008260265, ""backend"": ""cpp"", ""bridge_accepted_count"": 13, ""bridge_candidate_count"": 13, ""bridge_candidates_ms"": 0.007679, ""bridge_rejected_collision"": 0, ""bridge_rejected_duplicate"": 0, ""convex_pair_evaluated"": 14, ""convex_pair_rejected_broad_phase"": 0, ""convex_pair_total"": 14, ""graph_assembly_ms"": 0.056992, ""internal_candidates_ms"": 0.004491, ""internal_pair_evaluated"": 0, ""internal_pair_total"": 0, ""obstacle_pair_candidates"": 14, ""obstacle_pair_rejected_broad_phase"": 77, ""obstacle_pair_total"": 91, ""preprocess_ms"": 0.039644, ""threads_used"": 4, ""total_ms"": 0.112792}",0.0012873460073024035,0.06638285299413837,0.2909327020170167,1,1,1,1,1,0,0,0.02,0.01,10,1.0
convex,95,cpp,cpp,4,1,1,connected,0.0002934560179710388,0.0005155589897185564,0.0008090150076895952,40,39,13,"{""adapter_wall_ms"": 0.26341399643570185, ""backend"": ""cpp"", ""bridge_accepted_count"": 13, ""bridge_candidate_count"": 13, ""bridge_candidates_ms"": 0.007741, ""bridge_rejected_collision"": 0, ""bridge_rejected_duplicate"": 0, ""convex_pair_evaluated"": 14, ""convex_pair_rejected_broad_phase"": 0, ""convex_pair_total"": 14, ""graph_assembly_ms"": 0.050092, ""internal_candidates_ms"": 0.004778, ""internal_pair_evaluated"": 0, ""internal_pair_total"": 0, ""obstacle_pair_candidates"": 14, ""obstacle_pair_rejected_broad_phase"": 77, ""obstacle_pair_total"": 91, ""preprocess_ms"": 0.036958, ""threads_used"": 4, ""total_ms"": 0.103719}",0.0013753969979006797,0.06914083502488211,0.29725765602779575,1,1,1,1,1,0,0,0.02,0.01,10,1.0
convex,96,cpp,cpp,4,1,1,connected,0.0002712039859034121,0.00034830899676308036,0.0006195129826664925,38,36,12,"{""adapter_wall_ms"": 0.24475701502524316, ""backend"": ""cpp"", ""bridge_accepted_count"": 12, ""bridge_candidate_count"": 12, ""bridge_candidates_ms"": 0.007451, ""bridge_rejected_collision"": 0, ""bridge_rejected_duplicate"": 0, ""convex_pair_evaluated"": 14, ""convex_pair_rejected_broad_phase"": 0, ""convex_pair_total"": 14, ""graph_assembly_ms"": 0.047604, ""internal_candidates_ms"": 0.004528, ""internal_pair_evaluated"": 0, ""internal_pair_total"": 0, ""obstacle_pair_candidates"": 14, ""obstacle_pair_rejected_broad_phase"": 77, ""obstacle_pair_total"": 91, ""preprocess_ms"": 0.038553000000000004, ""threads_used"": 4, ""total_ms"": 0.102269}",0.0013536910119000822,0.06697280099615455,0.270965781994164,1,1,1,1,1,0,0,0.02,0.01,10,1.0
convex,97,cpp,cpp,4,1,1,connected,0.0003812449867837131,0.00042045701411552727,0.0008017020008992404,42,42,14,"{""adapter_wall_ms"": 0.35223999293521047, ""backend"": ""cpp"", ""bridge_accepted_count"": 14, ""bridge_candidate_count"": 14, ""bridge_candidates_ms"": 0.00835, ""bridge_rejected_collision"": 0, ""bridge_rejected_duplicate"": 0, ""convex_pair_evaluated"": 14, ""convex_pair_rejected_broad_phase"": 0, ""convex_pair_total"": 14, ""graph_assembly_ms"": 0.05533, ""internal_candidates_ms"": 0.004763, ""internal_pair_evaluated"": 0, ""internal_pair_total"": 0, ""obstacle_pair_candidates"": 14, ""obstacle_pair_rejected_broad_phase"": 77, ""obstacle_pair_total"": 91, ""preprocess_ms"": 0.05293, ""threads_used"": 4, ""total_ms"": 0.125113}",0.001065366988768801,0.0647708720061928,0.3042435719980858,1,1,1,1,1,0,0,0.02,0.01,10,1.0
convex,98,cpp,cpp,4,1,1,connected,0.00040445997728966177,0.0006736240175087005,0.0010780839947983623,52,57,19,"{""adapter_wall_ms"": 0.3757659869734198, ""backend"": ""cpp"", ""bridge_accepted_count"": 19, ""bridge_candidate_count"": 19, ""bridge_candidates_ms"": 0.022406, ""bridge_rejected_collision"": 0, ""bridge_rejected_duplicate"": 0, ""convex_pair_evaluated"": 20, ""convex_pair_rejected_broad_phase"": 0, ""convex_pair_total"": 20, ""graph_assembly_ms"": 0.071143, ""internal_candidates_ms"": 0.004432, ""internal_pair_evaluated"": 0, ""internal_pair_total"": 0, ""obstacle_pair_candidates"": 20, ""obstacle_pair_rejected_broad_phase"": 71, ""obstacle_pair_total"": 91, ""preprocess_ms"": 0.039969000000000005, ""threads_used"": 4, ""total_ms"": 0.14206}",0.0013449949910864234,0.06564870898728259,0.28307102000690065,1,1,1,1,1,0,0,0.02,0.01,10,1.0
convex,99,cpp,cpp,4,1,0,disconnected_frontier,0.00029085599817335606,0.000553789985133335,0.000844645983306691,45,47,16,"{""adapter_wall_ms"": 0.26345899095758796, ""backend"": ""cpp"", ""bridge_accepted_count"": 16, ""bridge_candidate_count"": 16, ""bridge_candidates_ms"": 0.008925, ""bridge_rejected_collision"": 0, ""bridge_rejected_duplicate"": 0, ""convex_pair_evaluated"": 17, ""convex_pair_rejected_broad_phase"": 0, ""convex_pair_total"": 17, ""graph_assembly_ms"": 0.057272, ""internal_candidates_ms"": 0.004444, ""internal_pair_evaluated"": 0, ""internal_pair_total"": 0, ""obstacle_pair_candidates"": 17, ""obstacle_pair_rejected_broad_phase"": 74, ""obstacle_pair_total"": 91, ""preprocess_ms"": 0.035774, ""threads_used"": 4, ""total_ms"": 0.110596}",0.001097382017178461,0.034473768988391384,0.13140431299689226,0,1,0,0,1,0,0,0.02,0.01,10,1.0
nonconvex,0,cpp,cpp,4,1,1,connected,0.0004640560073312372,0.000878497987287119,0.0013425539946183562,82,93,25,"{""adapter_wall_ms"": 0.4358610021881759, ""backend"": ""cpp"", ""bridge_accepted_count"": 25, ""bridge_candidate_count"": 31, ""bridge_candidates_ms"": 0.011481, ""bridge_rejected_collision"": 6, ""bridge_rejected_duplicate"": 0, ""convex_pair_evaluated"": 39, ""convex_pair_rejected_broad_phase"": 21, ""convex_pair_total"": 60, ""graph_assembly_ms"": 0.077, ""internal_candidates_ms"": 0.034588, ""internal_pair_evaluated"": 10, ""internal_pair_total"": 10, ""obstacle_pair_candidates"": 20, ""obstacle_pair_rejected_broad_phase"": 71, ""obstacle_pair_total"": 91, ""preprocess_ms"": 0.051719, ""threads_used"": 4, ""total_ms"": 0.180623}",0.0014268719824030995,0.04282260700711049,0.17631673597497866,1,1,1,1,1,0,0,0.02,0.01,10,1.0
nonconvex,1,cpp,cpp,4,1,0,disconnected_frontier,0.0008743739745113999,0.0016256190137937665,0.0024999929883051664,79,88,23,"{""adapter_wall_ms"": 0.8450869936496019, ""backend"": ""cpp"", ""bridge_accepted_count"": 23, ""bridge_candidate_count"": 27, ""bridge_candidates_ms"": 0.012956, ""bridge_rejected_collision"": 4, ""bridge_rejected_duplicate"": 0, ""convex_pair_evaluated"": 36, ""convex_pair_rejected_broad_phase"": 22, ""convex_pair_total"": 58, ""graph_assembly_ms"": 0.103877, ""internal_candidates_ms"": 0.043775, ""internal_pair_evaluated"": 10, ""internal_pair_total"": 10, ""obstacle_pair_candidates"": 20, ""obstacle_pair_rejected_broad_phase"": 71, ""obstacle_pair_total"": 91, ""preprocess_ms"": 0.052918999999999994, ""threads_used"": 4, ""total_ms"": 0.219575}",0.0014096710074227303,0.026006154977949336,0.09867149402271025,0,1,0,0,1,0,0,0.02,0.01,10,1.0
nonconvex,2,cpp,cpp,4,1,1,connected,0.000430785003118217,0.0009615299932193011,0.001392314996337518,84,97,27,"{""adapter_wall_ms"": 0.403471989557147, ""backend"": ""cpp"", ""bridge_accepted_count"": 27, ""bridge_candidate_count"": 33, ""bridge_candidates_ms"": 0.01011, ""bridge_rejected_collision"": 6, ""bridge_rejected_duplicate"": 0, ""convex_pair_evaluated"": 37, ""convex_pair_rejected_broad_phase"": 15, ""convex_pair_total"": 52, ""graph_assembly_ms"": 0.078417, ""internal_candidates_ms"": 0.03251, ""internal_pair_evaluated"": 10, ""internal_pair_total"": 10, ""obstacle_pair_candidates"": 20, ""obstacle_pair_rejected_broad_phase"": 71, ""obstacle_pair_total"": 91, ""preprocess_ms"": 0.043779, ""threads_used"": 4, ""total_ms"": 0.16945400000000002}",0.002201084018452093,0.06374311799299903,0.25035649599158205,1,1,1,1,1,0,0,0.02,0.01,10,1.0
nonconvex,3,cpp,cpp,4,1,0,disconnected_frontier,0.0005122470029164106,0.0008660999883431941,0.0013783469912596047,87,103,29,"{""adapter_wall_ms"": 0.4822229966521263, ""backend"": ""cpp"", ""bridge_accepted_count"": 29, ""bridge_candidate_count"": 37, ""bridge_candidates_ms"": 0.011663, ""bridge_rejected_collision"": 8, ""bridge_rejected_duplicate"": 0, ""convex_pair_evaluated"": 41, ""convex_pair_rejected_broad_phase"": 15, ""convex_pair_total"": 56, ""graph_assembly_ms"": 0.085379, ""internal_candidates_ms"": 0.035535, ""internal_pair_evaluated"": 10, ""internal_pair_total"": 10, ""obstacle_pair_candidates"": 19, ""obstacle_pair_rejected_broad_phase"": 72, ""obstacle_pair_total"": 91, ""preprocess_ms"": 0.058724, ""threads_used"": 4, ""total_ms"": 0.196404}",0.0015139009919948876,0.05726599399349652,0.2503195460012648,0,1,0,0,1,0,0,0.02,0.01,10,1.0
nonconvex,4,cpp,cpp,4,1,1,connected,0.0004109339788556099,0.0008956590027082711,0.001306592981563881,75,82,21,"{""adapter_wall_ms"": 0.38215398672036827, ""backend"": ""cpp"", ""bridge_accepted_count"": 21, ""bridge_candidate_count"": 29, ""bridge_candidates_ms"": 0.010025, ""bridge_rejected_collision"": 8, ""bridge_rejected_duplicate"": 0, ""convex_pair_evaluated"": 32, ""convex_pair_rejected_broad_phase"": 16, ""convex_pair_total"": 48, ""graph_assembly_ms"": 0.079851, ""internal_candidates_ms"": 0.034782, ""internal_pair_evaluated"": 10, ""internal_pair_total"": 10, ""obstacle_pair_candidates"": 18, ""obstacle_pair_rejected_broad_phase"": 73, ""obstacle_pair_total"": 91, ""preprocess_ms"": 0.050737000000000004, ""threads_used"": 4, ""total_ms"": 0.179685}",0.0014237549912650138,0.05209501800709404,0.21517517400206998,1,1,1,1,1,0,0,0.02,0.01,10,1.0
nonconvex,5,cpp,cpp,4,1,1,connected,0.0004424980143085122,0.0009335239883512259,0.001376022002659738,77,85,22,"{""adapter_wall_ms"": 0.4145319981034845, ""backend"": ""cpp"", ""bridge_accepted_count"": 22, ""bridge_candidate_count"": 29, ""bridge_candidates_ms"": 0.012063, ""bridge_rejected_collision"": 7, ""bridge_rejected_duplicate"": 0, ""convex_pair_evaluated"": 41, ""convex_pair_rejected_broad_phase"": 25, ""convex_pair_total"": 66, ""graph_assembly_ms"": 0.072614, ""internal_candidates_ms"": 0.044759, ""internal_pair_evaluated"": 10, ""internal_pair_total"": 10, ""obstacle_pair_candidates"": 22, ""obstacle_pair_rejected_broad_phase"": 69, ""obstacle_pair_total"": 91, ""preprocess_ms"": 0.044885, ""threads_used"": 4, ""total_ms"": 0.179836}",0.0015655159950256348,0.05775086101493798,0.25881093699717894,1,1,1,1,1,0,0,0.02,0.01,10,1.0
nonconvex,6,cpp,cpp,4,1,0,disconnected_frontier,0.0004423949867486954,0.0007738390122540295,0.0012162339990027249,82,95,26,"{""adapter_wall_ms"": 0.41338198934681714, ""backend"": ""cpp"", ""bridge_accepted_count"": 26, ""bridge_candidate_count"": 31, ""bridge_candidates_ms"": 0.011328, ""bridge_rejected_collision"": 5, ""bridge_rejected_duplicate"": 0, ""convex_pair_evaluated"": 39, ""convex_pair_rejected_broad_phase"": 15, ""convex_pair_total"": 54, ""graph_assembly_ms"": 0.085282, ""internal_candidates_ms"": 0.035014, ""internal_pair_evaluated"": 10, ""internal_pair_total"": 10, ""obstacle_pair_candidates"": 19, ""obstacle_pair_rejected_broad_phase"": 72, ""obstacle_pair_total"": 91, ""preprocess_ms"": 0.045884, ""threads_used"": 4, ""total_ms"": 0.182919}",0.0013823409972246736,0.03697558099520393,0.14987994599505328,0,1,0,0,1,0,0,0.02,0.01,10,1.0
nonconvex,7,cpp,cpp,4,1,1,connected,0.0004207929887343198,0.0008740290068089962,0.001294821995543316,80,90,24,"{""adapter_wall_ms"": 0.39071799255907536, ""backend"": ""cpp"", ""bridge_accepted_count"": 24, ""bridge_candidate_count"": 33, ""bridge_candidates_ms"": 0.009463, ""bridge_rejected_collision"": 9, ""bridge_rejected_duplicate"": 0, ""convex_pair_evaluated"": 36, ""convex_pair_rejected_broad_phase"": 12, ""convex_pair_total"": 48, ""graph_assembly_ms"": 0.075129, ""internal_candidates_ms"": 0.03302, ""internal_pair_evaluated"": 10, ""internal_pair_total"": 10, ""obstacle_pair_candidates"": 16, ""obstacle_pair_rejected_broad_phase"": 75, ""obstacle_pair_total"": 91, ""preprocess_ms"": 0.046943, ""threads_used"": 4, ""total_ms"": 0.16906300000000002}",0.0013515929749701172,0.04994318401440978,0.19529016999877058,1,1,1,1,1,0,0,0.02,0.01,10,1.0
nonconvex,8,cpp,cpp,4,1,0,disconnected_frontier,0.00046310198376886547,0.0007583640108350664,0.001221465994603932,87,102,28,"{""adapter_wall_ms"": 0.4360299790278077, ""backend"": ""cpp"", ""bridge_accepted_count"": 28, ""bridge_candidate_count"": 43, ""bridge_candidates_ms"": 0.014536, ""bridge_rejected_collision"": 15, ""bridge_rejected_duplicate"": 0, ""convex_pair_evaluated"": 53, ""convex_pair_rejected_broad_phase"": 23, ""convex_pair_total"": 76, ""graph_assembly_ms"": 0.087736, ""internal_candidates_ms"": 0.033132, ""internal_pair_evaluated"": 10, ""internal_pair_total"": 10, ""obstacle_pair_candidates"": 23, ""obstacle_pair_rejected_broad_phase"": 68, ""obstacle_pair_total"": 91, ""preprocess_ms"": 0.044255, ""threads_used"": 4, ""total_ms"": 0.185969}",0.0012527689978014678,0.040301133994944394,0.16154125798493624,0,1,0,0,1,0,0,0.02,0.01,10,1.0
nonconvex,9,cpp,cpp,4,1,1,connected,0.00045831300667487085,0.0008881039975676686,0.0013464170042425394,87,105,30,"{""adapter_wall_ms"": 0.4302540037315339, ""backend"": ""cpp"", ""bridge_accepted_count"": 30, ""bridge_candidate_count"": 40, ""bridge_candidates_ms"": 0.011656, ""bridge_rejected_collision"": 10, ""bridge_rejected_duplicate"": 0, ""convex_pair_evaluated"": 47, ""convex_pair_rejected_broad_phase"": 13, ""convex_pair_total"": 60, ""graph_assembly_ms"": 0.090197, ""internal_candidates_ms"": 0.034385, ""internal_pair_evaluated"": 10, ""internal_pair_total"": 10, ""obstacle_pair_candidates"": 20, ""obstacle_pair_rejected_broad_phase"": 71, ""obstacle_pair_total"": 91, ""preprocess_ms"": 0.042678999999999995, ""threads_used"": 4, ""total_ms"": 0.183997}",0.0014912709884811193,0.05872913499479182,0.24621335600386374,1,1,1,1,1,0,0,0.02,0.01,10,1.0
nonconvex,10,cpp,cpp,4,1,1,connected,0.0005986719916108996,0.0007445540104527026,0.0013432260020636022,82,95,26,"{""adapter_wall_ms"": 0.5666920042131096, ""backend"": ""cpp"", ""bridge_accepted_count"": 26, ""bridge_candidate_count"": 32, ""bridge_candidates_ms"": 0.013978, ""bridge_rejected_collision"": 6, ""bridge_rejected_duplicate"": 0, ""convex_pair_evaluated"": 36, ""convex_pair_rejected_broad_phase"": 20, ""convex_pair_total"": 56, ""graph_assembly_ms"": 0.137619, ""internal_candidates_ms"": 0.062771, ""internal_pair_evaluated"": 10, ""internal_pair_total"": 10, ""obstacle_pair_candidates"": 19, ""obstacle_pair_rejected_broad_phase"": 72, ""obstacle_pair_total"": 91, ""preprocess_ms"": 0.06334300000000001, ""threads_used"": 4, ""total_ms"": 0.28376599999999996}",0.0015635380113963038,0.0601468849927187,0.2158629949844908,1,1,1,1,1,0,0,0.02,0.01,10,1.0
nonconvex,11,cpp,cpp,4,1,1,connected,0.0004595660138875246,0.0007961039955262095,0.001255670009413734,86,100,28,"{""adapter_wall_ms"": 0.43134798761457205, ""backend"": ""cpp"", ""bridge_accepted_count"": 28, ""bridge_candidate_count"": 36, ""bridge_candidates_ms"": 0.011367, ""bridge_rejected_collision"": 8, ""bridge_rejected_duplicate"": 0, ""convex_pair_evaluated"": 41, ""convex_pair_rejected_broad_phase"": 17, ""convex_pair_total"": 58, ""graph_assembly_ms"": 0.08219, ""internal_candidates_ms"": 0.033339, ""internal_pair_evaluated"": 10, ""internal_pair_total"": 10, ""obstacle_pair_candidates"": 20, ""obstacle_pair_rejected_broad_phase"": 71, ""obstacle_pair_total"": 91, ""preprocess_ms"": 0.047768, ""threads_used"": 4, ""total_ms"": 0.17971700000000002}",0.0013634120114147663,0.06251893800799735,0.2478431829949841,1,1,1,1,1,0,0,0.02,0.01,10,1.0
nonconvex,12,cpp,cpp,4,1,1,connected,0.0004622599808499217,0.0009108240192290395,0.0013730840000789613,92,112,32,"{""adapter_wall_ms"": 0.4342809843365103, ""backend"": ""cpp"", ""bridge_accepted_count"": 32, ""bridge_candidate_count"": 42, ""bridge_candidates_ms"": 0.012118, ""bridge_rejected_collision"": 10, ""bridge_rejected_duplicate"": 0, ""convex_pair_evaluated"": 49, ""convex_pair_rejected_broad_phase"": 11, ""convex_pair_total"": 60, ""graph_assembly_ms"": 0.091416, ""internal_candidates_ms"": 0.033319, ""internal_pair_evaluated"": 10, ""internal_pair_total"": 10, ""obstacle_pair_candidates"": 22, ""obstacle_pair_rejected_broad_phase"": 69, ""obstacle_pair_total"": 91, ""preprocess_ms"": 0.044989, ""threads_used"": 4, ""total_ms"": 0.186178}",0.0013804670015815645,0.059595119004370645,0.2489136889926158,1,1,1,1,1,0,0,0.02,0.01,10,1.0
nonconvex,13,cpp,cpp,4,1,0,disconnected_frontier,0.00046500100870616734,0.0007565659761894494,0.0012215669848956168,90,105,29,"{""adapter_wall_ms"": 0.4356789868324995, ""backend"": ""cpp"", ""bridge_accepted_count"": 29, ""bridge_candidate_count"": 37, ""bridge_candidates_ms"": 0.014476, ""bridge_rejected_collision"": 8, ""bridge_rejected_duplicate"": 0, ""convex_pair_evaluated"": 47, ""convex_pair_rejected_broad_phase"": 25, ""convex_pair_total"": 72, ""graph_assembly_ms"": 0.090447, ""internal_candidates_ms"": 0.032878, ""internal_pair_evaluated"": 10, ""internal_pair_total"": 10, ""obstacle_pair_candidates"": 24, ""obstacle_pair_rejected_broad_phase"": 67, ""obstacle_pair_total"": 91, ""preprocess_ms"": 0.048350000000000004, ""threads_used"": 4, ""total_ms"": 0.191621}",0.0013782079913653433,0.027162162004970014,0.1022065109864343,0,1,0,0,1,0,0,0.02,0.01,10,1.0
nonconvex,14,cpp,cpp,4,1,1,connected,0.0005554500094149262,0.000831086013931781,0.0013865360233467072,85,99,27,"{""adapter_wall_ms"": 0.5212149990256876, ""backend"": ""cpp"", ""bridge_accepted_count"": 27, ""bridge_candidate_count"": 34, ""bridge_candidates_ms"": 0.023641, ""bridge_rejected_collision"": 7, ""bridge_rejected_duplicate"": 0, ""convex_pair_evaluated"": 36, ""convex_pair_rejected_broad_phase"": 18, ""convex_pair_total"": 54, ""graph_assembly_ms"": 0.086891, ""internal_candidates_ms"": 0.033208, ""internal_pair_evaluated"": 10, ""internal_pair_total"": 10, ""obstacle_pair_candidates"": 19, ""obstacle_pair_rejected_broad_phase"": 72, ""obstacle_pair_total"": 91, ""preprocess_ms"": 0.078723, ""threads_used"": 4, ""total_ms"": 0.227432}",0.0013907130050938576,0.05067574098939076,0.2206206429982558,1,1,1,1,1,0,0,0.02,0.01,10,1.0
nonconvex,15,cpp,cpp,4,1,1,connected,0.000445546000264585,0.0006373549986165017,0.0010829009988810867,86,100,28,"{""adapter_wall_ms"": 0.4191549960523844, ""backend"": ""cpp"", ""bridge_accepted_count"": 28, ""bridge_candidate_count"": 34, ""bridge_candidates_ms"": 0.011432, ""bridge_rejected_collision"": 6, ""bridge_rejected_duplicate"": 0, ""convex_pair_evaluated"": 41, ""convex_pair_rejected_broad_phase"": 15, ""convex_pair_total"": 56, ""graph_assembly_ms"": 0.084204, ""internal_candidates_ms"": 0.033919, ""internal_pair_evaluated"": 10, ""internal_pair_total"": 10, ""obstacle_pair_candidates"": 20, ""obstacle_pair_rejected_broad_phase"": 71, ""obstacle_pair_total"": 91, ""preprocess_ms"": 0.044397, ""threads_used"": 4, ""total_ms"": 0.178943}",0.0014725229993928224,0.04702551799709909,0.1942965509952046,1,1,1,1,1,0,0,0.02,0.01,10,1.0
nonconvex,16,cpp,cpp,4,1,1,connected,0.00040602099034003913,0.0007864650106057525,0.0011924860009457916,77,87,24,"{""adapter_wall_ms"": 0.3788479953072965, ""backend"": ""cpp"", ""bridge_accepted_count"": 24, ""bridge_candidate_count"": 28, ""bridge_candidates_ms"": 0.00936, ""bridge_rejected_collision"": 4, ""bridge_rejected_duplicate"": 0, ""convex_pair_evaluated"": 34, ""convex_pair_rejected_broad_phase"": 22, ""convex_pair_total"": 56, ""graph_assembly_ms"": 0.070767, ""internal_candidates_ms"": 0.032263, ""internal_pair_evaluated"": 10, ""internal_pair_total"": 10, ""obstacle_pair_candidates"": 18, ""obstacle_pair_rejected_broad_phase"": 73, ""obstacle_pair_total"": 91, ""preprocess_ms"": 0.0432, ""threads_used"": 4, ""total_ms"": 0.160612}",0.0016858890012372285,0.054482265986735,0.23804858498624526,1,1,1,1,1,0,0,0.02,0.01,10,1.0
nonconvex,17,cpp,cpp,4,1,0,disconnected_frontier,0.0005751599965151399,0.0007672210049349815,0.0013423810014501214,84,99,28,"{""adapter_wall_ms"": 0.5466919974423945, ""backend"": ""cpp"", ""bridge_accepted_count"": 28, ""bridge_candidate_count"": 40, ""bridge_candidates_ms"": 0.021363, ""bridge_rejected_collision"": 12, ""bridge_rejected_duplicate"": 0, ""convex_pair_evaluated"": 50, ""convex_pair_rejected_broad_phase"": 14, ""convex_pair_total"": 64, ""graph_assembly_ms"": 0.106464, ""internal_candidates_ms"": 0.041516, ""internal_pair_evaluated"": 10, ""internal_pair_total"": 10, ""obstacle_pair_candidates"": 20, ""obstacle_pair_rejected_broad_phase"": 71, ""obstacle_pair_total"": 91, ""preprocess_ms"": 0.119137, ""threads_used"": 4, ""total_ms"": 0.29489}",0.001200881990371272,0.035814178991131485,0.15141738299280405,0,1,0,0,1,0,0,0.02,0.01,10,1.0
nonconvex,18,cpp,cpp,4,1,1,connected,0.00045821600360795856,0.0008899010135792196,0.0013481170171871781,81,92,25,"{""adapter_wall_ms"": 0.4281330038793385, ""backend"": ""cpp"", ""bridge_accepted_count"": 25, ""bridge_candidate_count"": 28, ""bridge_candidates_ms"": 0.01016, ""bridge_rejected_collision"": 3, ""bridge_rejected_duplicate"": 0, ""convex_pair_evaluated"": 33, ""convex_pair_rejected_broad_phase"": 17, ""convex_pair_total"": 50, ""graph_assembly_ms"": 0.078492, ""internal_candidates_ms"": 0.034583, ""internal_pair_evaluated"": 10, ""internal_pair_total"": 10, ""obstacle_pair_candidates"": 18, ""obstacle_pair_rejected_broad_phase"": 73, ""obstacle_pair_total"": 91, ""preprocess_ms"": 0.047148999999999996, ""threads_used"": 4, ""total_ms"": 0.175293}",0.0015740820090286434,0.05307782601448707,0.2077198599872645,1,1,1,1,1,0,0,0.02,0.01,10,1.0
nonconvex,19,cpp,cpp,4,1,1,connected,0.0004054450255353004,0.0008676099823787808,0.0012730550079140812,76,85,22,"{""adapter_wall_ms"": 0.376493000658229, ""backend"": ""cpp"", ""bridge_accepted_count"": 22, ""bridge_candidate_count"": 27, ""bridge_candidates_ms"": 0.009072, ""bridge_rejected_collision"": 5, ""bridge_rejected_duplicate"": 0, ""convex_pair_evaluated"": 31, ""convex_pair_rejected_broad_phase"": 13, ""convex_pair_total"": 44, ""graph_assembly_ms"": 0.079868, ""internal_candidates_ms"": 0.031338, ""internal_pair_evaluated"": 10, ""internal_pair_total"": 10, ""obstacle_pair_candidates"": 17, ""obstacle_pair_rejected_broad_phase"": 74, ""obstacle_pair_total"": 91, ""preprocess_ms"": 0.042326, ""threads_used"": 4, ""total_ms"": 0.167485}",0.0014179120189510286,0.05372965999413282,0.2159023100102786,1,1,1,1,1,0,0,0.02,0.01,10,1.0
nonconvex,20,cpp,cpp,4,1,1,connected,0.0005410420126281679,0.000923593994230032,0.0014646360068581998,85,97,26,"{""adapter_wall_ms"": 0.5129289929755032, ""backend"": ""cpp"", ""bridge_accepted_count"": 26, ""bridge_candidate_count"": 31, ""bridge_candidates_ms"": 0.010216, ""bridge_rejected_collision"": 5, ""bridge_rejected_duplicate"": 0, ""convex_pair_evaluated"": 32, ""convex_pair_rejected_broad_phase"": 12, ""convex_pair_total"": 44, ""graph_assembly_ms"": 0.094935, ""internal_candidates_ms"": 0.063901, ""internal_pair_evaluated"": 10, ""internal_pair_total"": 10, ""obstacle_pair_candidates"": 17, ""obstacle_pair_rejected_broad_phase"": 74, ""obstacle_pair_total"": 91, ""preprocess_ms"": 0.048185, ""threads_used"": 4, ""total_ms"": 0.221874}",0.0015949200023896992,0.056959440000355244,0.25211739298538305,1,1,1,1,1,0,0,0.02,0.01,10,1.0
nonconvex,21,cpp,cpp,4,1,1,connected,0.0004470169951673597,0.0010140410158783197,0.0014610580110456795,86,102,29,"{""adapter_wall_ms"": 0.4185840080026537, ""backend"": ""cpp"", ""bridge_accepted_count"": 29, ""bridge_candidate_count"": 34, ""bridge_candidates_ms"": 0.010734, ""bridge_rejected_collision"": 5, ""bridge_rejected_duplicate"": 0, ""convex_pair_evaluated"": 38, ""convex_pair_rejected_broad_phase"": 14, ""convex_pair_total"": 52, ""graph_assembly_ms"": 0.085537, ""internal_candidates_ms"": 0.031344, ""internal_pair_evaluated"": 10, ""internal_pair_total"": 10, ""obstacle_pair_candidates"": 19, ""obstacle_pair_rejected_broad_phase"": 72, ""obstacle_pair_total"": 91, ""preprocess_ms"": 0.041846, ""threads_used"": 4, ""total_ms"": 0.174223}",0.0013708420156035572,0.06379381698206998,0.27771462200325914,1,1,1,1,1,0,0,0.02,0.01,10,1.0
nonconvex,22,cpp,cpp,4,1,0,disconnected_frontier,0.0005037380033172667,0.0009217819897457957,0.0014255199930630624,80,93,26,"{""adapter_wall_ms"": 0.4747869970742613, ""backend"": ""cpp"", ""bridge_accepted_count"": 26, ""bridge_candidate_count"": 35, ""bridge_candidates_ms"": 0.011011, ""bridge_rejected_collision"": 9, ""bridge_rejected_duplicate"": 0, ""convex_pair_evaluated"": 41, ""convex_pair_rejected_broad_phase"": 17, ""convex_pair_total"": 58, ""graph_assembly_ms"": 0.102765, ""internal_candidates_ms"": 0.040792, ""internal_pair_evaluated"": 10, ""internal_pair_total"": 10, ""obstacle_pair_candidates"": 19, ""obstacle_pair_rejected_broad_phase"": 72, ""obstacle_pair_total"": 91, ""preprocess_ms"": 0.064875, ""threads_used"": 4, ""total_ms"": 0.224156}",0.001338399015367031,0.04764378198888153,0.19252988902735524,0,1,0,0,1,0,0,0.02,0.01,10,1.0
nonconvex,23,cpp,cpp,4,1,1,connected,0.0004600160173140466,0.0009487989882472903,0.0014088150055613369,83,96,26,"{""adapter_wall_ms"": 0.4305010079406202, ""backend"": ""cpp"", ""bridge_accepted_count"": 26, ""bridge_candidate_count"": 31, ""bridge_candidates_ms"": 0.010821, ""bridge_rejected_collision"": 5, ""bridge_rejected_duplicate"": 0, ""convex_pair_evaluated"": 37, ""convex_pair_rejected_broad_phase"": 11, ""convex_pair_total"": 48, ""graph_assembly_ms"": 0.082067, ""internal_candidates_ms"": 0.034663, ""internal_pair_evaluated"": 10, ""internal_pair_total"": 10, ""obstacle_pair_candidates"": 18, ""obstacle_pair_rejected_broad_phase"": 73, ""obstacle_pair_total"": 91, ""preprocess_ms"": 0.046421000000000004, ""threads_used"": 4, ""total_ms"": 0.178513}",0.0014304579817689955,0.06172276398865506,0.2669535079912748,1,1,1,1,1,0,0,0.02,0.01,10,1.0
nonconvex,24,cpp,cpp,4,1,0,disconnected_frontier,0.0004683789738919586,0.0007970670121721923,0.001265445986064151,88,103,29,"{""adapter_wall_ms"": 0.4391859984025359, ""backend"": ""cpp"", ""bridge_accepted_count"": 29, ""bridge_candidate_count"": 33, ""bridge_candidates_ms"": 0.013099, ""bridge_rejected_collision"": 4, ""bridge_rejected_duplicate"": 0, ""convex_pair_evaluated"": 44, ""convex_pair_rejected_broad_phase"": 20, ""convex_pair_total"": 64, ""graph_assembly_ms"": 0.093721, ""internal_candidates_ms"": 0.035094, ""internal_pair_evaluated"": 10, ""internal_pair_total"": 10, ""obstacle_pair_candidates"": 21, ""obstacle_pair_rejected_broad_phase"": 70, ""obstacle_pair_total"": 91, ""preprocess_ms"": 0.044809, ""threads_used"": 4, ""total_ms"": 0.192873}",0.001477843994507566,0.03487041898188181,0.13404124899534509,0,1,0,0,1,0,0,0.02,0.01,10,1.0
nonconvex,25,cpp,cpp,4,1,1,connected,0.00051071000052616,0.0009936430142261088,0.0015043530147522688,91,112,33,"{""adapter_wall_ms"": 0.48368400894105434, ""backend"": ""cpp"", ""bridge_accepted_count"": 33, ""bridge_candidate_count"": 43, ""bridge_candidates_ms"": 0.013043, ""bridge_rejected_collision"": 10, ""bridge_rejected_duplicate"": 0, ""convex_pair_evaluated"": 52, ""convex_pair_rejected_broad_phase"": 10, ""convex_pair_total"": 62, ""graph_assembly_ms"": 0.111498, ""internal_candidates_ms"": 0.034458, ""internal_pair_evaluated"": 10, ""internal_pair_total"": 10, ""obstacle_pair_candidates"": 21, ""obstacle_pair_rejected_broad_phase"": 70, ""obstacle_pair_total"": 91, ""preprocess_ms"": 0.05522, ""threads_used"": 4, ""total_ms"": 0.219554}",0.0012833850050810724,0.05119267100235447,0.20476909799617715,1,1,1,1,1,0,0,0.02,0.01,10,1.0
nonconvex,26,cpp,cpp,4,1,1,connected,0.0005359129863791168,0.0007086580153554678,0.0012445710017345846,74,82,22,"{""adapter_wall_ms"": 0.5082360003143549, ""backend"": ""cpp"", ""bridge_accepted_count"": 22, ""bridge_candidate_count"": 26, ""bridge_candidates_ms"": 0.008119, ""bridge_rejected_collision"": 4, ""bridge_rejected_duplicate"": 0, ""convex_pair_evaluated"": 29, ""convex_pair_rejected_broad_phase"": 11, ""convex_pair_total"": 40, ""graph_assembly_ms"": 0.082962, ""internal_candidates_ms"": 0.033021, ""internal_pair_evaluated"": 10, ""internal_pair_total"": 10, ""obstacle_pair_candidates"": 15, ""obstacle_pair_rejected_broad_phase"": 76, ""obstacle_pair_total"": 91, ""preprocess_ms"": 0.044473, ""threads_used"": 4, ""total_ms"": 0.172782}",0.001629320002393797,0.05965011101216078,0.227117542992346,1,1,1,1,1,0,0,0.02,0.01,10,1.0
nonconvex,27,cpp,cpp,4,1,1,connected,0.0004602429980877787,0.000926584005355835,0.0013868270034436136,85,100,28,"{""adapter_wall_ms"": 0.4322860040701926, ""backend"": ""cpp"", ""bridge_accepted_count"": 28, ""bridge_candidate_count"": 32, ""bridge_candidates_ms"": 0.010512, ""bridge_rejected_collision"": 4, ""bridge_rejected_duplicate"": 0, ""convex_pair_evaluated"": 34, ""convex_pair_rejected_broad_phase"": 20, ""convex_pair_total"": 54, ""graph_assembly_ms"": 0.08511, ""internal_candidates_ms"": 0.031629, ""internal_pair_evaluated"": 10, ""internal_pair_total"": 10, ""obstacle_pair_candidates"": 19, ""obstacle_pair_rejected_broad_phase"": 72, ""obstacle_pair_total"": 91, ""preprocess_ms"": 0.045014, ""threads_used"": 4, ""total_ms"": 0.19361799999999998}",0.001497302990173921,0.05438277599751018,0.21749367300071754,1,1,1,1,1,0,0,0.02,0.01,10,1.0
nonconvex,28,cpp,cpp,4,1,1,connected,0.0004648239992093295,0.0006423660088330507,0.0011071900080423802,84,96,26,"{""adapter_wall_ms"": 0.435791997006163, ""backend"": ""cpp"", ""bridge_accepted_count"": 26, ""bridge_candidate_count"": 34, ""bridge_candidates_ms"": 0.01155, ""bridge_rejected_collision"": 8, ""bridge_rejected_duplicate"": 0, ""convex_pair_evaluated"": 37, ""convex_pair_rejected_broad_phase"": 19, ""convex_pair_total"": 56, ""graph_assembly_ms"": 0.083754, ""internal_candidates_ms"": 0.045725, ""internal_pair_evaluated"": 10, ""internal_pair_total"": 10, ""obstacle_pair_candidates"": 21, ""obstacle_pair_rejected_broad_phase"": 70, ""obstacle_pair_total"": 91, ""preprocess_ms"": 0.046268000000000004, ""threads_used"": 4, ""total_ms"": 0.192706}",0.001693403988610953,0.060183153982507065,0.26078000001143664,1,1,1,1,1,0,0,0.02,0.01,10,1.0
nonconvex,29,cpp,cpp,4,1,0,disconnected_frontier,0.0004805859935004264,0.0007741909939795732,0.0012547769874799997,89,108,31,"{""adapter_wall_ms"": 0.4528079880401492, ""backend"": ""cpp"", ""bridge_accepted_count"": 31, ""bridge_candidate_count"": 36, ""bridge_candidates_ms"": 0.011471, ""bridge_rejected_collision"": 5, ""bridge_rejected_duplicate"": 0, ""convex_pair_evaluated"": 40, ""convex_pair_rejected_broad_phase"": 16, ""convex_pair_total"": 56, ""graph_assembly_ms"": 0.095961, ""internal_candidates_ms"": 0.032612, ""internal_pair_evaluated"": 10, ""internal_pair_total"": 10, ""obstacle_pair_candidates"": 20, ""obstacle_pair_rejected_broad_phase"": 71, ""obstacle_pair_total"": 91, ""preprocess_ms"": 0.041604, ""threads_used"": 4, ""total_ms"": 0.18657100000000001}",0.0015059469733387232,0.03781411700765602,0.15501403700909577,0,1,0,0,1,0,0,0.02,0.01,10,1.0
nonconvex,30,cpp,cpp,4,1,0,disconnected_frontier,0.00046048100921325386,0.0007552960014436394,0.0012157770106568933,79,90,24,"{""adapter_wall_ms"": 0.4319209838286042, ""backend"": ""cpp"", ""bridge_accepted_count"": 24, ""bridge_candidate_count"": 29, ""bridge_candidates_ms"": 0.010466, ""bridge_rejected_collision"": 5, ""bridge_rejected_duplicate"": 0, ""convex_pair_evaluated"": 38, ""convex_pair_rejected_broad_phase"": 22, ""convex_pair_total"": 60, ""graph_assembly_ms"": 0.071997, ""internal_candidates_ms"": 0.041056, ""internal_pair_evaluated"": 10, ""internal_pair_total"": 10, ""obstacle_pair_candidates"": 20, ""obstacle_pair_rejected_broad_phase"": 71, ""obstacle_pair_total"": 91, ""preprocess_ms"": 0.08101, ""threads_used"": 4, ""total_ms"": 0.209823}",0.0013550760049838573,0.038765138015151024,0.15879156900336966,0,1,0,0,1,0,0,0.02,0.01,10,1.0
nonconvex,31,cpp,cpp,4,1,1,connected,0.00042781000956892967,0.0006411219947040081,0.0010689320042729378,84,95,25,"{""adapter_wall_ms"": 0.401120021706447, ""backend"": ""cpp"", ""bridge_accepted_count"": 25, ""bridge_candidate_count"": 30, ""bridge_candidates_ms"": 0.010121, ""bridge_rejected_collision"": 5, ""bridge_rejected_duplicate"": 0, ""convex_pair_evaluated"": 37, ""convex_pair_rejected_broad_phase"": 15, ""convex_pair_total"": 52, ""graph_assembly_ms"": 0.073051, ""internal_candidates_ms"": 0.031854, ""internal_pair_evaluated"": 10, ""internal_pair_total"": 10, ""obstacle_pair_candidates"": 20, ""obstacle_pair_rejected_broad_phase"": 71, ""obstacle_pair_total"": 91, ""preprocess_ms"": 0.04797, ""threads_used"": 4, ""total_ms"": 0.167524}",0.0015456299879588187,0.059390337992226705,0.2434737510047853,1,1,1,1,1,0,0,0.02,0.01,10,1.0
nonconvex,32,cpp,cpp,4,1,1,connected,0.0004464459780137986,0.0009539770253468305,0.001400423003360629,80,92,25,"{""adapter_wall_ms"": 0.4196339868940413, ""backend"": ""cpp"", ""bridge_accepted_count"": 25, ""bridge_candidate_count"": 30, ""bridge_candidates_ms"": 0.010817, ""bridge_rejected_collision"": 5, ""bridge_rejected_duplicate"": 0, ""convex_pair_evaluated"": 38, ""convex_pair_rejected_broad_phase"": 12, ""convex_pair_total"": 50, ""graph_assembly_ms"": 0.081398, ""internal_candidates_ms"": 0.03391, ""internal_pair_evaluated"": 10, ""internal_pair_total"": 10, ""obstacle_pair_candidates"": 17, ""obstacle_pair_rejected_broad_phase"": 74, ""obstacle_pair_total"": 91, ""preprocess_ms"": 0.052599999999999994, ""threads_used"": 4, ""total_ms"": 0.183583}",0.001436212012777105,0.05257797401282005,0.22822232102043927,1,1,1,1,1,0,0,0.02,0.01,10,1.0
nonconvex,33,cpp,cpp,4,1,1,connected,0.0004418640164658427,0.0009090550011023879,0.0013509190175682306,73,79,20,"{""adapter_wall_ms"": 0.414045003708452, ""backend"": ""cpp"", ""bridge_accepted_count"": 20, ""bridge_candidate_count"": 24, ""bridge_candidates_ms"": 0.008528, ""bridge_rejected_collision"": 4, ""bridge_rejected_duplicate"": 0, ""convex_pair_evaluated"": 28, ""convex_pair_rejected_broad_phase"": 20, ""convex_pair_total"": 48, ""graph_assembly_ms"": 0.073668, ""internal_candidates_ms"": 0.035129, ""internal_pair_evaluated"": 10, ""internal_pair_total"": 10, ""obstacle_pair_candidates"": 17, ""obstacle_pair_rejected_broad_phase"": 74, ""obstacle_pair_total"": 91, ""preprocess_ms"": 0.046839000000000006, ""threads_used"": 4, ""total_ms"": 0.16917600000000002}",0.001575620990479365,0.05756840301910415,0.24551802600035444,1,1,1,1,1,0,0,0.02,0.01,10,1.0
nonconvex,34,cpp,cpp,4,1,0,disconnected_frontier,0.0005034590139985085,0.0011256180005148053,0.0016290770145133138,92,111,31,"{""adapter_wall_ms"": 0.47516898484900594, ""backend"": ""cpp"", ""bridge_accepted_count"": 31, ""bridge_candidate_count"": 35, ""bridge_candidates_ms"": 0.011573, ""bridge_rejected_collision"": 4, ""bridge_rejected_duplicate"": 0, ""convex_pair_evaluated"": 38, ""convex_pair_rejected_broad_phase"": 24, ""convex_pair_total"": 62, ""graph_assembly_ms"": 0.09713, ""internal_candidates_ms"": 0.033594, ""internal_pair_evaluated"": 10, ""internal_pair_total"": 10, ""obstacle_pair_candidates"": 21, ""obstacle_pair_rejected_broad_phase"": 70, ""obstacle_pair_total"": 91, ""preprocess_ms"": 0.047867, ""threads_used"": 4, ""total_ms"": 0.195605}",0.0018778650264721364,0.04060701502021402,0.15215678402455524,0,1,0,0,1,0,0,0.02,0.01,10,1.0
nonconvex,35,cpp,cpp,4,1,1,connected,0.0005685799987986684,0.0006640329957008362,0.0012326129944995046,85,99,27,"{""adapter_wall_ms"": 0.525840005138889, ""backend"": ""cpp"", ""bridge_accepted_count"": 27, ""bridge_candidate_count"": 35, ""bridge_candidates_ms"": 0.013268, ""bridge_rejected_collision"": 8, ""bridge_rejected_duplicate"": 0, ""convex_pair_evaluated"": 40, ""convex_pair_rejected_broad_phase"": 14, ""convex_pair_total"": 54, ""graph_assembly_ms"": 0.096211, ""internal_candidates_ms"": 0.042064, ""internal_pair_evaluated"": 10, ""internal_pair_total"": 10, ""obstacle_pair_candidates"": 19, ""obstacle_pair_rejected_broad_phase"": 72, ""obstacle_pair_total"": 91, ""preprocess_ms"": 0.05744300000000001, ""threads_used"": 4, ""total_ms"": 0.213788}",0.0015491890080738813,0.06323411897756159,0.2606253720005043,1,1,1,1,1,0,0,0.02,0.01,10,1.0
nonconvex,36,cpp,cpp,4,1,1,connected,0.0005513670039363205,0.0009045750193763524,0.001455942023312673,83,94,25,"{""adapter_wall_ms"": 0.5133509985171258, ""backend"": ""cpp"", ""bridge_accepted_count"": 25, ""bridge_candidate_count"": 30, ""bridge_candidates_ms"": 0.01126, ""bridge_rejected_collision"": 5, ""bridge_rejected_duplicate"": 0, ""convex_pair_evaluated"": 37, ""convex_pair_rejected_broad_phase"": 21, ""convex_pair_total"": 58, ""graph_assembly_ms"": 0.106394, ""internal_candidates_ms"": 0.035568, ""internal_pair_evaluated"": 10, ""internal_pair_total"": 10, ""obstacle_pair_candidates"": 20, ""obstacle_pair_rejected_broad_phase"": 71, ""obstacle_pair_total"": 91, ""preprocess_ms"": 0.05827, ""threads_used"": 4, ""total_ms"": 0.217548}",0.0015456769906450063,0.06650518599781208,0.270671531005064,1,1,1,1,1,0,0,0.02,0.01,10,1.0
nonconvex,37,cpp,cpp,4,1,0,disconnected_frontier,0.0004654439981095493,0.0008945539884734899,0.0013599979865830392,87,107,31,"{""adapter_wall_ms"": 0.43704899144358933, ""backend"": ""cpp"", ""bridge_accepted_count"": 31, ""bridge_candidate_count"": 38, ""bridge_candidates_ms"": 0.012225, ""bridge_rejected_collision"": 7, ""bridge_rejected_duplicate"": 0, ""convex_pair_evaluated"": 45, ""convex_pair_rejected_broad_phase"": 21, ""convex_pair_total"": 66, ""graph_assembly_ms"": 0.105279, ""internal_candidates_ms"": 0.033221, ""internal_pair_evaluated"": 10, ""internal_pair_total"": 10, ""obstacle_pair_candidates"": 21, ""obstacle_pair_rejected_broad_phase"": 70, ""obstacle_pair_total"": 91, ""preprocess_ms"": 0.044169, ""threads_used"": 4, ""total_ms"": 0.200592}",0.001425594004103914,0.03491866300464608,0.14255966400378384,0,1,0,0,1,0,0,0.02,0.01,10,1.0
nonconvex,38,cpp,cpp,4,1,1,connected,0.0005283799837343395,0.0009001840080600232,0.0014285639917943627,79,89,24,"{""adapter_wall_ms"": 0.49367197789251804, ""backend"": ""cpp"", ""bridge_accepted_count"": 24, ""bridge_candidate_count"": 36, ""bridge_candidates_ms"": 0.011494, ""bridge_rejected_collision"": 12, ""bridge_rejected_duplicate"": 0, ""convex_pair_evaluated"": 37, ""convex_pair_rejected_broad_phase"": 9, ""convex_pair_total"": 46, ""graph_assembly_ms"": 0.088471, ""internal_candidates_ms"": 0.039511, ""internal_pair_evaluated"": 10, ""internal_pair_total"": 10, ""obstacle_pair_candidates"": 17, ""obstacle_pair_rejected_broad_phase"": 74, ""obstacle_pair_total"": 91, ""preprocess_ms"": 0.049173, ""threads_used"": 4, ""total_ms"": 0.19524}",0.0013732279767282307,0.05511366098653525,0.2526542459963821,1,1,1,1,1,0,0,0.02,0.01,10,1.0
nonconvex,39,cpp,cpp,4,1,1,connected,0.00042372700409032404,0.0009409649937879294,0.0013646919978782535,74,81,21,"{""adapter_wall_ms"": 0.39431999903172255, ""backend"": ""cpp"", ""bridge_accepted_count"": 21, ""bridge_candidate_count"": 26, ""bridge_candidates_ms"": 0.008816, ""bridge_rejected_collision"": 5, ""bridge_rejected_duplicate"": 0, ""convex_pair_evaluated"": 31, ""convex_pair_rejected_broad_phase"": 17, ""convex_pair_total"": 48, ""graph_assembly_ms"": 0.075131, ""internal_candidates_ms"": 0.034758, ""internal_pair_evaluated"": 10, ""internal_pair_total"": 10, ""obstacle_pair_candidates"": 17, ""obstacle_pair_rejected_broad_phase"": 74, ""obstacle_pair_total"": 91, ""preprocess_ms"": 0.047613, ""threads_used"": 4, ""total_ms"": 0.17116199999999998}",0.0017422309902030975,0.0616863579780329,0.2564209970005322,1,1,1,1,1,0,0,0.02,0.01,10,1.0
nonconvex,40,cpp,cpp,4,1,1,connected,0.00043043302139267325,0.0008007299911696464,0.0012311630125623196,79,89,24,"{""adapter_wall_ms"": 0.4012620192952454, ""backend"": ""cpp"", ""bridge_accepted_count"": 24, ""bridge_candidate_count"": 31, ""bridge_candidates_ms"": 0.010276, ""bridge_rejected_collision"": 7, ""bridge_rejected_duplicate"": 0, ""convex_pair_evaluated"": 40, ""convex_pair_rejected_broad_phase"": 16, ""convex_pair_total"": 56, ""graph_assembly_ms"": 0.075215, ""internal_candidates_ms"": 0.033672, ""internal_pair_evaluated"": 10, ""internal_pair_total"": 10, ""obstacle_pair_candidates"": 19, ""obstacle_pair_rejected_broad_phase"": 72, ""obstacle_pair_total"": 91, ""preprocess_ms"": 0.046342999999999995, ""threads_used"": 4, ""total_ms"": 0.170201}",0.0014262240147218108,0.05067128999507986,0.21552093100035563,1,1,1,1,1,0,0,0.02,0.01,10,1.0
nonconvex,41,cpp,cpp,4,1,0,disconnected_frontier,0.0004252190119586885,0.0006801350100431591,0.0011053540220018476,73,80,21,"{""adapter_wall_ms"": 0.39548598579131067, ""backend"": ""cpp"", ""bridge_accepted_count"": 21, ""bridge_candidate_count"": 30, ""bridge_candidates_ms"": 0.00949, ""bridge_rejected_collision"": 9, ""bridge_rejected_duplicate"": 0, ""convex_pair_evaluated"": 34, ""convex_pair_rejected_broad_phase"": 14, ""convex_pair_total"": 48, ""graph_assembly_ms"": 0.074615, ""internal_candidates_ms"": 0.034301, ""internal_pair_evaluated"": 10, ""internal_pair_total"": 10, ""obstacle_pair_candidates"": 17, ""obstacle_pair_rejected_broad_phase"": 74, ""obstacle_pair_total"": 91, ""preprocess_ms"": 0.045573, ""threads_used"": 4, ""total_ms"": 0.169696}",0.0016545320104341954,0.04013988401857205,0.16021696900133975,0,1,0,0,1,0,0,0.02,0.01,10,1.0
nonconvex,42,cpp,cpp,4,1,1,connected,0.00047704900498501956,0.0009027649939525872,0.0013798139989376068,87,103,29,"{""adapter_wall_ms"": 0.43681199895218015, ""backend"": ""cpp"", ""bridge_accepted_count"": 29, ""bridge_candidate_count"": 31, ""bridge_candidates_ms"": 0.011084, ""bridge_rejected_collision"": 2, ""bridge_rejected_duplicate"": 0, ""convex_pair_evaluated"": 39, ""convex_pair_rejected_broad_phase"": 17, ""convex_pair_total"": 56, ""graph_assembly_ms"": 0.090556, ""internal_candidates_ms"": 0.03344, ""internal_pair_evaluated"": 10, ""internal_pair_total"": 10, ""obstacle_pair_candidates"": 19, ""obstacle_pair_rejected_broad_phase"": 72, ""obstacle_pair_total"": 91, ""preprocess_ms"": 0.046404, ""threads_used"": 4, ""total_ms"": 0.186707}",0.0013467520184349269,0.05029960098909214,0.21208224198198877,1,1,1,1,1,0,0,0.02,0.01,10,1.0
nonconvex,43,cpp,cpp,4,1,1,connected,0.0004670850175898522,0.0007383500051219016,0.0012054350227117538,89,105,30,"{""adapter_wall_ms"": 0.4384889907669276, ""backend"": ""cpp"", ""bridge_accepted_count"": 30, ""bridge_candidate_count"": 44, ""bridge_candidates_ms"": 0.012147, ""bridge_rejected_collision"": 14, ""bridge_rejected_duplicate"": 0, ""convex_pair_evaluated"": 49, ""convex_pair_rejected_broad_phase"": 13, ""convex_pair_total"": 62, ""graph_assembly_ms"": 0.09241, ""internal_candidates_ms"": 0.032847, ""internal_pair_evaluated"": 10, ""internal_pair_total"": 10, ""obstacle_pair_candidates"": 21, ""obstacle_pair_rejected_broad_phase"": 70, ""obstacle_pair_total"": 91, ""preprocess_ms"": 0.045541, ""threads_used"": 4, ""total_ms"": 0.18811}",0.001737259008223191,0.0674217710038647,0.27781474200310186,1,1,1,1,1,0,0,0.02,0.01,10,1.0
nonconvex,44,cpp,cpp,4,1,1,connected,0.00043579700286500156,0.0008396100020036101,0.0012754070048686117,81,91,24,"{""adapter_wall_ms"": 0.40759099647402763, ""backend"": ""cpp"", ""bridge_accepted_count"": 24, ""bridge_candidate_count"": 31, ""bridge_candidates_ms"": 0.010674, ""bridge_rejected_collision"": 7, ""bridge_rejected_duplicate"": 0, ""convex_pair_evaluated"": 40, ""convex_pair_rejected_broad_phase"": 14, ""convex_pair_total"": 54, ""graph_assembly_ms"": 0.073773, ""internal_candidates_ms"": 0.032698, ""internal_pair_evaluated"": 10, ""internal_pair_total"": 10, ""obstacle_pair_candidates"": 20, ""obstacle_pair_rejected_broad_phase"": 71, ""obstacle_pair_total"": 91, ""preprocess_ms"": 0.047293, ""threads_used"": 4, ""total_ms"": 0.16913699999999998}",0.0017425929836463183,0.04981973298708908,0.21184125301078893,1,1,1,1,1,0,0,0.02,0.01,10,1.0
nonconvex,45,cpp,cpp,4,1,1,connected,0.0004910540010314435,0.0007282360165845603,0.0012192900176160038,74,82,22,"{""adapter_wall_ms"": 0.45974101522006094, ""backend"": ""cpp"", ""bridge_accepted_count"": 22, ""bridge_candidate_count"": 27, ""bridge_candidates_ms"": 0.011233, ""bridge_rejected_collision"": 5, ""bridge_rejected_duplicate"": 0, ""convex_pair_evaluated"": 37, ""convex_pair_rejected_broad_phase"": 13, ""convex_pair_total"": 50, ""graph_assembly_ms"": 0.075998, ""internal_candidates_ms"": 0.054815, ""internal_pair_evaluated"": 10, ""internal_pair_total"": 10, ""obstacle_pair_candidates"": 17, ""obstacle_pair_rejected_broad_phase"": 74, ""obstacle_pair_total"": 91, ""preprocess_ms"": 0.050338, ""threads_used"": 4, ""total_ms"": 0.19802}",0.001506119006080553,0.0566675320151262,0.24070585001027212,1,1,1,1,1,0,0,0.02,0.01,10,1.0
nonconvex,46,cpp,cpp,4,1,1,connected,0.00046300498070195317,0.0009154650033451617,0.0013784699840471148,80,93,26,"{""adapter_wall_ms"": 0.4330200026743114, ""backend"": ""cpp"", ""bridge_accepted_count"": 26, ""bridge_candidate_count"": 30, ""bridge_candidates_ms"": 0.01088, ""bridge_rejected_collision"": 4, ""bridge_rejected_duplicate"": 0, ""convex_pair_evaluated"": 32, ""convex_pair_rejected_broad_phase"": 26, ""convex_pair_total"": 58, ""graph_assembly_ms"": 0.085176, ""internal_candidates_ms"": 0.035839, ""internal_pair_evaluated"": 10, ""internal_pair_total"": 10, ""obstacle_pair_candidates"": 19, ""obstacle_pair_rejected_broad_phase"": 72, ""obstacle_pair_total"": 91, ""preprocess_ms"": 0.046114, ""threads_used"": 4, ""total_ms"": 0.18324200000000002}",0.001528578024590388,0.04378791499766521,0.18532085901824757,1,1,1,1,1,0,0,0.02,0.01,10,1.0
nonconvex,47,cpp,cpp,4,1,0,disconnected_frontier,0.0005627479986287653,0.0007386039942502975,0.0013013519928790629,83,94,25,"{""adapter_wall_ms"": 0.5294879956636578, ""backend"": ""cpp"", ""bridge_accepted_count"": 25, ""bridge_candidate_count"": 30, ""bridge_candidates_ms"": 0.014852, ""bridge_rejected_collision"": 5, ""bridge_rejected_duplicate"": 0, ""convex_pair_evaluated"": 33, ""convex_pair_rejected_broad_phase"": 19, ""convex_pair_total"": 52, ""graph_assembly_ms"": 0.132915, ""internal_candidates_ms"": 0.043374, ""internal_pair_evaluated"": 10, ""internal_pair_total"": 10, ""obstacle_pair_candidates"": 19, ""obstacle_pair_rejected_broad_phase"": 72, ""obstacle_pair_total"": 91, ""preprocess_ms"": 0.059725, ""threads_used"": 4, ""total_ms"": 0.255842}",0.0014197580167092383,0.029001774004427716,0.1143694519996643,0,1,0,0,1,0,0,0.02,0.01,10,1.0
nonconvex,48,cpp,cpp,4,1,1,connected,0.0005281999765429646,0.0007301890000235289,0.0012583889765664935,79,89,24,"{""adapter_wall_ms"": 0.4990789748262614, ""backend"": ""cpp"", ""bridge_accepted_count"": 24, ""bridge_candidate_count"": 29, ""bridge_candidates_ms"": 0.01207, ""bridge_rejected_collision"": 5, ""bridge_rejected_duplicate"": 0, ""convex_pair_evaluated"": 38, ""convex_pair_rejected_broad_phase"": 20, ""convex_pair_total"": 58, ""graph_assembly_ms"": 0.078741, ""internal_candidates_ms"": 0.035148, ""internal_pair_evaluated"": 10, ""internal_pair_total"": 10, ""obstacle_pair_candidates"": 20, ""obstacle_pair_rejected_broad_phase"": 71, ""obstacle_pair_total"": 91, ""preprocess_ms"": 0.070794, ""threads_used"": 4, ""total_ms"": 0.202554}",0.0014033810002729297,0.03453531599370763,0.13058556301984936,1,0,0,0,0,0,0,0.02,0.01,10,1.0
nonconvex,49,cpp,cpp,4,1,0,disconnected_frontier,0.00045645199134014547,0.0008093889919109643,0.0012658409832511097,75,85,23,"{""adapter_wall_ms"": 0.4264409944880754, ""backend"": ""cpp"", ""bridge_accepted_count"": 23, ""bridge_candidate_count"": 31, ""bridge_candidates_ms"": 0.013009, ""bridge_rejected_collision"": 8, ""bridge_rejected_duplicate"": 0, ""convex_pair_evaluated"": 37, ""convex_pair_rejected_broad_phase"": 17, ""convex_pair_total"": 54, ""graph_assembly_ms"": 0.084576, ""internal_candidates_ms"": 0.035935, ""internal_pair_evaluated"": 10, ""internal_pair_total"": 10, ""obstacle_pair_candidates"": 19, ""obstacle_pair_rejected_broad_phase"": 72, ""obstacle_pair_total"": 91, ""preprocess_ms"": 0.04772, ""threads_used"": 4, ""total_ms"": 0.186795}",0.001371948979794979,0.030856873985612765,0.1288634900120087,0,1,0,0,1,0,0,0.02,0.01,10,1.0
nonconvex,50,cpp,cpp,4,1,1,connected,0.0004592300101649016,0.001142302993685007,0.0016015330038499087,80,91,25,"{""adapter_wall_ms"": 0.4292030062060803, ""backend"": ""cpp"", ""bridge_accepted_count"": 25, ""bridge_candidate_count"": 30, ""bridge_candidates_ms"": 0.012496, ""bridge_rejected_collision"": 5, ""bridge_rejected_duplicate"": 0, ""convex_pair_evaluated"": 43, ""convex_pair_rejected_broad_phase"": 27, ""convex_pair_total"": 70, ""graph_assembly_ms"": 0.079469, ""internal_candidates_ms"": 0.033452, ""internal_pair_evaluated"": 10, ""internal_pair_total"": 10, ""obstacle_pair_candidates"": 23, ""obstacle_pair_rejected_broad_phase"": 68, ""obstacle_pair_total"": 91, ""preprocess_ms"": 0.047825, ""threads_used"": 4, ""total_ms"": 0.179182}",0.0016029679973144084,0.04396029099007137,0.23465880600269884,1,1,0,1,1,0,0,0.02,0.01,10,1.0
nonconvex,51,cpp,cpp,4,1,1,connected,0.00044441799400374293,0.0009045889892149717,0.0013490069832187146,83,96,26,"{""adapter_wall_ms"": 0.41733100078999996, ""backend"": ""cpp"", ""bridge_accepted_count"": 26, ""bridge_candidate_count"": 29, ""bridge_candidates_ms"": 0.011993, ""bridge_rejected_collision"": 3, ""bridge_rejected_duplicate"": 0, ""convex_pair_evaluated"": 42, ""convex_pair_rejected_broad_phase"": 14, ""convex_pair_total"": 56, ""graph_assembly_ms"": 0.080837, ""internal_candidates_ms"": 0.033803, ""internal_pair_evaluated"": 10, ""internal_pair_total"": 10, ""obstacle_pair_candidates"": 19, ""obstacle_pair_rejected_broad_phase"": 72, ""obstacle_pair_total"": 91, ""preprocess_ms"": 0.045614, ""threads_used"": 4, ""total_ms"": 0.177278}",0.0014097590174060315,0.04870343199581839,0.20847996301017702,1,1,1,1,1,0,0,0.02,0.01,10,1.0
nonconvex,52,cpp,cpp,4,1,1,connected,0.0004226749879308045,0.0010561250091996044,0.0014787999971304089,87,100,27,"{""adapter_wall_ms"": 0.3966939984820783, ""backend"": ""cpp"", ""bridge_accepted_count"": 27, ""bridge_candidate_count"": 33, ""bridge_candidates_ms"": 0.00976, ""bridge_rejected_collision"": 6, ""bridge_rejected_duplicate"": 0, ""convex_pair_evaluated"": 33, ""convex_pair_rejected_broad_phase"": 13, ""convex_pair_total"": 46, ""graph_assembly_ms"": 0.084945, ""internal_candidates_ms"": 0.032161, ""internal_pair_evaluated"": 10, ""internal_pair_total"": 10, ""obstacle_pair_candidates"": 18, ""obstacle_pair_rejected_broad_phase"": 73, ""obstacle_pair_total"": 91, ""preprocess_ms"": 0.043054, ""threads_used"": 4, ""total_ms"": 0.174371}",0.001473321986850351,0.04517675400711596,0.18679368798621,1,1,1,1,1,0,0,0.02,0.01,10,1.0
nonconvex,53,cpp,cpp,4,1,1,connected,0.0006364239961840212,0.0008882020192686468,0.001524626015452668,76,84,22,"{""adapter_wall_ms"": 0.5917290109209716, ""backend"": ""cpp"", ""bridge_accepted_count"": 22, ""bridge_candidate_count"": 30, ""bridge_candidates_ms"": 0.011527, ""bridge_rejected_collision"": 8, ""bridge_rejected_duplicate"": 0, ""convex_pair_evaluated"": 33, ""convex_pair_rejected_broad_phase"": 11, ""convex_pair_total"": 44, ""graph_assembly_ms"": 0.113381, ""internal_candidates_ms"": 0.042697, ""internal_pair_evaluated"": 10, ""internal_pair_total"": 10, ""obstacle_pair_candidates"": 17, ""obstacle_pair_rejected_broad_phase"": 74, ""obstacle_pair_total"": 91, ""preprocess_ms"": 0.063225, ""threads_used"": 4, ""total_ms"": 0.23633200000000001}",0.0018301719974260777,0.05798691799282096,0.25408248300664127,1,1,1,1,1,0,0,0.02,0.01,10,1.0
nonconvex,54,cpp,cpp,4,1,0,disconnected_frontier,0.000458586000604555,0.0007532440067734569,0.001211830007378012,91,108,31,"{""adapter_wall_ms"": 0.42969000060111284, ""backend"": ""cpp"", ""bridge_accepted_count"": 31, ""bridge_candidate_count"": 37, ""bridge_candidates_ms"": 0.011494, ""bridge_rejected_collision"": 6, ""bridge_rejected_duplicate"": 0, ""convex_pair_evaluated"": 41, ""convex_pair_rejected_broad_phase"": 11, ""convex_pair_total"": 52, ""graph_assembly_ms"": 0.094559, ""internal_candidates_ms"": 0.03578, ""internal_pair_evaluated"": 10, ""internal_pair_total"": 10, ""obstacle_pair_candidates"": 19, ""obstacle_pair_rejected_broad_phase"": 72, ""obstacle_pair_total"": 91, ""preprocess_ms"": 0.044836, ""threads_used"": 4, ""total_ms"": 0.191973}",0.001731285999994725,0.02065147299435921,0.07223053500638343,0,1,0,0,1,0,0,0.02,0.01,10,1.0
nonconvex,55,cpp,cpp,4,1,0,disconnected_frontier,0.0004962109960615635,0.0007744320027995855,0.001270642998861149,86,100,28,"{""adapter_wall_ms"": 0.4698630073107779, ""backend"": ""cpp"", ""bridge_accepted_count"": 28, ""bridge_candidate_count"": 32, ""bridge_candidates_ms"": 0.01147, ""bridge_rejected_collision"": 4, ""bridge_rejected_duplicate"": 0, ""convex_pair_evaluated"": 40, ""convex_pair_rejected_broad_phase"": 12, ""convex_pair_total"": 52, ""graph_assembly_ms"": 0.085809, ""internal_candidates_ms"": 0.032249, ""internal_pair_evaluated"": 10, ""internal_pair_total"": 10, ""obstacle_pair_candidates"": 19, ""obstacle_pair_rejected_broad_phase"": 72, ""obstacle_pair_total"": 91, ""preprocess_ms"": 0.043236, ""threads_used"": 4, ""total_ms"": 0.17789000000000002}",0.0014473659975919873,0.03540098198573105,0.13539807201595977,0,1,0,0,1,0,0,0.02,0.01,10,1.0
nonconvex,56,cpp,cpp,4,1,0,disconnected_frontier,0.00048420901293866336,0.0008419689838774502,0.0013261779968161136,87,103,29,"{""adapter_wall_ms"": 0.4525860131252557, ""backend"": ""cpp"", ""bridge_accepted_count"": 29, ""bridge_candidate_count"": 34, ""bridge_candidates_ms"": 0.012889, ""bridge_rejected_collision"": 5, ""bridge_rejected_duplicate"": 0, ""convex_pair_evaluated"": 46, ""convex_pair_rejected_broad_phase"": 22, ""convex_pair_total"": 68, ""graph_assembly_ms"": 0.0929, ""internal_candidates_ms"": 0.035525, ""internal_pair_evaluated"": 10, ""internal_pair_total"": 10, ""obstacle_pair_candidates"": 22, ""obstacle_pair_rejected_broad_phase"": 69, ""obstacle_pair_total"": 91, ""preprocess_ms"": 0.050741, ""threads_used"": 4, ""total_ms"": 0.198223}",0.001528542983578518,0.034026629000436515,0.1317053829843644,0,1,0,0,1,0,0,0.02,0.01,10,1.0
nonconvex,57,cpp,cpp,4,1,1,connected,0.0005048329767305404,0.0011004320112988353,0.0016052649880293757,95,119,35,"{""adapter_wall_ms"": 0.4789929953403771, ""backend"": ""cpp"", ""bridge_accepted_count"": 35, ""bridge_candidate_count"": 45, ""bridge_candidates_ms"": 0.013734, ""bridge_rejected_collision"": 10, ""bridge_rejected_duplicate"": 0, ""convex_pair_evaluated"": 51, ""convex_pair_rejected_broad_phase"": 15, ""convex_pair_total"": 66, ""graph_assembly_ms"": 0.10277, ""internal_candidates_ms"": 0.038773, ""internal_pair_evaluated"": 10, ""internal_pair_total"": 10, ""obstacle_pair_candidates"": 22, ""obstacle_pair_rejected_broad_phase"": 69, ""obstacle_pair_total"": 91, ""preprocess_ms"": 0.046732, ""threads_used"": 4, ""total_ms"": 0.207037}",0.0013359300210140646,0.053305613982956856,0.21705962598207407,1,1,1,1,1,0,0,0.02,0.01,10,1.0
nonconvex,58,cpp,cpp,4,1,1,connected,0.00039771400042809546,0.0008158409909810871,0.0012135549914091825,76,84,22,"{""adapter_wall_ms"": 0.37242998951114714, ""backend"": ""cpp"", ""bridge_accepted_count"": 22, ""bridge_candidate_count"": 27, ""bridge_candidates_ms"": 0.008318, ""bridge_rejected_collision"": 5, ""bridge_rejected_duplicate"": 0, ""convex_pair_evaluated"": 29, ""convex_pair_rejected_broad_phase"": 5, ""convex_pair_total"": 34, ""graph_assembly_ms"": 0.069708, ""internal_candidates_ms"": 0.033683, ""internal_pair_evaluated"": 10, ""internal_pair_total"": 10, ""obstacle_pair_candidates"": 14, ""obstacle_pair_rejected_broad_phase"": 77, ""obstacle_pair_total"": 91, ""preprocess_ms"": 0.044905, ""threads_used"": 4, ""total_ms"": 0.160072}",0.0013659039977937937,0.06311565998475999,0.2690927140065469,1,1,1,1,1,0,0,0.02,0.01,10,1.0
nonconvex,59,cpp,cpp,4,1,1,connected,0.0004319800063967705,0.0005673900013789535,0.000999370007775724,75,82,21,"{""adapter_wall_ms"": 0.4030819982290268, ""backend"": ""cpp"", ""bridge_accepted_count"": 21, ""bridge_candidate_count"": 24, ""bridge_candidates_ms"": 0.013424, ""bridge_rejected_collision"": 3, ""bridge_rejected_duplicate"": 0, ""convex_pair_evaluated"": 33, ""convex_pair_rejected_broad_phase"": 11, ""convex_pair_total"": 44, ""graph_assembly_ms"": 0.072461, ""internal_candidates_ms"": 0.034736, ""internal_pair_evaluated"": 10, ""internal_pair_total"": 10, ""obstacle_pair_candidates"": 17, ""obstacle_pair_rejected_broad_phase"": 74, ""obstacle_pair_total"": 91, ""preprocess_ms"": 0.046686, ""threads_used"": 4, ""total_ms"": 0.172068}",0.0015673770103603601,0.04706838299171068,0.19867172098020092,1,1,1,1,1,0,0,0.02,0.01,10,1.0
nonconvex,60,cpp,cpp,4,1,1,connected,0.0005045790167059749,0.0006027049967087805,0.0011072840134147555,80,92,25,"{""adapter_wall_ms"": 0.471439998364076, ""backend"": ""cpp"", ""bridge_accepted_count"": 25, ""bridge_candidate_count"": 29, ""bridge_candidates_ms"": 0.010365, ""bridge_rejected_collision"": 4, ""bridge_rejected_duplicate"": 0, ""convex_pair_evaluated"": 34, ""convex_pair_rejected_broad_phase"": 10, ""convex_pair_total"": 44, ""graph_assembly_ms"": 0.089772, ""internal_candidates_ms"": 0.035245, ""internal_pair_evaluated"": 10, ""internal_pair_total"": 10, ""obstacle_pair_candidates"": 17, ""obstacle_pair_rejected_broad_phase"": 74, ""obstacle_pair_total"": 91, ""preprocess_ms"": 0.062948, ""threads_used"": 4, ""total_ms"": 0.202897}",0.0016034150030463934,0.05599566499586217,0.24179129302501678,1,1,1,1,1,0,0,0.02,0.01,10,1.0
nonconvex,61,cpp,cpp,4,1,1,connected,0.00045604200568050146,0.0008341610082425177,0.0012902030139230192,78,87,23,"{""adapter_wall_ms"": 0.42058699182234704, ""backend"": ""cpp"", ""bridge_accepted_count"": 23, ""bridge_candidate_count"": 26, ""bridge_candidates_ms"": 0.013591, ""bridge_rejected_collision"": 3, ""bridge_rejected_duplicate"": 0, ""convex_pair_evaluated"": 32, ""convex_pair_rejected_broad_phase"": 16, ""convex_pair_total"": 48, ""graph_assembly_ms"": 0.088935, ""internal_candidates_ms"": 0.036002, ""internal_pair_evaluated"": 10, ""internal_pair_total"": 10, ""obstacle_pair_candidates"": 17, ""obstacle_pair_rejected_broad_phase"": 74, ""obstacle_pair_total"": 91, ""preprocess_ms"": 0.057373999999999994, ""threads_used"": 4, ""total_ms"": 0.201014}",0.0014315310108941048,0.04761143200448714,0.196460004983237,1,1,1,1,1,0,0,0.02,0.01,10,1.0
nonconvex,62,cpp,cpp,4,1,0,disconnected_frontier,0.000413152010878548,0.0008743999933358282,0.0012875520042143762,78,86,22,"{""adapter_wall_ms"": 0.38601699634455144, ""backend"": ""cpp"", ""bridge_accepted_count"": 22, ""bridge_candidate_count"": 24, ""bridge_candidates_ms"": 0.009212, ""bridge_rejected_collision"": 2, ""bridge_rejected_duplicate"": 0, ""convex_pair_evaluated"": 30, ""convex_pair_rejected_broad_phase"": 24, ""convex_pair_total"": 54, ""graph_assembly_ms"": 0.069045, ""internal_candidates_ms"": 0.033049, ""internal_pair_evaluated"": 10, ""internal_pair_total"": 10, ""obstacle_pair_candidates"": 19, ""obstacle_pair_rejected_broad_phase"": 72, ""obstacle_pair_total"": 91, ""preprocess_ms"": 0.04231, ""threads_used"": 4, ""total_ms"": 0.158629}",0.001424524001777172,0.04580332900513895,0.17960727200261317,0,1,0,0,1,0,0,0.02,0.01,10,1.0
nonconvex,63,cpp,cpp,4,1,1,connected,0.0005059849936515093,0.001108255994040519,0.0016142409876920283,95,113,32,"{""adapter_wall_ms"": 0.4772889951709658, ""backend"": ""cpp"", ""bridge_accepted_count"": 32, ""bridge_candidate_count"": 41, ""bridge_candidates_ms"": 0.012533, ""bridge_rejected_collision"": 9, ""bridge_rejected_duplicate"": 0, ""convex_pair_evaluated"": 46, ""convex_pair_rejected_broad_phase"": 10, ""convex_pair_total"": 56, ""graph_assembly_ms"": 0.095025, ""internal_candidates_ms"": 0.031315, ""internal_pair_evaluated"": 10, ""internal_pair_total"": 10, ""obstacle_pair_candidates"": 20, ""obstacle_pair_rejected_broad_phase"": 71, ""obstacle_pair_total"": 91, ""preprocess_ms"": 0.045035, ""threads_used"": 4, ""total_ms"": 0.189134}",0.0013038509932812303,0.05834398799925111,0.24156660999869928,1,1,1,1,1,0,0,0.02,0.01,10,1.0
nonconvex,64,cpp,cpp,4,1,0,disconnected_frontier,0.00044345398782752454,0.0007291230140253901,0.0011725770018529147,76,86,24,"{""adapter_wall_ms"": 0.4167970037087798, ""backend"": ""cpp"", ""bridge_accepted_count"": 24, ""bridge_candidate_count"": 28, ""bridge_candidates_ms"": 0.010323, ""bridge_rejected_collision"": 4, ""bridge_rejected_duplicate"": 0, ""convex_pair_evaluated"": 36, ""convex_pair_rejected_broad_phase"": 18, ""convex_pair_total"": 54, ""graph_assembly_ms"": 0.080499, ""internal_candidates_ms"": 0.034696, ""internal_pair_evaluated"": 10, ""internal_pair_total"": 10, ""obstacle_pair_candidates"": 18, ""obstacle_pair_rejected_broad_phase"": 73, ""obstacle_pair_total"": 91, ""preprocess_ms"": 0.053737, ""threads_used"": 4, ""total_ms"": 0.18444000000000002}",0.0015413610090035945,0.03035392297897488,0.11465383297763765,0,1,0,0,1,0,0,0.02,0.01,10,1.0
nonconvex,65,cpp,cpp,4,1,1,connected,0.000395365001168102,0.0008166219922713935,0.0012119869934394956,73,79,20,"{""adapter_wall_ms"": 0.36800099769607186, ""backend"": ""cpp"", ""bridge_accepted_count"": 20, ""bridge_candidate_count"": 24, ""bridge_candidates_ms"": 0.00779, ""bridge_rejected_collision"": 4, ""bridge_rejected_duplicate"": 0, ""convex_pair_evaluated"": 29, ""convex_pair_rejected_broad_phase"": 11, ""convex_pair_total"": 40, ""graph_assembly_ms"": 0.073255, ""internal_candidates_ms"": 0.033383, ""internal_pair_evaluated"": 10, ""internal_pair_total"": 10, ""obstacle_pair_candidates"": 15, ""obstacle_pair_rejected_broad_phase"": 76, ""obstacle_pair_total"": 91, ""preprocess_ms"": 0.044425, ""threads_used"": 4, ""total_ms"": 0.163036}",0.0014994269877206534,0.05409578699618578,0.22505167502094992,1,1,1,1,1,0,0,0.02,0.01,10,1.0
nonconvex,66,cpp,cpp,4,1,1,connected,0.00043963498319499195,0.0007221440027933568,0.0011617789859883487,75,82,21,"{""adapter_wall_ms"": 0.4124149854760617, ""backend"": ""cpp"", ""bridge_accepted_count"": 21, ""bridge_candidate_count"": 27, ""bridge_candidates_ms"": 0.009369, ""bridge_rejected_collision"": 6, ""bridge_rejected_duplicate"": 0, ""convex_pair_evaluated"": 32, ""convex_pair_rejected_broad_phase"": 10, ""convex_pair_total"": 42, ""graph_assembly_ms"": 0.067823, ""internal_candidates_ms"": 0.032494, ""internal_pair_evaluated"": 10, ""internal_pair_total"": 10, ""obstacle_pair_candidates"": 16, ""obstacle_pair_rejected_broad_phase"": 75, ""obstacle_pair_total"": 91, ""preprocess_ms"": 0.05581, ""threads_used"": 4, ""total_ms"": 0.1698}",0.0015639160119462758,0.049992305983323604,0.21143544098595157,1,1,1,1,1,0,0,0.02,0.01,10,1.0
nonconvex,67,cpp,cpp,4,1,0,disconnected_frontier,0.00047476100735366344,0.0008045700087677687,0.0012793310161214322,81,93,25,"{""adapter_wall_ms"": 0.4457930044736713, ""backend"": ""cpp"", ""bridge_accepted_count"": 25, ""bridge_candidate_count"": 30, ""bridge_candidates_ms"": 0.010095, ""bridge_rejected_collision"": 5, ""bridge_rejected_duplicate"": 0, ""convex_pair_evaluated"": 31, ""convex_pair_rejected_broad_phase"": 23, ""convex_pair_total"": 54, ""graph_assembly_ms"": 0.084021, ""internal_candidates_ms"": 0.03582, ""internal_pair_evaluated"": 10, ""internal_pair_total"": 10, ""obstacle_pair_candidates"": 19, ""obstacle_pair_rejected_broad_phase"": 72, ""obstacle_pair_total"": 91, ""preprocess_ms"": 0.055023999999999997, ""threads_used"": 4, ""total_ms"": 0.19000499999999998}",0.0016967679839581251,0.02947153101558797,0.12268183499691077,0,1,0,0,1,0,0,0.02,0.01,10,1.0
nonconvex,68,cpp,cpp,4,1,1,connected,0.00048606799100525677,0.0009022000012919307,0.0013882679922971874,85,99,27,"{""adapter_wall_ms"": 0.44863400398753583, ""backend"": ""cpp"", ""bridge_accepted_count"": 27, ""bridge_candidate_count"": 35, ""bridge_candidates_ms"": 0.012158, ""bridge_rejected_collision"": 8, ""bridge_rejected_duplicate"": 0, ""convex_pair_evaluated"": 41, ""convex_pair_rejected_broad_phase"": 15, ""convex_pair_total"": 56, ""graph_assembly_ms"": 0.089328, ""internal_candidates_ms"": 0.035005, ""internal_pair_evaluated"": 10, ""internal_pair_total"": 10, ""obstacle_pair_candidates"": 20, ""obstacle_pair_rejected_broad_phase"": 71, ""obstacle_pair_total"": 91, ""preprocess_ms"": 0.051672, ""threads_used"": 4, ""total_ms"": 0.193437}",0.0017026890127453953,0.05400314199505374,0.23412961399299093,1,1,1,1,1,0,0,0.02,0.01,10,1.0
nonconvex,69,cpp,cpp,4,1,1,connected,0.0005368959973566234,0.0009193450096063316,0.001456241006962955,92,108,30,"{""adapter_wall_ms"": 0.5060170078650117, ""backend"": ""cpp"", ""bridge_accepted_count"": 30, ""bridge_candidate_count"": 41, ""bridge_candidates_ms"": 0.012715, ""bridge_rejected_collision"": 11, ""bridge_rejected_duplicate"": 0, ""convex_pair_evaluated"": 46, ""convex_pair_rejected_broad_phase"": 12, ""convex_pair_total"": 58, ""graph_assembly_ms"": 0.115531, ""internal_candidates_ms"": 0.034402, ""internal_pair_evaluated"": 10, ""internal_pair_total"": 10, ""obstacle_pair_candidates"": 20, ""obstacle_pair_rejected_broad_phase"": 71, ""obstacle_pair_total"": 91, ""preprocess_ms"": 0.07597100000000001, ""threads_used"": 4, ""total_ms"": 0.244179}",0.0014578789996448904,0.05811357399215922,0.23348686698591337,1,1,1,1,1,0,0,0.02,0.01,10,1.0
nonconvex,70,cpp,cpp,4,1,1,connected,0.0004691799986176193,0.0010654829966370016,0.001534662995254621,86,101,28,"{""adapter_wall_ms"": 0.4437970055732876, ""backend"": ""cpp"", ""bridge_accepted_count"": 28, ""bridge_candidate_count"": 39, ""bridge_candidates_ms"": 0.011875, ""bridge_rejected_collision"": 11, ""bridge_rejected_duplicate"": 0, ""convex_pair_evaluated"": 45, ""convex_pair_rejected_broad_phase"": 11, ""convex_pair_total"": 56, ""graph_assembly_ms"": 0.088655, ""internal_candidates_ms"": 0.032416, ""internal_pair_evaluated"": 10, ""internal_pair_total"": 10, ""obstacle_pair_candidates"": 19, ""obstacle_pair_rejected_broad_phase"": 72, ""obstacle_pair_total"": 91, ""preprocess_ms"": 0.044177999999999995, ""threads_used"": 4, ""total_ms"": 0.18169}",0.001482736988691613,0.06406357098603621,0.2738395170017611,1,1,1,1,1,0,0,0.02,0.01,10,1.0
nonconvex,71,cpp,cpp,4,1,0,disconnected_frontier,0.00046299598761834204,0.0007191000040620565,0.0011820959916803986,90,111,33,"{""adapter_wall_ms"": 0.439046008978039, ""backend"": ""cpp"", ""bridge_accepted_count"": 33, ""bridge_candidate_count"": 42, ""bridge_candidates_ms"": 0.01365, ""bridge_rejected_collision"": 9, ""bridge_rejected_duplicate"": 0, ""convex_pair_evaluated"": 48, ""convex_pair_rejected_broad_phase"": 22, ""convex_pair_total"": 70, ""graph_assembly_ms"": 0.106248, ""internal_candidates_ms"": 0.033222, ""internal_pair_evaluated"": 10, ""internal_pair_total"": 10, ""obstacle_pair_candidates"": 23, ""obstacle_pair_rejected_broad_phase"": 68, ""obstacle_pair_total"": 91, ""preprocess_ms"": 0.04321, ""threads_used"": 4, ""total_ms"": 0.201809}",0.00128376399516128,0.025982905994169414,0.09657079400494695,0,1,0,0,1,0,0,0.02,0.01,10,1.0
nonconvex,72,cpp,cpp,4,1,1,connected,0.00042022400884889066,0.0007188829767983407,0.0011391069856472313,72,77,19,"{""adapter_wall_ms"": 0.3941349859815091, ""backend"": ""cpp"", ""bridge_accepted_count"": 19, ""bridge_candidate_count"": 25, ""bridge_candidates_ms"": 0.010271, ""bridge_rejected_collision"": 6, ""bridge_rejected_duplicate"": 0, ""convex_pair_evaluated"": 36, ""convex_pair_rejected_broad_phase"": 20, ""convex_pair_total"": 56, ""graph_assembly_ms"": 0.061467, ""internal_candidates_ms"": 0.032019, ""internal_pair_evaluated"": 10, ""internal_pair_total"": 10, ""obstacle_pair_candidates"": 19, ""obstacle_pair_rejected_broad_phase"": 72, ""obstacle_pair_total"": 91, ""preprocess_ms"": 0.043055, ""threads_used"": 4, ""total_ms"": 0.151501}",0.0019732889777515084,0.03645784698892385,0.23076056499849074,1,1,0,1,1,0,0,0.02,0.01,10,1.0
nonconvex,73,cpp,cpp,4,1,1,connected,0.00045626700739376247,0.0009126269724220037,0.0013688939798157662,77,87,24,"{""adapter_wall_ms"": 0.42894299258477986, ""backend"": ""cpp"", ""bridge_accepted_count"": 24, ""bridge_candidate_count"": 27, ""bridge_candidates_ms"": 0.010215, ""bridge_rejected_collision"": 3, ""bridge_rejected_duplicate"": 0, ""convex_pair_evaluated"": 32, ""convex_pair_rejected_broad_phase"": 12, ""convex_pair_total"": 44, ""graph_assembly_ms"": 0.082422, ""internal_candidates_ms"": 0.035719, ""internal_pair_evaluated"": 10, ""internal_pair_total"": 10, ""obstacle_pair_candidates"": 16, ""obstacle_pair_rejected_broad_phase"": 75, ""obstacle_pair_total"": 91, ""preprocess_ms"": 0.046428, ""threads_used"": 4, ""total_ms"": 0.179039}",0.0013924480008427054,0.05387435099692084,0.23389181602397002,1,1,1,1,1,0,0,0.02,0.01,10,1.0
nonconvex,74,cpp,cpp,4,1,1,connected,0.0005528000183403492,0.0007676259847357869,0.0013204260030761361,82,94,26,"{""adapter_wall_ms"": 0.5083869909867644, ""backend"": ""cpp"", ""bridge_accepted_count"": 26, ""bridge_candidate_count"": 33, ""bridge_candidates_ms"": 0.010845, ""bridge_rejected_collision"": 7, ""bridge_rejected_duplicate"": 0, ""convex_pair_evaluated"": 38, ""convex_pair_rejected_broad_phase"": 14, ""convex_pair_total"": 52, ""graph_assembly_ms"": 0.100602, ""internal_candidates_ms"": 0.040799, ""internal_pair_evaluated"": 10, ""internal_pair_total"": 10, ""obstacle_pair_candidates"": 18, ""obstacle_pair_rejected_broad_phase"": 73, ""obstacle_pair_total"": 91, ""preprocess_ms"": 0.049819, ""threads_used"": 4, ""total_ms"": 0.207202}",0.0013150059967301786,0.05604036498698406,0.23461288498947397,1,1,1,1,1,0,0,0.02,0.01,10,1.0
nonconvex,75,cpp,cpp,4,1,0,disconnected_frontier,0.0006241659866645932,0.0009491990203969181,0.0015733650070615113,93,111,32,"{""adapter_wall_ms"": 0.5920819821767509, ""backend"": ""cpp"", ""bridge_accepted_count"": 32, ""bridge_candidate_count"": 43, ""bridge_candidates_ms"": 0.014087, ""bridge_rejected_collision"": 11, ""bridge_rejected_duplicate"": 0, ""convex_pair_evaluated"": 50, ""convex_pair_rejected_broad_phase"": 18, ""convex_pair_total"": 68, ""graph_assembly_ms"": 0.121714, ""internal_candidates_ms"": 0.035572, ""internal_pair_evaluated"": 10, ""internal_pair_total"": 10, ""obstacle_pair_candidates"": 23, ""obstacle_pair_rejected_broad_phase"": 68, ""obstacle_pair_total"": 91, ""preprocess_ms"": 0.09754299999999999, ""threads_used"": 4, ""total_ms"": 0.274149}",0.0014688540250062943,0.05204393100575544,0.22055461100535467,0,1,0,0,1,0,0,0.02,0.01,10,1.0
nonconvex,76,cpp,cpp,4,1,1,connected,0.0005035100039094687,0.0005913119821343571,0.0010948219860438257,77,86,23,"{""adapter_wall_ms"": 0.4646780143957585, ""backend"": ""cpp"", ""bridge_accepted_count"": 23, ""bridge_candidate_count"": 32, ""bridge_candidates_ms"": 0.010998, ""bridge_rejected_collision"": 9, ""bridge_rejected_duplicate"": 0, ""convex_pair_evaluated"": 37, ""convex_pair_rejected_broad_phase"": 19, ""convex_pair_total"": 56, ""graph_assembly_ms"": 0.081807, ""internal_candidates_ms"": 0.034822, ""internal_pair_evaluated"": 10, ""internal_pair_total"": 10, ""obstacle_pair_candidates"": 19, ""obstacle_pair_rejected_broad_phase"": 72, ""obstacle_pair_total"": 91, ""preprocess_ms"": 0.057578000000000004, ""threads_used"": 4, ""total_ms"": 0.190449}",0.0017726229852996767,0.052526159008266404,0.2229296650039032,1,1,1,1,1,0,0,0.02,0.01,10,1.0
nonconvex,77,cpp,cpp,4,1,1,connected,0.0004160850076004863,0.0006371260096784681,0.0010532110172789544,76,84,22,"{""adapter_wall_ms"": 0.3888280189130455, ""backend"": ""cpp"", ""bridge_accepted_count"": 22, ""bridge_candidate_count"": 27, ""bridge_candidates_ms"": 0.009684, ""bridge_rejected_collision"": 5, ""bridge_rejected_duplicate"": 0, ""convex_pair_evaluated"": 30, ""convex_pair_rejected_broad_phase"": 16, ""convex_pair_total"": 46, ""graph_assembly_ms"": 0.071602, ""internal_candidates_ms"": 0.033084, ""internal_pair_evaluated"": 10, ""internal_pair_total"": 10, ""obstacle_pair_candidates"": 17, ""obstacle_pair_rejected_broad_phase"": 74, ""obstacle_pair_total"": 91, ""preprocess_ms"": 0.042103, ""threads_used"": 4, ""total_ms"": 0.161834}",0.0014737829915247858,0.05047228900366463,0.20247958099935204,1,1,1,1,1,0,0,0.02,0.01,10,1.0
nonconvex,78,cpp,cpp,4,1,0,disconnected_frontier,0.00041333099943585694,0.0007948550046421587,0.0012081860040780157,82,93,25,"{""adapter_wall_ms"": 0.3890990046784282, ""backend"": ""cpp"", ""bridge_accepted_count"": 25, ""bridge_candidate_count"": 36, ""bridge_candidates_ms"": 0.012341, ""bridge_rejected_collision"": 11, ""bridge_rejected_duplicate"": 0, ""convex_pair_evaluated"": 44, ""convex_pair_rejected_broad_phase"": 20, ""convex_pair_total"": 64, ""graph_assembly_ms"": 0.083357, ""internal_candidates_ms"": 0.033083, ""internal_pair_evaluated"": 10, ""internal_pair_total"": 10, ""obstacle_pair_candidates"": 20, ""obstacle_pair_rejected_broad_phase"": 71, ""obstacle_pair_total"": 91, ""preprocess_ms"": 0.042588, ""threads_used"": 4, ""total_ms"": 0.176186}",0.0014166749897412956,0.03421877199434675,0.12466153700370342,0,1,0,0,1,0,0,0.02,0.01,10,1.0
nonconvex,79,cpp,cpp,4,1,1,connected,0.0004101739905308932,0.0008408199937548488,0.001250993984285742,77,87,23,"{""adapter_wall_ms"": 0.3820979909505695, ""backend"": ""cpp"", ""bridge_accepted_count"": 23, ""bridge_candidate_count"": 26, ""bridge_candidates_ms"": 0.009434, ""bridge_rejected_collision"": 3, ""bridge_rejected_duplicate"": 0, ""convex_pair_evaluated"": 29, ""convex_pair_rejected_broad_phase"": 15, ""convex_pair_total"": 44, ""graph_assembly_ms"": 0.07118, ""internal_candidates_ms"": 0.032174, ""internal_pair_evaluated"": 10, ""internal_pair_total"": 10, ""obstacle_pair_candidates"": 18, ""obstacle_pair_rejected_broad_phase"": 73, ""obstacle_pair_total"": 91, ""preprocess_ms"": 0.045595, ""threads_used"": 4, ""total_ms"": 0.163008}",0.0015471259830519557,0.05292327000643127,0.23275446900515817,1,1,1,1,1,0,0,0.02,0.01,10,1.0
nonconvex,80,cpp,cpp,4,1,1,connected,0.0004730620130430907,0.0008690590038895607,0.0013421210169326514,78,92,27,"{""adapter_wall_ms"": 0.4436940071173012, ""backend"": ""cpp"", ""bridge_accepted_count"": 27, ""bridge_candidate_count"": 35, ""bridge_candidates_ms"": 0.011562, ""bridge_rejected_collision"": 8, ""bridge_rejected_duplicate"": 0, ""convex_pair_evaluated"": 45, ""convex_pair_rejected_broad_phase"": 15, ""convex_pair_total"": 60, ""graph_assembly_ms"": 0.084734, ""internal_candidates_ms"": 0.03487, ""internal_pair_evaluated"": 10, ""internal_pair_total"": 10, ""obstacle_pair_candidates"": 19, ""obstacle_pair_rejected_broad_phase"": 72, ""obstacle_pair_total"": 91, ""preprocess_ms"": 0.047866000000000006, ""threads_used"": 4, ""total_ms"": 0.18399300000000002}",0.0014657900028396398,0.047712022002087906,0.20612133800750598,1,1,1,1,1,0,0,0.02,0.01,10,1.0
nonconvex,81,cpp,cpp,4,1,1,connected,0.0004678779805544764,0.0005800999933853745,0.001047977973939851,75,83,22,"{""adapter_wall_ms"": 0.43847100459970534, ""backend"": ""cpp"", ""bridge_accepted_count"": 22, ""bridge_candidate_count"": 30, ""bridge_candidates_ms"": 0.009527, ""bridge_rejected_collision"": 8, ""bridge_rejected_duplicate"": 0, ""convex_pair_evaluated"": 33, ""convex_pair_rejected_broad_phase"": 11, ""convex_pair_total"": 44, ""graph_assembly_ms"": 0.078674, ""internal_candidates_ms"": 0.035413, ""internal_pair_evaluated"": 10, ""internal_pair_total"": 10, ""obstacle_pair_candidates"": 17, ""obstacle_pair_rejected_broad_phase"": 74, ""obstacle_pair_total"": 91, ""preprocess_ms"": 0.05315, ""threads_used"": 4, ""total_ms"": 0.181842}",0.0014733390125911683,0.054220758989686146,0.23368794898851775,1,1,1,1,1,0,0,0.02,0.01,10,1.0
nonconvex,82,cpp,cpp,4,1,0,disconnected_frontier,0.00040560198249295354,0.0006439580174628645,0.001049559999955818,83,96,26,"{""adapter_wall_ms"": 0.38271801895461977, ""backend"": ""cpp"", ""bridge_accepted_count"": 26, ""bridge_candidate_count"": 33, ""bridge_candidates_ms"": 0.009395, ""bridge_rejected_collision"": 7, ""bridge_rejected_duplicate"": 0, ""convex_pair_evaluated"": 34, ""convex_pair_rejected_broad_phase"": 12, ""convex_pair_total"": 46, ""graph_assembly_ms"": 0.082895, ""internal_candidates_ms"": 0.032789, ""internal_pair_evaluated"": 10, ""internal_pair_total"": 10, ""obstacle_pair_candidates"": 17, ""obstacle_pair_rejected_broad_phase"": 74, ""obstacle_pair_total"": 91, ""preprocess_ms"": 0.045486, ""threads_used"": 4, ""total_ms"": 0.175483}",0.0014413350145332515,0.02239915798418224,0.08071975599159487,0,1,0,0,1,0,0,0.02,0.01,10,1.0
nonconvex,83,cpp,cpp,4,1,1,connected,0.0004820220055989921,0.0007555990014225245,0.0012376210070215166,87,103,29,"{""adapter_wall_ms"": 0.4407940141391009, ""backend"": ""cpp"", ""bridge_accepted_count"": 29, ""bridge_candidate_count"": 33, ""bridge_candidates_ms"": 0.011937, ""bridge_rejected_collision"": 4, ""bridge_rejected_duplicate"": 0, ""convex_pair_evaluated"": 40, ""convex_pair_rejected_broad_phase"": 18, ""convex_pair_total"": 58, ""graph_assembly_ms"": 0.091117, ""internal_candidates_ms"": 0.035075, ""internal_pair_evaluated"": 10, ""internal_pair_total"": 10, ""obstacle_pair_candidates"": 20, ""obstacle_pair_rejected_broad_phase"": 71, ""obstacle_pair_total"": 91, ""preprocess_ms"": 0.047104999999999994, ""threads_used"": 4, ""total_ms"": 0.19048199999999998}",0.001611645013326779,0.06112119398312643,0.25542298701475374,1,1,1,1,1,0,0,0.02,0.01,10,1.0
nonconvex,84,cpp,cpp,4,1,0,disconnected_frontier,0.000506069976836443,0.000816318002762273,0.001322387979598716,88,102,28,"{""adapter_wall_ms"": 0.47272301162593067, ""backend"": ""cpp"", ""bridge_accepted_count"": 28, ""bridge_candidate_count"": 34, ""bridge_candidates_ms"": 0.010662, ""bridge_rejected_collision"": 6, ""bridge_rejected_duplicate"": 0, ""convex_pair_evaluated"": 41, ""convex_pair_rejected_broad_phase"": 15, ""convex_pair_total"": 56, ""graph_assembly_ms"": 0.089599, ""internal_candidates_ms"": 0.033978, ""internal_pair_evaluated"": 10, ""internal_pair_total"": 10, ""obstacle_pair_candidates"": 18, ""obstacle_pair_rejected_broad_phase"": 73, ""obstacle_pair_total"": 91, ""preprocess_ms"": 0.04289, ""threads_used"": 4, ""total_ms"": 0.182502}",0.0012742670078296214,0.04592129000229761,0.17760788500891067,0,1,0,0,1,0,0,0.02,0.01,10,1.0
nonconvex,85,cpp,cpp,4,1,1,connected,0.00048692600103095174,0.0006441760051529855,0.0011311020061839372,84,96,26,"{""adapter_wall_ms"": 0.4588490119203925, ""backend"": ""cpp"", ""bridge_accepted_count"": 26, ""bridge_candidate_count"": 32, ""bridge_candidates_ms"": 0.011467, ""bridge_rejected_collision"": 6, ""bridge_rejected_duplicate"": 0, ""convex_pair_evaluated"": 39, ""convex_pair_rejected_broad_phase"": 23, ""convex_pair_total"": 62, ""graph_assembly_ms"": 0.084678, ""internal_candidates_ms"": 0.039449, ""internal_pair_evaluated"": 10, ""internal_pair_total"": 10, ""obstacle_pair_candidates"": 22, ""obstacle_pair_rejected_broad_phase"": 69, ""obstacle_pair_total"": 91, ""preprocess_ms"": 0.052913, ""threads_used"": 4, ""total_ms"": 0.194451}",0.0017948710010387003,0.047541748004732653,0.2021270630066283,1,1,1,1,1,0,0,0.02,0.01,10,1.0
nonconvex,86,cpp,cpp,4,1,1,connected,0.0004664940061047673,0.0006781730044167489,0.0011446670105215162,86,99,27,"{""adapter_wall_ms"": 0.4365940112620592, ""backend"": ""cpp"", ""bridge_accepted_count"": 27, ""bridge_candidate_count"": 37, ""bridge_candidates_ms"": 0.011347, ""bridge_rejected_collision"": 10, ""bridge_rejected_duplicate"": 0, ""convex_pair_evaluated"": 40, ""convex_pair_rejected_broad_phase"": 14, ""convex_pair_total"": 54, ""graph_assembly_ms"": 0.086049, ""internal_candidates_ms"": 0.033781, ""internal_pair_evaluated"": 10, ""internal_pair_total"": 10, ""obstacle_pair_candidates"": 20, ""obstacle_pair_rejected_broad_phase"": 71, ""obstacle_pair_total"": 91, ""preprocess_ms"": 0.048566, ""threads_used"": 4, ""total_ms"": 0.18459699999999998}",0.002038913022261113,0.05517984798643738,0.2234896149893757,1,1,1,1,1,0,0,0.02,0.01,10,1.0
nonconvex,87,cpp,cpp,4,1,1,connected,0.00040022301254794,0.0008052309858612716,0.0012054539984092116,80,89,23,"{""adapter_wall_ms"": 0.37365901516750455, ""backend"": ""cpp"", ""bridge_accepted_count"": 23, ""bridge_candidate_count"": 27, ""bridge_candidates_ms"": 0.008754, ""bridge_rejected_collision"": 4, ""bridge_rejected_duplicate"": 0, ""convex_pair_evaluated"": 30, ""convex_pair_rejected_broad_phase"": 16, ""convex_pair_total"": 46, ""graph_assembly_ms"": 0.070699, ""internal_candidates_ms"": 0.032975, ""internal_pair_evaluated"": 10, ""internal_pair_total"": 10, ""obstacle_pair_candidates"": 17, ""obstacle_pair_rejected_broad_phase"": 74, ""obstacle_pair_total"": 91, ""preprocess_ms"": 0.04166, ""threads_used"": 4, ""total_ms"": 0.15840500000000002}",0.0014476059877779335,0.047797962004551664,0.18808416201500222,1,1,1,1,1,0,0,0.02,0.01,10,1.0
nonconvex,88,cpp,cpp,4,1,0,disconnected_frontier,0.00046601000940427184,0.0008085279841907322,0.001274537993595004,87,102,29,"{""adapter_wall_ms"": 0.4389770037960261, ""backend"": ""cpp"", ""bridge_accepted_count"": 29, ""bridge_candidate_count"": 33, ""bridge_candidates_ms"": 0.01022, ""bridge_rejected_collision"": 4, ""bridge_rejected_duplicate"": 0, ""convex_pair_evaluated"": 38, ""convex_pair_rejected_broad_phase"": 18, ""convex_pair_total"": 56, ""graph_assembly_ms"": 0.10257, ""internal_candidates_ms"": 0.033444, ""internal_pair_evaluated"": 10, ""internal_pair_total"": 10, ""obstacle_pair_candidates"": 20, ""obstacle_pair_rejected_broad_phase"": 71, ""obstacle_pair_total"": 91, ""preprocess_ms"": 0.046735, ""threads_used"": 4, ""total_ms"": 0.198035}",0.00135595299070701,0.053323830012232065,0.20648753200657666,0,1,0,0,1,0,0,0.02,0.01,10,1.0
nonconvex,89,cpp,cpp,4,1,1,connected,0.0004683659935835749,0.0007045370002742857,0.0011729029938578606,84,98,27,"{""adapter_wall_ms"": 0.4383609921205789, ""backend"": ""cpp"", ""bridge_accepted_count"": 27, ""bridge_candidate_count"": 33, ""bridge_candidates_ms"": 0.0116, ""bridge_rejected_collision"": 6, ""bridge_rejected_duplicate"": 0, ""convex_pair_evaluated"": 40, ""convex_pair_rejected_broad_phase"": 18, ""convex_pair_total"": 58, ""graph_assembly_ms"": 0.087057, ""internal_candidates_ms"": 0.033165, ""internal_pair_evaluated"": 10, ""internal_pair_total"": 10, ""obstacle_pair_candidates"": 21, ""obstacle_pair_rejected_broad_phase"": 70, ""obstacle_pair_total"": 91, ""preprocess_ms"": 0.045754, ""threads_used"": 4, ""total_ms"": 0.182477}",0.0013165529817342758,0.05682044799323194,0.2100465790135786,1,0,0,0,0,0,0,0.02,0.01,10,1.0
nonconvex,90,cpp,cpp,4,1,1,connected,0.0004131169989705086,0.0005732440040446818,0.0009863610030151904,74,83,22,"{""adapter_wall_ms"": 0.3844669845420867, ""backend"": ""cpp"", ""bridge_accepted_count"": 22, ""bridge_candidate_count"": 28, ""bridge_candidates_ms"": 0.011065, ""bridge_rejected_collision"": 6, ""bridge_rejected_duplicate"": 0, ""convex_pair_evaluated"": 35, ""convex_pair_rejected_broad_phase"": 17, ""convex_pair_total"": 52, ""graph_assembly_ms"": 0.071336, ""internal_candidates_ms"": 0.033262, ""internal_pair_evaluated"": 10, ""internal_pair_total"": 10, ""obstacle_pair_candidates"": 19, ""obstacle_pair_rejected_broad_phase"": 72, ""obstacle_pair_total"": 91, ""preprocess_ms"": 0.044061, ""threads_used"": 4, ""total_ms"": 0.16451000000000002}",0.0014763519866392016,0.0640112379915081,0.2694076200132258,1,1,1,1,1,0,0,0.02,0.01,10,1.0
nonconvex,91,cpp,cpp,4,1,0,disconnected_frontier,0.0004364580090623349,0.000788448000093922,0.001224906009156257,84,96,26,"{""adapter_wall_ms"": 0.40790499770082533, ""backend"": ""cpp"", ""bridge_accepted_count"": 26, ""bridge_candidate_count"": 37, ""bridge_candidates_ms"": 0.011398, ""bridge_rejected_collision"": 11, ""bridge_rejected_duplicate"": 0, ""convex_pair_evaluated"": 43, ""convex_pair_rejected_broad_phase"": 7, ""convex_pair_total"": 50, ""graph_assembly_ms"": 0.083724, ""internal_candidates_ms"": 0.034391, ""internal_pair_evaluated"": 10, ""internal_pair_total"": 10, ""obstacle_pair_candidates"": 18, ""obstacle_pair_rejected_broad_phase"": 73, ""obstacle_pair_total"": 91, ""preprocess_ms"": 0.045293, ""threads_used"": 4, ""total_ms"": 0.17949400000000001}",0.0016305400058627129,0.052425920992391184,0.22531338297994807,0,1,0,0,1,0,0,0.02,0.01,10,1.0
nonconvex,92,cpp,cpp,4,1,1,connected,0.00046743001439608634,0.0008850809826981276,0.001352510997094214,81,91,24,"{""adapter_wall_ms"": 0.4335080157034099, ""backend"": ""cpp"", ""bridge_accepted_count"": 24, ""bridge_candidate_count"": 30, ""bridge_candidates_ms"": 0.011208, ""bridge_rejected_collision"": 6, ""bridge_rejected_duplicate"": 0, ""convex_pair_evaluated"": 36, ""convex_pair_rejected_broad_phase"": 14, ""convex_pair_total"": 50, ""graph_assembly_ms"": 0.080193, ""internal_candidates_ms"": 0.038959, ""internal_pair_evaluated"": 10, ""internal_pair_total"": 10, ""obstacle_pair_candidates"": 19, ""obstacle_pair_rejected_broad_phase"": 72, ""obstacle_pair_total"": 91, ""preprocess_ms"": 0.060158, ""threads_used"": 4, ""total_ms"": 0.195966}",0.0014670849777758121,0.06283493599039502,0.2641411279910244,1,1,1,1,1,0,0,0.02,0.01,10,1.0
nonconvex,93,cpp,cpp,4,1,0,disconnected_frontier,0.0004152210021857172,0.0008100630075205117,0.001225284009706229,83,95,26,"{""adapter_wall_ms"": 0.3903960168827325, ""backend"": ""cpp"", ""bridge_accepted_count"": 26, ""bridge_candidate_count"": 29, ""bridge_candidates_ms"": 0.011086, ""bridge_rejected_collision"": 3, ""bridge_rejected_duplicate"": 0, ""convex_pair_evaluated"": 34, ""convex_pair_rejected_broad_phase"": 20, ""convex_pair_total"": 54, ""graph_assembly_ms"": 0.082349, ""internal_candidates_ms"": 0.032897, ""internal_pair_evaluated"": 10, ""internal_pair_total"": 10, ""obstacle_pair_candidates"": 18, ""obstacle_pair_rejected_broad_phase"": 73, ""obstacle_pair_total"": 91, ""preprocess_ms"": 0.042816999999999994, ""threads_used"": 4, ""total_ms"": 0.17456}",0.0013218149833846837,0.03727079901727848,0.1356561060238164,0,1,0,0,1,0,0,0.02,0.01,10,1.0
nonconvex,94,cpp,cpp,4,1,1,connected,0.0004239859990775585,0.0007476909959223121,0.0011716769949998707,81,93,25,"{""adapter_wall_ms"": 0.39443100104108453, ""backend"": ""cpp"", ""bridge_accepted_count"": 25, ""bridge_candidate_count"": 29, ""bridge_candidates_ms"": 0.009906, ""bridge_rejected_collision"": 4, ""bridge_rejected_duplicate"": 0, ""convex_pair_evaluated"": 34, ""convex_pair_rejected_broad_phase"": 12, ""convex_pair_total"": 46, ""graph_assembly_ms"": 0.077834, ""internal_candidates_ms"": 0.033196, ""internal_pair_evaluated"": 10, ""internal_pair_total"": 10, ""obstacle_pair_candidates"": 18, ""obstacle_pair_rejected_broad_phase"": 73, ""obstacle_pair_total"": 91, ""preprocess_ms"": 0.041891, ""threads_used"": 4, ""total_ms"": 0.167198}",0.0021922199812252074,0.06350497499806806,0.26064692201907746,1,1,1,1,1,0,0,0.02,0.01,10,1.0
nonconvex,95,cpp,cpp,4,1,1,connected,0.0005270020046737045,0.0011072609922848642,0.0016342629969585687,85,101,28,"{""adapter_wall_ms"": 0.4928499984089285, ""backend"": ""cpp"", ""bridge_accepted_count"": 28, ""bridge_candidate_count"": 34, ""bridge_candidates_ms"": 0.01221, ""bridge_rejected_collision"": 6, ""bridge_rejected_duplicate"": 0, ""convex_pair_evaluated"": 39, ""convex_pair_rejected_broad_phase"": 15, ""convex_pair_total"": 54, ""graph_assembly_ms"": 0.098876, ""internal_candidates_ms"": 0.048851, ""internal_pair_evaluated"": 10, ""internal_pair_total"": 10, ""obstacle_pair_candidates"": 19, ""obstacle_pair_rejected_broad_phase"": 72, ""obstacle_pair_total"": 91, ""preprocess_ms"": 0.049744, ""threads_used"": 4, ""total_ms"": 0.214646}",0.0014558530237991363,0.05378558501251973,0.22447529598139226,1,1,1,1,1,0,0,0.02,0.01,10,1.0
nonconvex,96,cpp,cpp,4,1,1,connected,0.00047120399540290236,0.0008941820124164224,0.0013653860078193247,82,93,25,"{""adapter_wall_ms"": 0.4414480063132942, ""backend"": ""cpp"", ""bridge_accepted_count"": 25, ""bridge_candidate_count"": 31, ""bridge_candidates_ms"": 0.012075, ""bridge_rejected_collision"": 6, ""bridge_rejected_duplicate"": 0, ""convex_pair_evaluated"": 35, ""convex_pair_rejected_broad_phase"": 23, ""convex_pair_total"": 58, ""graph_assembly_ms"": 0.08385, ""internal_candidates_ms"": 0.043461, ""internal_pair_evaluated"": 10, ""internal_pair_total"": 10, ""obstacle_pair_candidates"": 22, ""obstacle_pair_rejected_broad_phase"": 69, ""obstacle_pair_total"": 91, ""preprocess_ms"": 0.045942, ""threads_used"": 4, ""total_ms"": 0.19045800000000002}",0.0016784300096333027,0.04820105998078361,0.20727887598332018,1,1,1,1,1,0,0,0.02,0.01,10,1.0
nonconvex,97,cpp,cpp,4,1,1,connected,0.0004694600065704435,0.0007110149890650064,0.0011804749956354499,79,91,26,"{""adapter_wall_ms"": 0.43987701064907014, ""backend"": ""cpp"", ""bridge_accepted_count"": 26, ""bridge_candidate_count"": 38, ""bridge_candidates_ms"": 0.011822, ""bridge_rejected_collision"": 12, ""bridge_rejected_duplicate"": 0, ""convex_pair_evaluated"": 42, ""convex_pair_rejected_broad_phase"": 18, ""convex_pair_total"": 60, ""graph_assembly_ms"": 0.086838, ""internal_candidates_ms"": 0.035732, ""internal_pair_evaluated"": 10, ""internal_pair_total"": 10, ""obstacle_pair_candidates"": 20, ""obstacle_pair_rejected_broad_phase"": 71, ""obstacle_pair_total"": 91, ""preprocess_ms"": 0.047370999999999996, ""threads_used"": 4, ""total_ms"": 0.186826}",0.0013690410123672336,0.048937480023596436,0.21287432598182932,1,1,1,1,1,0,0,0.02,0.01,10,1.0
nonconvex,98,cpp,cpp,4,1,1,connected,0.0004771510139107704,0.0008064979920163751,0.0012836490059271455,91,112,33,"{""adapter_wall_ms"": 0.4508869897108525, ""backend"": ""cpp"", ""bridge_accepted_count"": 33, ""bridge_candidate_count"": 39, ""bridge_candidates_ms"": 0.01355, ""bridge_rejected_collision"": 6, ""bridge_rejected_duplicate"": 0, ""convex_pair_evaluated"": 53, ""convex_pair_rejected_broad_phase"": 21, ""convex_pair_total"": 74, ""graph_assembly_ms"": 0.09758, ""internal_candidates_ms"": 0.03395, ""internal_pair_evaluated"": 10, ""internal_pair_total"": 10, ""obstacle_pair_candidates"": 24, ""obstacle_pair_rejected_broad_phase"": 67, ""obstacle_pair_total"": 91, ""preprocess_ms"": 0.04596, ""threads_used"": 4, ""total_ms"": 0.196318}",0.001405802002409473,0.06066682800883427,0.24933974799932912,1,1,1,1,1,0,0,0.02,0.01,10,1.0
nonconvex,99,cpp,cpp,4,1,0,disconnected_frontier,0.0003478210128378123,0.0005905900034122169,0.0009384110162500292,73,79,20,"{""adapter_wall_ms"": 0.32843402004800737, ""backend"": ""cpp"", ""bridge_accepted_count"": 20, ""bridge_candidate_count"": 27, ""bridge_candidates_ms"": 0.008263, ""bridge_rejected_collision"": 7, ""bridge_rejected_duplicate"": 0, ""convex_pair_evaluated"": 29, ""convex_pair_rejected_broad_phase"": 17, ""convex_pair_total"": 46, ""graph_assembly_ms"": 0.064755, ""internal_candidates_ms"": 0.032368, ""internal_pair_evaluated"": 10, ""internal_pair_total"": 10, ""obstacle_pair_candidates"": 17, ""obstacle_pair_rejected_broad_phase"": 74, ""obstacle_pair_total"": 91, ""preprocess_ms"": 0.041760000000000005, ""threads_used"": 4, ""total_ms"": 0.151884}",0.0014539340045303106,0.019164949975674972,0.06805715899099596,0,1,0,0,1,0,0,0.02,0.01,10,1.0
mixed,0,cpp,cpp,4,1,1,connected,0.0003846930048894137,0.0006427399930544198,0.0010274329979438335,46,45,13,"{""adapter_wall_ms"": 0.3530660178512335, ""backend"": ""cpp"", ""bridge_accepted_count"": 13, ""bridge_candidate_count"": 14, ""bridge_candidates_ms"": 0.007976, ""bridge_rejected_collision"": 1, ""bridge_rejected_duplicate"": 0, ""convex_pair_evaluated"": 20, ""convex_pair_rejected_broad_phase"": 10, ""convex_pair_total"": 30, ""graph_assembly_ms"": 0.047871, ""internal_candidates_ms"": 0.020716, ""internal_pair_evaluated"": 3, ""internal_pair_total"": 3, ""obstacle_pair_candidates"": 18, ""obstacle_pair_rejected_broad_phase"": 73, ""obstacle_pair_total"": 91, ""preprocess_ms"": 0.042579000000000006, ""threads_used"": 4, ""total_ms"": 0.12448400000000001}",0.0013396459980867803,0.04437224499997683,0.1807774270127993,1,1,1,1,1,0,0,0.02,0.01,10,1.0
mixed,1,cpp,cpp,4,1,1,connected,0.00032709899824112654,0.0004530790029093623,0.0007801780011504889,45,45,14,"{""adapter_wall_ms"": 0.297243008390069, ""backend"": ""cpp"", ""bridge_accepted_count"": 14, ""bridge_candidate_count"": 15, ""bridge_candidates_ms"": 0.007183, ""bridge_rejected_collision"": 1, ""bridge_rejected_duplicate"": 0, ""convex_pair_evaluated"": 17, ""convex_pair_rejected_broad_phase"": 2, ""convex_pair_total"": 19, ""graph_assembly_ms"": 0.048637, ""internal_candidates_ms"": 0.018739, ""internal_pair_evaluated"": 2, ""internal_pair_total"": 2, ""obstacle_pair_candidates"": 15, ""obstacle_pair_rejected_broad_phase"": 76, ""obstacle_pair_total"": 91, ""preprocess_ms"": 0.044331999999999996, ""threads_used"": 4, ""total_ms"": 0.122581}",0.0014498939854092896,0.06399192599928938,0.26220486499369144,1,1,1,1,1,0,0,0.02,0.01,10,1.0
mixed,2,cpp,cpp,4,1,1,connected,0.00040751698543317616,0.0005195450212340802,0.0009270620066672564,64,73,23,"{""adapter_wall_ms"": 0.3804400039371103, ""backend"": ""cpp"", ""bridge_accepted_count"": 23, ""bridge_candidate_count"": 25, ""bridge_candidates_ms"": 0.009325, ""bridge_rejected_collision"": 2, ""bridge_rejected_duplicate"": 0, ""convex_pair_evaluated"": 26, ""convex_pair_rejected_broad_phase"": 2, ""convex_pair_total"": 28, ""graph_assembly_ms"": 0.07363, ""internal_candidates_ms"": 0.026635, ""internal_pair_evaluated"": 4, ""internal_pair_total"": 4, ""obstacle_pair_candidates"": 19, ""obstacle_pair_rejected_broad_phase"": 72, ""obstacle_pair_total"": 91, ""preprocess_ms"": 0.046226, ""threads_used"": 4, ""total_ms"": 0.16127999999999998}",0.00134746398543939,0.061186556005850434,0.27377000599517487,1,1,1,1,1,0,0,0.02,0.01,10,1.0
mixed,3,cpp,cpp,4,1,0,disconnected_frontier,0.00046034701517783105,0.0007343909819610417,0.0011947379971388727,63,73,23,"{""adapter_wall_ms"": 0.4243449948262423, ""backend"": ""cpp"", ""bridge_accepted_count"": 23, ""bridge_candidate_count"": 25, ""bridge_candidates_ms"": 0.009714, ""bridge_rejected_collision"": 2, ""bridge_rejected_duplicate"": 0, ""convex_pair_evaluated"": 30, ""convex_pair_rejected_broad_phase"": 8, ""convex_pair_total"": 38, ""graph_assembly_ms"": 0.077517, ""internal_candidates_ms"": 0.025978, ""internal_pair_evaluated"": 5, ""internal_pair_total"": 5, ""obstacle_pair_candidates"": 18, ""obstacle_pair_rejected_broad_phase"": 73, ""obstacle_pair_total"": 91, ""preprocess_ms"": 0.060372999999999996, ""threads_used"": 4, ""total_ms"": 0.178989}",0.0012892739905510098,0.061699287994997576,0.26052977799554355,0,1,0,0,1,0,0,0.02,0.01,10,1.0
mixed,4,cpp,cpp,4,1,1,connected,0.000330459006363526,0.0005606710037682205,0.0008911300101317465,51,54,17,"{""adapter_wall_ms"": 0.3032590029761195, ""backend"": ""cpp"", ""bridge_accepted_count"": 17, ""bridge_candidate_count"": 17, ""bridge_candidates_ms"": 0.008113, ""bridge_rejected_collision"": 0, ""bridge_rejected_duplicate"": 0, ""convex_pair_evaluated"": 18, ""convex_pair_rejected_broad_phase"": 1, ""convex_pair_total"": 19, ""graph_assembly_ms"": 0.054776, ""internal_candidates_ms"": 0.02344, ""internal_pair_evaluated"": 2, ""internal_pair_total"": 2, ""obstacle_pair_candidates"": 17, ""obstacle_pair_rejected_broad_phase"": 74, ""obstacle_pair_total"": 91, ""preprocess_ms"": 0.037176, ""threads_used"": 4, ""total_ms"": 0.127567}",0.001197231002151966,0.056484470987925306,0.23552221900899895,1,1,1,1,1,0,0,0.02,0.01,10,1.0
mixed,5,cpp,cpp,4,1,0,disconnected_frontier,0.0005010820168536156,0.0007631759799551219,0.0012642579968087375,74,86,25,"{""adapter_wall_ms"": 0.4695399838965386, ""backend"": ""cpp"", ""bridge_accepted_count"": 25, ""bridge_candidate_count"": 30, ""bridge_candidates_ms"": 0.011138, ""bridge_rejected_collision"": 5, ""bridge_rejected_duplicate"": 0, ""convex_pair_evaluated"": 34, ""convex_pair_rejected_broad_phase"": 12, ""convex_pair_total"": 46, ""graph_assembly_ms"": 0.12929, ""internal_candidates_ms"": 0.039457, ""internal_pair_evaluated"": 6, ""internal_pair_total"": 6, ""obstacle_pair_candidates"": 20, ""obstacle_pair_rejected_broad_phase"": 71, ""obstacle_pair_total"": 91, ""preprocess_ms"": 0.055455000000000004, ""threads_used"": 4, ""total_ms"": 0.240103}",0.0015142569900490344,0.026544672989984974,0.10919781200936995,0,1,0,0,1,0,0,0.02,0.01,10,1.0
mixed,6,cpp,cpp,4,1,1,connected,0.0003540789766702801,0.0008044440182857215,0.0011585229949560016,60,65,19,"{""adapter_wall_ms"": 0.32677099807187915, ""backend"": ""cpp"", ""bridge_accepted_count"": 19, ""bridge_candidate_count"": 21, ""bridge_candidates_ms"": 0.007609, ""bridge_rejected_collision"": 2, ""bridge_rejected_duplicate"": 0, ""convex_pair_evaluated"": 23, ""convex_pair_rejected_broad_phase"": 5, ""convex_pair_total"": 28, ""graph_assembly_ms"": 0.063349, ""internal_candidates_ms"": 0.024302, ""internal_pair_evaluated"": 5, ""internal_pair_total"": 5, ""obstacle_pair_candidates"": 16, ""obstacle_pair_rejected_broad_phase"": 75, ""obstacle_pair_total"": 91, ""preprocess_ms"": 0.041623, ""threads_used"": 4, ""total_ms"": 0.14111400000000002}",0.0014591790095437318,0.05961347901029512,0.26246286899549887,1,1,1,1,1,0,0,0.02,0.01,10,1.0
mixed,7,cpp,cpp,4,1,1,connected,0.0003807980101555586,0.0007296149851754308,0.0011104129953309894,68,75,21,"{""adapter_wall_ms"": 0.3544909995980561, ""backend"": ""cpp"", ""bridge_accepted_count"": 21, ""bridge_candidate_count"": 22, ""bridge_candidates_ms"": 0.008323, ""bridge_rejected_collision"": 1, ""bridge_rejected_duplicate"": 0, ""convex_pair_evaluated"": 24, ""convex_pair_rejected_broad_phase"": 10, ""convex_pair_total"": 34, ""graph_assembly_ms"": 0.073158, ""internal_candidates_ms"": 0.025344, ""internal_pair_evaluated"": 6, ""internal_pair_total"": 6, ""obstacle_pair_candidates"": 16, ""obstacle_pair_rejected_broad_phase"": 75, ""obstacle_pair_total"": 91, ""preprocess_ms"": 0.040664, ""threads_used"": 4, ""total_ms"": 0.15245}",0.0011918020027223974,0.054157923004822806,0.20020136298262514,1,1,1,1,1,0,0,0.02,0.01,10,1.0
mixed,8,cpp,cpp,4,1,1,connected,0.00033599999733269215,0.0006267510179895908,0.0009627510153222829,52,56,18,"{""adapter_wall_ms"": 0.30688699916936457, ""backend"": ""cpp"", ""bridge_accepted_count"": 18, ""bridge_candidate_count"": 22, ""bridge_candidates_ms"": 0.007374, ""bridge_rejected_collision"": 4, ""bridge_rejected_duplicate"": 0, ""convex_pair_evaluated"": 24, ""convex_pair_rejected_broad_phase"": 4, ""convex_pair_total"": 28, ""graph_assembly_ms"": 0.059381, ""internal_candidates_ms"": 0.020721, ""internal_pair_evaluated"": 3, ""internal_pair_total"": 3, ""obstacle_pair_candidates"": 18, ""obstacle_pair_rejected_broad_phase"": 73, ""obstacle_pair_total"": 91, ""preprocess_ms"": 0.041643, ""threads_used"": 4, ""total_ms"": 0.133248}",0.0012922989844810218,0.049667287996271625,0.20305480400566012,1,1,1,1,1,0,0,0.02,0.01,10,1.0
mixed,9,cpp,cpp,4,1,1,connected,0.0003496590070426464,0.00048636100837029517,0.0008360200154129416,55,62,20,"{""adapter_wall_ms"": 0.32147899037227035, ""backend"": ""cpp"", ""bridge_accepted_count"": 20, ""bridge_candidate_count"": 21, ""bridge_candidates_ms"": 0.00933, ""bridge_rejected_collision"": 1, ""bridge_rejected_duplicate"": 0, ""convex_pair_evaluated"": 23, ""convex_pair_rejected_broad_phase"": 4, ""convex_pair_total"": 27, ""graph_assembly_ms"": 0.065155, ""internal_candidates_ms"": 0.017812, ""internal_pair_evaluated"": 2, ""internal_pair_total"": 2, ""obstacle_pair_candidates"": 20, ""obstacle_pair_rejected_broad_phase"": 71, ""obstacle_pair_total"": 91, ""preprocess_ms"": 0.038667, ""threads_used"": 4, ""total_ms"": 0.135065}",0.0011699009919539094,0.06318945501698181,0.27783326999633573,1,1,1,1,1,0,0,0.02,0.01,10,1.0
mixed,10,cpp,cpp,4,1,1,connected,0.0003184460219927132,0.00041829299880191684,0.00073673902079463,51,51,14,"{""adapter_wall_ms"": 0.2923190186265856, ""backend"": ""cpp"", ""bridge_accepted_count"": 14, ""bridge_candidate_count"": 19, ""bridge_candidates_ms"": 0.007949, ""bridge_rejected_collision"": 5, ""bridge_rejected_duplicate"": 0, ""convex_pair_evaluated"": 25, ""convex_pair_rejected_broad_phase"": 5, ""convex_pair_total"": 30, ""graph_assembly_ms"": 0.049063, ""internal_candidates_ms"": 0.02326, ""internal_pair_evaluated"": 5, ""internal_pair_total"": 5, ""obstacle_pair_candidates"": 16, ""obstacle_pair_rejected_broad_phase"": 75, ""obstacle_pair_total"": 91, ""preprocess_ms"": 0.039421, ""threads_used"": 4, ""total_ms"": 0.12456999999999999}",0.001403401984134689,0.05368068799725734,0.23587489101919346,1,1,1,1,1,0,0,0.02,0.01,10,1.0
mixed,11,cpp,cpp,4,1,1,connected,0.0004300069995224476,0.001114646001951769,0.0015446530014742166,78,90,26,"{""adapter_wall_ms"": 0.40363200241699815, ""backend"": ""cpp"", ""bridge_accepted_count"": 26, ""bridge_candidate_count"": 34, ""bridge_candidates_ms"": 0.011145, ""bridge_rejected_collision"": 8, ""bridge_rejected_duplicate"": 0, ""convex_pair_evaluated"": 38, ""convex_pair_rejected_broad_phase"": 9, ""convex_pair_total"": 47, ""graph_assembly_ms"": 0.085227, ""internal_candidates_ms"": 0.02864, ""internal_pair_evaluated"": 7, ""internal_pair_total"": 7, ""obstacle_pair_candidates"": 23, ""obstacle_pair_rejected_broad_phase"": 68, ""obstacle_pair_total"": 91, ""preprocess_ms"": 0.040224, ""threads_used"": 4, ""total_ms"": 0.169884}",0.0012045509938616306,0.06537196901626885,0.2919745990075171,1,1,1,1,1,0,0,0.02,0.01,10,1.0
mixed,12,cpp,cpp,4,1,1,connected,0.000418304989580065,0.0007639149844180793,0.0011822199739981443,62,67,19,"{""adapter_wall_ms"": 0.3892430104315281, ""backend"": ""cpp"", ""bridge_accepted_count"": 19, ""bridge_candidate_count"": 23, ""bridge_candidates_ms"": 0.009995, ""bridge_rejected_collision"": 4, ""bridge_rejected_duplicate"": 0, ""convex_pair_evaluated"": 29, ""convex_pair_rejected_broad_phase"": 9, ""convex_pair_total"": 38, ""graph_assembly_ms"": 0.072025, ""internal_candidates_ms"": 0.027715, ""internal_pair_evaluated"": 6, ""internal_pair_total"": 6, ""obstacle_pair_candidates"": 22, ""obstacle_pair_rejected_broad_phase"": 69, ""obstacle_pair_total"": 91, ""preprocess_ms"": 0.067409, ""threads_used"": 4, ""total_ms"": 0.18259999999999998}",0.0013752960076089948,0.04182609301642515,0.1660213579889387,1,0,0,0,0,0,0,0.02,0.01,10,1.0
mixed,13,cpp,cpp,4,1,1,connected,0.00043248600559309125,0.0007595920178573579,0.0011920780234504491,77,88,25,"{""adapter_wall_ms"": 0.405641010729596, ""backend"": ""cpp"", ""bridge_accepted_count"": 25, ""bridge_candidate_count"": 32, ""bridge_candidates_ms"": 0.010732, ""bridge_rejected_collision"": 7, ""bridge_rejected_duplicate"": 0, ""convex_pair_evaluated"": 37, ""convex_pair_rejected_broad_phase"": 14, ""convex_pair_total"": 51, ""graph_assembly_ms"": 0.081704, ""internal_candidates_ms"": 0.028607, ""internal_pair_evaluated"": 7, ""internal_pair_total"": 7, ""obstacle_pair_candidates"": 21, ""obstacle_pair_rejected_broad_phase"": 70, ""obstacle_pair_total"": 91, ""preprocess_ms"": 0.043184, ""threads_used"": 4, ""total_ms"": 0.169138}",0.0014793899899814278,0.05452105900621973,0.22593244700692594,1,1,1,1,1,0,0,0.02,0.01,10,1.0
mixed,14,cpp,cpp,4,1,1,connected,0.0004216009983792901,0.0008116899989545345,0.0012332909973338246,70,80,24,"{""adapter_wall_ms"": 0.3945880162063986, ""backend"": ""cpp"", ""bridge_accepted_count"": 24, ""bridge_candidate_count"": 29, ""bridge_candidates_ms"": 0.009681, ""bridge_rejected_collision"": 5, ""bridge_rejected_duplicate"": 0, ""convex_pair_evaluated"": 31, ""convex_pair_rejected_broad_phase"": 12, ""convex_pair_total"": 43, ""graph_assembly_ms"": 0.083643, ""internal_candidates_ms"": 0.027249, ""internal_pair_evaluated"": 6, ""internal_pair_total"": 6, ""obstacle_pair_candidates"": 20, ""obstacle_pair_rejected_broad_phase"": 71, ""obstacle_pair_total"": 91, ""preprocess_ms"": 0.047512, ""threads_used"": 4, ""total_ms"": 0.172689}",0.0013445179793052375,0.059650330018484965,0.25487209198763594,1,1,1,1,1,0,0,0.02,0.01,10,1.0
mixed,15,cpp,cpp,4,1,1,connected,0.0003995449806097895,0.0006682740058749914,0.001067818986484781,62,70,21,"{""adapter_wall_ms"": 0.3712399920914322, ""backend"": ""cpp"", ""bridge_accepted_count"": 21, ""bridge_candidate_count"": 27, ""bridge_candidates_ms"": 0.009678, ""bridge_rejected_collision"": 6, ""bridge_rejected_duplicate"": 0, ""convex_pair_evaluated"": 32, ""convex_pair_rejected_broad_phase"": 6, ""convex_pair_total"": 38, ""graph_assembly_ms"": 0.071526, ""internal_candidates_ms"": 0.028477, ""internal_pair_evaluated"": 5, ""internal_pair_total"": 5, ""obstacle_pair_candidates"": 19, ""obstacle_pair_rejected_broad_phase"": 72, ""obstacle_pair_total"": 91, ""preprocess_ms"": 0.040244, ""threads_used"": 4, ""total_ms"": 0.154274}",0.0012708939902950078,0.06075613500433974,0.25703323699417524,1,1,1,1,1,0,0,0.02,0.01,10,1.0
mixed,16,cpp,cpp,4,1,1,connected,0.00032982099219225347,0.0005852720059920102,0.0009150929981842637,46,46,14,"{""adapter_wall_ms"": 0.30130299273878336, ""backend"": ""cpp"", ""bridge_accepted_count"": 14, ""bridge_candidate_count"": 14, ""bridge_candidates_ms"": 0.005791, ""bridge_rejected_collision"": 0, ""bridge_rejected_duplicate"": 0, ""convex_pair_evaluated"": 15, ""convex_pair_rejected_broad_phase"": 4, ""convex_pair_total"": 19, ""graph_assembly_ms"": 0.045984, ""internal_candidates_ms"": 0.020998, ""internal_pair_evaluated"": 3, ""internal_pair_total"": 3, ""obstacle_pair_candidates"": 14, ""obstacle_pair_rejected_broad_phase"": 77, ""obstacle_pair_total"": 91, ""preprocess_ms"": 0.051382, ""threads_used"": 4, ""total_ms"": 0.128382}",0.0012396950041875243,0.05853283099713735,0.265808976982953,1,1,1,1,1,0,0,0.02,0.01,10,1.0
mixed,17,cpp,cpp,4,1,0,disconnected_frontier,0.0004478770133573562,0.0006759249954484403,0.0011238020088057965,73,83,24,"{""adapter_wall_ms"": 0.418190989876166, ""backend"": ""cpp"", ""bridge_accepted_count"": 24, ""bridge_candidate_count"": 28, ""bridge_candidates_ms"": 0.009588, ""bridge_rejected_collision"": 4, ""bridge_rejected_duplicate"": 0, ""convex_pair_evaluated"": 34, ""convex_pair_rejected_broad_phase"": 8, ""convex_pair_total"": 42, ""graph_assembly_ms"": 0.090998, ""internal_candidates_ms"": 0.027664, ""internal_pair_evaluated"": 6, ""internal_pair_total"": 6, ""obstacle_pair_candidates"": 19, ""obstacle_pair_rejected_broad_phase"": 72, ""obstacle_pair_total"": 91, ""preprocess_ms"": 0.055014, ""threads_used"": 4, ""total_ms"": 0.188237}",0.0013609740126412362,0.03948442099499516,0.15470887999981642,0,1,0,0,1,0,0,0.02,0.01,10,1.0
mixed,18,cpp,cpp,4,1,1,connected,0.0004364420019555837,0.0008077349921222776,0.0012441769940778613,64,71,21,"{""adapter_wall_ms"": 0.4041960055474192, ""backend"": ""cpp"", ""bridge_accepted_count"": 21, ""bridge_candidate_count"": 23, ""bridge_candidates_ms"": 0.008894, ""bridge_rejected_collision"": 2, ""bridge_rejected_duplicate"": 0, ""convex_pair_evaluated"": 26, ""convex_pair_rejected_broad_phase"": 8, ""convex_pair_total"": 34, ""graph_assembly_ms"": 0.075988, ""internal_candidates_ms"": 0.024571, ""internal_pair_evaluated"": 5, ""internal_pair_total"": 5, ""obstacle_pair_candidates"": 19, ""obstacle_pair_rejected_broad_phase"": 72, ""obstacle_pair_total"": 91, ""preprocess_ms"": 0.047031, ""threads_used"": 4, ""total_ms"": 0.16172}",0.0012448810157366097,0.058661934977862984,0.26499069199780934,1,1,1,1,1,0,0,0.02,0.01,10,1.0
mixed,19,cpp,cpp,4,1,0,disconnected_frontier,0.00041942999814637005,0.0006237049819901586,0.0010431349801365286,58,64,20,"{""adapter_wall_ms"": 0.3868729982059449, ""backend"": ""cpp"", ""bridge_accepted_count"": 20, ""bridge_candidate_count"": 21, ""bridge_candidates_ms"": 0.009545, ""bridge_rejected_collision"": 1, ""bridge_rejected_duplicate"": 0, ""convex_pair_evaluated"": 21, ""convex_pair_rejected_broad_phase"": 3, ""convex_pair_total"": 24, ""graph_assembly_ms"": 0.070076, ""internal_candidates_ms"": 0.020137, ""internal_pair_evaluated"": 2, ""internal_pair_total"": 2, ""obstacle_pair_candidates"": 17, ""obstacle_pair_rejected_broad_phase"": 74, ""obstacle_pair_total"": 91, ""preprocess_ms"": 0.044787999999999994, ""threads_used"": 4, ""total_ms"": 0.148654}",0.0012818200048059225,0.045669526007259265,0.1849186909967102,0,1,0,0,1,0,0,0.02,0.01,10,1.0
mixed,20,cpp,cpp,4,1,1,connected,0.00043785700108855963,0.0005989140190649778,0.0010367710201535374,62,69,20,"{""adapter_wall_ms"": 0.4070949798915535, ""backend"": ""cpp"", ""bridge_accepted_count"": 20, ""bridge_candidate_count"": 21, ""bridge_candidates_ms"": 0.019755, ""bridge_rejected_collision"": 1, ""bridge_rejected_duplicate"": 0, ""convex_pair_evaluated"": 21, ""convex_pair_rejected_broad_phase"": 4, ""convex_pair_total"": 25, ""graph_assembly_ms"": 0.083967, ""internal_candidates_ms"": 0.02974, ""internal_pair_evaluated"": 5, ""internal_pair_total"": 5, ""obstacle_pair_candidates"": 14, ""obstacle_pair_rejected_broad_phase"": 77, ""obstacle_pair_total"": 91, ""preprocess_ms"": 0.054447999999999996, ""threads_used"": 4, ""total_ms"": 0.19204}",0.0014182550075929612,0.06837374801398255,0.2890987199789379,1,1,1,1,1,0,0,0.02,0.01,10,1.0
mixed,21,cpp,cpp,4,1,1,connected,0.00033145700581371784,0.000557675986783579,0.0008891329925972968,55,58,17,"{""adapter_wall_ms"": 0.3046109923161566, ""backend"": ""cpp"", ""bridge_accepted_count"": 17, ""bridge_candidate_count"": 17, ""bridge_candidates_ms"": 0.008469, ""bridge_rejected_collision"": 0, ""bridge_rejected_duplicate"": 0, ""convex_pair_evaluated"": 21, ""convex_pair_rejected_broad_phase"": 5, ""convex_pair_total"": 26, ""graph_assembly_ms"": 0.055423, ""internal_candidates_ms"": 0.020795, ""internal_pair_evaluated"": 4, ""internal_pair_total"": 4, ""obstacle_pair_candidates"": 17, ""obstacle_pair_rejected_broad_phase"": 74, ""obstacle_pair_total"": 91, ""preprocess_ms"": 0.039274, ""threads_used"": 4, ""total_ms"": 0.128647}",0.001237163000041619,0.0650678729871288,0.29397174299811013,1,1,1,1,1,0,0,0.02,0.01,10,1.0
mixed,22,cpp,cpp,4,1,1,connected,0.0004105239931959659,0.0008855860214680433,0.0012961100146640092,56,59,17,"{""adapter_wall_ms"": 0.37392100784927607, ""backend"": ""cpp"", ""bridge_accepted_count"": 17, ""bridge_candidate_count"": 20, ""bridge_candidates_ms"": 0.009084, ""bridge_rejected_collision"": 3, ""bridge_rejected_duplicate"": 0, ""convex_pair_evaluated"": 24, ""convex_pair_rejected_broad_phase"": 5, ""convex_pair_total"": 29, ""graph_assembly_ms"": 0.071679, ""internal_candidates_ms"": 0.027614, ""internal_pair_evaluated"": 4, ""internal_pair_total"": 4, ""obstacle_pair_candidates"": 16, ""obstacle_pair_rejected_broad_phase"": 75, ""obstacle_pair_total"": 91, ""preprocess_ms"": 0.056676000000000004, ""threads_used"": 4, ""total_ms"": 0.17066299999999998}",0.001200392987811938,0.06309784599579871,0.28458612100803293,1,1,1,1,1,0,0,0.02,0.01,10,1.0
mixed,23,cpp,cpp,4,1,1,connected,0.00040658601210452616,0.00046972499694675207,0.0008763110090512782,53,57,17,"{""adapter_wall_ms"": 0.37685499410144985, ""backend"": ""cpp"", ""bridge_accepted_count"": 17, ""bridge_candidate_count"": 17, ""bridge_candidates_ms"": 0.007771, ""bridge_rejected_collision"": 0, ""bridge_rejected_duplicate"": 0, ""convex_pair_evaluated"": 18, ""convex_pair_rejected_broad_phase"": 1, ""convex_pair_total"": 19, ""graph_assembly_ms"": 0.057901, ""internal_candidates_ms"": 0.020137, ""internal_pair_evaluated"": 3, ""internal_pair_total"": 3, ""obstacle_pair_candidates"": 15, ""obstacle_pair_rejected_broad_phase"": 76, ""obstacle_pair_total"": 91, ""preprocess_ms"": 0.047301, ""threads_used"": 4, ""total_ms"": 0.137458}",0.0013664010039065033,0.06977674100198783,0.29142288499861024,1,1,1,1,1,0,0,0.02,0.01,10,1.0
mixed,24,cpp,cpp,4,1,0,disconnected_frontier,0.000392632995499298,0.0006829790072515607,0.0010756120027508587,61,66,19,"{""adapter_wall_ms"": 0.36385501152835786, ""backend"": ""cpp"", ""bridge_accepted_count"": 19, ""bridge_candidate_count"": 21, ""bridge_candidates_ms"": 0.008692, ""bridge_rejected_collision"": 2, ""bridge_rejected_duplicate"": 0, ""convex_pair_evaluated"": 24, ""convex_pair_rejected_broad_phase"": 6, ""convex_pair_total"": 30, ""graph_assembly_ms"": 0.088167, ""internal_candidates_ms"": 0.025261, ""internal_pair_evaluated"": 5, ""internal_pair_total"": 5, ""obstacle_pair_candidates"": 16, ""obstacle_pair_rejected_broad_phase"": 75, ""obstacle_pair_total"": 91, ""preprocess_ms"": 0.041483000000000006, ""threads_used"": 4, ""total_ms"": 0.16810599999999998}",0.0014138719998300076,0.0422205539944116,0.16641282598720863,0,1,0,0,1,0,0,0.02,0.01,10,1.0
mixed,25,cpp,cpp,4,1,1,connected,0.000406236998969689,0.0007725239847786725,0.0011787609837483615,66,76,24,"{""adapter_wall_ms"": 0.3813559887930751, ""backend"": ""cpp"", ""bridge_accepted_count"": 24, ""bridge_candidate_count"": 25, ""bridge_candidates_ms"": 0.009554, ""bridge_rejected_collision"": 1, ""bridge_rejected_duplicate"": 0, ""convex_pair_evaluated"": 28, ""convex_pair_rejected_broad_phase"": 6, ""convex_pair_total"": 34, ""graph_assembly_ms"": 0.079129, ""internal_candidates_ms"": 0.020676, ""internal_pair_evaluated"": 3, ""internal_pair_total"": 3, ""obstacle_pair_candidates"": 21, ""obstacle_pair_rejected_broad_phase"": 70, ""obstacle_pair_total"": 91, ""preprocess_ms"": 0.04198, ""threads_used"": 4, ""total_ms"": 0.156338}",0.0013121000083629042,0.06600370098021813,0.282612462004181,1,1,1,1,1,0,0,0.02,0.01,10,1.0
mixed,26,cpp,cpp,4,1,1,connected,0.00033824198180809617,0.0007084770186338574,0.0010467190004419535,49,50,15,"{""adapter_wall_ms"": 0.3054619883187115, ""backend"": ""cpp"", ""bridge_accepted_count"": 15, ""bridge_candidate_count"": 16, ""bridge_candidates_ms"": 0.006583, ""bridge_rejected_collision"": 1, ""bridge_rejected_duplicate"": 0, ""convex_pair_evaluated"": 18, ""convex_pair_rejected_broad_phase"": 0, ""convex_pair_total"": 18, ""graph_assembly_ms"": 0.051664, ""internal_candidates_ms"": 0.021623, ""internal_pair_evaluated"": 3, ""internal_pair_total"": 3, ""obstacle_pair_candidates"": 15, ""obstacle_pair_rejected_broad_phase"": 76, ""obstacle_pair_total"": 91, ""preprocess_ms"": 0.042719999999999994, ""threads_used"": 4, ""total_ms"": 0.126506}",0.0014564470038749278,0.06372827899758704,0.2757779489911627,1,1,1,1,1,0,0,0.02,0.01,10,1.0
mixed,27,cpp,cpp,4,1,1,connected,0.00045270699774846435,0.0007925079844426364,0.0012452149821911007,75,88,26,"{""adapter_wall_ms"": 0.4199419927317649, ""backend"": ""cpp"", ""bridge_accepted_count"": 26, ""bridge_candidate_count"": 27, ""bridge_candidates_ms"": 0.008225, ""bridge_rejected_collision"": 1, ""bridge_rejected_duplicate"": 0, ""convex_pair_evaluated"": 28, ""convex_pair_rejected_broad_phase"": 13, ""convex_pair_total"": 41, ""graph_assembly_ms"": 0.083416, ""internal_candidates_ms"": 0.027628, ""internal_pair_evaluated"": 7, ""internal_pair_total"": 7, ""obstacle_pair_candidates"": 18, ""obstacle_pair_rejected_broad_phase"": 73, ""obstacle_pair_total"": 91, ""preprocess_ms"": 0.044316, ""threads_used"": 4, ""total_ms"": 0.16803600000000002}",0.0013071889989078045,0.05488113401224837,0.23899479999090545,1,1,1,1,1,0,0,0.02,0.01,10,1.0
mixed,28,cpp,cpp,4,1,1,connected,0.00044384002103470266,0.0006101119797676802,0.0010539520008023828,85,99,28,"{""adapter_wall_ms"": 0.41742101893760264, ""backend"": ""cpp"", ""bridge_accepted_count"": 28, ""bridge_candidate_count"": 32, ""bridge_candidates_ms"": 0.009839, ""bridge_rejected_collision"": 4, ""bridge_rejected_duplicate"": 0, ""convex_pair_evaluated"": 34, ""convex_pair_rejected_broad_phase"": 9, ""convex_pair_total"": 43, ""graph_assembly_ms"": 0.086681, ""internal_candidates_ms"": 0.028764, ""internal_pair_evaluated"": 8, ""internal_pair_total"": 8, ""obstacle_pair_candidates"": 20, ""obstacle_pair_rejected_broad_phase"": 71, ""obstacle_pair_total"": 91, ""preprocess_ms"": 0.043533, ""threads_used"": 4, ""total_ms"": 0.174203}",0.0013783210015390068,0.060113562998594716,0.2629232910112478,1,1,1,1,1,0,0,0.02,0.01,10,1.0
mixed,29,cpp,cpp,4,1,1,connected,0.0004391950205899775,0.0006357099919114262,0.0010749050125014037,60,66,20,"{""adapter_wall_ms"": 0.40828200872056186, ""backend"": ""cpp"", ""bridge_accepted_count"": 20, ""bridge_candidate_count"": 23, ""bridge_candidates_ms"": 0.009721, ""bridge_rejected_collision"": 3, ""bridge_rejected_duplicate"": 0, ""convex_pair_evaluated"": 23, ""convex_pair_rejected_broad_phase"": 3, ""convex_pair_total"": 26, ""graph_assembly_ms"": 0.087095, ""internal_candidates_ms"": 0.022975, ""internal_pair_evaluated"": 4, ""internal_pair_total"": 4, ""obstacle_pair_candidates"": 17, ""obstacle_pair_rejected_broad_phase"": 74, ""obstacle_pair_total"": 91, ""preprocess_ms"": 0.043267, ""threads_used"": 4, ""total_ms"": 0.16777899999999998}",0.0014148940099403262,0.06547031097579747,0.28449623499182053,1,1,1,1,1,0,0,0.02,0.01,10,1.0
mixed,30,cpp,cpp,4,1,0,disconnected_frontier,0.0003972710110247135,0.000661480997223407,0.0010587520082481205,51,53,16,"{""adapter_wall_ms"": 0.36812000325880945, ""backend"": ""cpp"", ""bridge_accepted_count"": 16, ""bridge_candidate_count"": 18, ""bridge_candidates_ms"": 0.007013, ""bridge_rejected_collision"": 2, ""bridge_rejected_duplicate"": 0, ""convex_pair_evaluated"": 20, ""convex_pair_rejected_broad_phase"": 3, ""convex_pair_total"": 23, ""graph_assembly_ms"": 0.054386, ""internal_candidates_ms"": 0.020701, ""internal_pair_evaluated"": 3, ""internal_pair_total"": 3, ""obstacle_pair_candidates"": 17, ""obstacle_pair_rejected_broad_phase"": 74, ""obstacle_pair_total"": 91, ""preprocess_ms"": 0.048896999999999996, ""threads_used"": 4, ""total_ms"": 0.135176}",0.0012862619769293815,0.052114989986876026,0.21549848400172777,0,1,0,0,1,0,0,0.02,0.01,10,1.0
mixed,31,cpp,cpp,4,1,1,connected,0.00033631199039518833,0.0005066650046501309,0.0008429769950453192,52,56,17,"{""adapter_wall_ms"": 0.3103119961451739, ""backend"": ""cpp"", ""bridge_accepted_count"": 17, ""bridge_candidate_count"": 18, ""bridge_candidates_ms"": 0.007227, ""bridge_rejected_collision"": 1, ""bridge_rejected_duplicate"": 0, ""convex_pair_evaluated"": 19, ""convex_pair_rejected_broad_phase"": 0, ""convex_pair_total"": 19, ""graph_assembly_ms"": 0.056199, ""internal_candidates_ms"": 0.019579, ""internal_pair_evaluated"": 3, ""internal_pair_total"": 3, ""obstacle_pair_candidates"": 14, ""obstacle_pair_rejected_broad_phase"": 77, ""obstacle_pair_total"": 91, ""preprocess_ms"": 0.041427000000000005, ""threads_used"": 4, ""total_ms"": 0.128822}",0.0012775129871442914,0.061932462005643174,0.2709954300080426,1,1,1,1,1,0,0,0.02,0.01,10,1.0
mixed,32,cpp,cpp,4,1,1,connected,0.0003230150032322854,0.0005702690104953945,0.0008932840137276798,50,50,14,"{""adapter_wall_ms"": 0.29620600980706513, ""backend"": ""cpp"", ""bridge_accepted_count"": 14, ""bridge_candidate_count"": 19, ""bridge_candidates_ms"": 0.007331, ""bridge_rejected_collision"": 5, ""bridge_rejected_duplicate"": 0, ""convex_pair_evaluated"": 23, ""convex_pair_rejected_broad_phase"": 2, ""convex_pair_total"": 25, ""graph_assembly_ms"": 0.049267, ""internal_candidates_ms"": 0.022421, ""internal_pair_evaluated"": 4, ""internal_pair_total"": 4, ""obstacle_pair_candidates"": 15, ""obstacle_pair_rejected_broad_phase"": 76, ""obstacle_pair_total"": 91, ""preprocess_ms"": 0.041346, ""threads_used"": 4, ""total_ms"": 0.124717}",0.0012800139957107604,0.07416894799098372,0.30310783701133914,1,1,1,1,1,0,0,0.02,0.01,10,1.0
mixed,33,cpp,cpp,4,1,1,connected,0.00040692801121622324,0.0006519340095110238,0.001058862020727247,54,56,16,"{""adapter_wall_ms"": 0.3744209825526923, ""backend"": ""cpp"", ""bridge_accepted_count"": 16, ""bridge_candidate_count"": 16, ""bridge_candidates_ms"": 0.008129, ""bridge_rejected_collision"": 0, ""bridge_rejected_duplicate"": 0, ""convex_pair_evaluated"": 22, ""convex_pair_rejected_broad_phase"": 6, ""convex_pair_total"": 28, ""graph_assembly_ms"": 0.057887, ""internal_candidates_ms"": 0.023385, ""internal_pair_evaluated"": 4, ""internal_pair_total"": 4, ""obstacle_pair_candidates"": 16, ""obstacle_pair_rejected_broad_phase"": 75, ""obstacle_pair_total"": 91, ""preprocess_ms"": 0.051029000000000005, ""threads_used"": 4, ""total_ms"": 0.144575}",0.001324040989857167,0.06276467500720173,0.2643820180092007,1,1,1,1,1,0,0,0.02,0.01,10,1.0
mixed,34,cpp,cpp,4,1,1,connected,0.00031533799483440816,0.0006048460199963301,0.0009201840148307383,46,46,14,"{""adapter_wall_ms"": 0.2864649868570268, ""backend"": ""cpp"", ""bridge_accepted_count"": 14, ""bridge_candidate_count"": 14, ""bridge_candidates_ms"": 0.006932, ""bridge_rejected_collision"": 0, ""bridge_rejected_duplicate"": 0, ""convex_pair_evaluated"": 17, ""convex_pair_rejected_broad_phase"": 4, ""convex_pair_total"": 21, ""graph_assembly_ms"": 0.046542, ""internal_candidates_ms"": 0.019474, ""internal_pair_evaluated"": 2, ""internal_pair_total"": 2, ""obstacle_pair_candidates"": 15, ""obstacle_pair_rejected_broad_phase"": 76, ""obstacle_pair_total"": 91, ""preprocess_ms"": 0.037577, ""threads_used"": 4, ""total_ms"": 0.114849}",0.001310735009610653,0.06189345201710239,0.2470152690075338,1,1,1,1,1,0,0,0.02,0.01,10,1.0
mixed,35,cpp,cpp,4,1,1,connected,0.0003271639870945364,0.00041363202035427094,0.0007407960074488074,50,51,15,"{""adapter_wall_ms"": 0.2995820250362158, ""backend"": ""cpp"", ""bridge_accepted_count"": 15, ""bridge_candidate_count"": 15, ""bridge_candidates_ms"": 0.006623, ""bridge_rejected_collision"": 0, ""bridge_rejected_duplicate"": 0, ""convex_pair_evaluated"": 17, ""convex_pair_rejected_broad_phase"": 1, ""convex_pair_total"": 18, ""graph_assembly_ms"": 0.052176, ""internal_candidates_ms"": 0.019922, ""internal_pair_evaluated"": 3, ""internal_pair_total"": 3, ""obstacle_pair_candidates"": 14, ""obstacle_pair_rejected_broad_phase"": 77, ""obstacle_pair_total"": 91, ""preprocess_ms"": 0.042349, ""threads_used"": 4, ""total_ms"": 0.124791}",0.001413973979651928,0.07266014401102439,0.27551233998383395,1,1,1,1,1,0,0,0.02,0.01,10,1.0
mixed,36,cpp,cpp,4,1,1,connected,0.0003086589858867228,0.000442297023255378,0.0007509560091421008,47,48,15,"{""adapter_wall_ms"": 0.2815930056385696, ""backend"": ""cpp"", ""bridge_accepted_count"": 15, ""bridge_candidate_count"": 15, ""bridge_candidates_ms"": 0.006445, ""bridge_rejected_collision"": 0, ""bridge_rejected_duplicate"": 0, ""convex_pair_evaluated"": 16, ""convex_pair_rejected_broad_phase"": 0, ""convex_pair_total"": 16, ""graph_assembly_ms"": 0.049184, ""internal_candidates_ms"": 0.017384, ""internal_pair_evaluated"": 2, ""internal_pair_total"": 2, ""obstacle_pair_candidates"": 13, ""obstacle_pair_rejected_broad_phase"": 78, ""obstacle_pair_total"": 91, ""preprocess_ms"": 0.036857, ""threads_used"": 4, ""total_ms"": 0.114138}",0.0012541080068331212,0.06688219899660908,0.28581925900653005,1,1,1,1,1,0,0,0.02,0.01,10,1.0
mixed,37,cpp,cpp,4,1,1,connected,0.00034811801742762327,0.0005622809985652566,0.0009103990159928799,53,59,19,"{""adapter_wall_ms"": 0.3224940155632794, ""backend"": ""cpp"", ""bridge_accepted_count"": 19, ""bridge_candidate_count"": 20, ""bridge_candidates_ms"": 0.008148, ""bridge_rejected_collision"": 1, ""bridge_rejected_duplicate"": 0, ""convex_pair_evaluated"": 26, ""convex_pair_rejected_broad_phase"": 3, ""convex_pair_total"": 29, ""graph_assembly_ms"": 0.058699, ""internal_candidates_ms"": 0.019872, ""internal_pair_evaluated"": 3, ""internal_pair_total"": 3, ""obstacle_pair_candidates"": 19, ""obstacle_pair_rejected_broad_phase"": 72, ""obstacle_pair_total"": 91, ""preprocess_ms"": 0.043175000000000005, ""threads_used"": 4, ""total_ms"": 0.134977}",0.0012069139920640737,0.05736153700854629,0.24647203902713954,1,1,1,1,1,0,0,0.02,0.01,10,1.0
mixed,38,cpp,cpp,4,1,1,connected,0.00033026697929017246,0.000782728020567447,0.0011129949998576194,46,46,14,"{""adapter_wall_ms"": 0.30138500733301044, ""backend"": ""cpp"", ""bridge_accepted_count"": 14, ""bridge_candidate_count"": 15, ""bridge_candidates_ms"": 0.007632, ""bridge_rejected_collision"": 1, ""bridge_rejected_duplicate"": 0, ""convex_pair_evaluated"": 18, ""convex_pair_rejected_broad_phase"": 2, ""convex_pair_total"": 20, ""graph_assembly_ms"": 0.04983, ""internal_candidates_ms"": 0.018434, ""internal_pair_evaluated"": 2, ""internal_pair_total"": 2, ""obstacle_pair_candidates"": 16, ""obstacle_pair_rejected_broad_phase"": 75, ""obstacle_pair_total"": 91, ""preprocess_ms"": 0.042561, ""threads_used"": 4, ""total_ms"": 0.122472}",0.0011880559904966503,0.08107497298624367,0.3019180139817763,1,1,1,1,1,0,0,0.02,0.01,10,1.0
mixed,39,cpp,cpp,4,1,0,disconnected_frontier,0.0003568239917512983,0.000571240991121158,0.0009280649828724563,58,62,18,"{""adapter_wall_ms"": 0.33142699976451695, ""backend"": ""cpp"", ""bridge_accepted_count"": 18, ""bridge_candidate_count"": 21, ""bridge_candidates_ms"": 0.008672, ""bridge_rejected_collision"": 3, ""bridge_rejected_duplicate"": 0, ""convex_pair_evaluated"": 24, ""convex_pair_rejected_broad_phase"": 3, ""convex_pair_total"": 27, ""graph_assembly_ms"": 0.070241, ""internal_candidates_ms"": 0.023239, ""internal_pair_evaluated"": 4, ""internal_pair_total"": 4, ""obstacle_pair_candidates"": 16, ""obstacle_pair_rejected_broad_phase"": 75, ""obstacle_pair_total"": 91, ""preprocess_ms"": 0.040749, ""threads_used"": 4, ""total_ms"": 0.147158}",0.0013474489969667047,0.02416390899452381,0.08699828400858678,0,1,0,0,1,0,0,0.02,0.01,10,1.0
mixed,40,cpp,cpp,4,1,1,connected,0.0006451060180552304,0.0007505340036004782,0.0013956400216557086,75,90,28,"{""adapter_wall_ms"": 0.606885994784534, ""backend"": ""cpp"", ""bridge_accepted_count"": 28, ""bridge_candidate_count"": 36, ""bridge_candidates_ms"": 0.012253, ""bridge_rejected_collision"": 8, ""bridge_rejected_duplicate"": 0, ""convex_pair_evaluated"": 40, ""convex_pair_rejected_broad_phase"": 10, ""convex_pair_total"": 50, ""graph_assembly_ms"": 0.19544, ""internal_candidates_ms"": 0.037275, ""internal_pair_evaluated"": 5, ""internal_pair_total"": 5, ""obstacle_pair_candidates"": 24, ""obstacle_pair_rejected_broad_phase"": 67, ""obstacle_pair_total"": 91, ""preprocess_ms"": 0.042979, ""threads_used"": 4, ""total_ms"": 0.294165}",0.0011564599990379065,0.05684753000969067,0.24146154598565772,1,1,1,1,1,0,0,0.02,0.01,10,1.0
mixed,41,cpp,cpp,4,1,0,disconnected_frontier,0.0004232150095049292,0.0006819659902248532,0.0011051809997297823,67,77,23,"{""adapter_wall_ms"": 0.3974860010202974, ""backend"": ""cpp"", ""bridge_accepted_count"": 23, ""bridge_candidate_count"": 24, ""bridge_candidates_ms"": 0.009697, ""bridge_rejected_collision"": 1, ""bridge_rejected_duplicate"": 0, ""convex_pair_evaluated"": 27, ""convex_pair_rejected_broad_phase"": 9, ""convex_pair_total"": 36, ""graph_assembly_ms"": 0.084764, ""internal_candidates_ms"": 0.026438, ""internal_pair_evaluated"": 6, ""internal_pair_total"": 6, ""obstacle_pair_candidates"": 18, ""obstacle_pair_rejected_broad_phase"": 73, ""obstacle_pair_total"": 91, ""preprocess_ms"": 0.046237, ""threads_used"": 4, ""total_ms"": 0.17192100000000002}",0.0011893989867530763,0.02545402100076899,0.09909629900357686,0,1,0,0,1,0,0,0.02,0.01,10,1.0
mixed,42,cpp,cpp,4,1,1,connected,0.0003720480017364025,0.0010236260131932795,0.001395674014929682,60,64,18,"{""adapter_wall_ms"": 0.3454629913903773, ""backend"": ""cpp"", ""bridge_accepted_count"": 18, ""bridge_candidate_count"": 19, ""bridge_candidates_ms"": 0.007967, ""bridge_rejected_collision"": 1, ""bridge_rejected_duplicate"": 0, ""convex_pair_evaluated"": 23, ""convex_pair_rejected_broad_phase"": 11, ""convex_pair_total"": 34, ""graph_assembly_ms"": 0.061369, ""internal_candidates_ms"": 0.025569, ""internal_pair_evaluated"": 5, ""internal_pair_total"": 5, ""obstacle_pair_candidates"": 18, ""obstacle_pair_rejected_broad_phase"": 73, ""obstacle_pair_total"": 91, ""preprocess_ms"": 0.040878, ""threads_used"": 4, ""total_ms"": 0.140965}",0.0013368650106713176,0.05493585899239406,0.24209668600815348,1,1,1,1,1,0,0,0.02,0.01,10,1.0
mixed,43,cpp,cpp,4,1,1,connected,0.0003702969988808036,0.00047852800344116986,0.0008488250023219734,61,66,19,"{""adapter_wall_ms"": 0.3436639963183552, ""backend"": ""cpp"", ""bridge_accepted_count"": 19, ""bridge_candidate_count"": 25, ""bridge_candidates_ms"": 0.008419, ""bridge_rejected_collision"": 6, ""bridge_rejected_duplicate"": 0, ""convex_pair_evaluated"": 29, ""convex_pair_rejected_broad_phase"": 9, ""convex_pair_total"": 38, ""graph_assembly_ms"": 0.064547, ""internal_candidates_ms"": 0.025022, ""internal_pair_evaluated"": 6, ""internal_pair_total"": 6, ""obstacle_pair_candidates"": 18, ""obstacle_pair_rejected_broad_phase"": 73, ""obstacle_pair_total"": 91, ""preprocess_ms"": 0.04301, ""threads_used"": 4, ""total_ms"": 0.146178}",0.0014567430189345032,0.06193433000589721,0.2764745269960258,1,1,1,1,1,0,0,0.02,0.01,10,1.0
mixed,44,cpp,cpp,4,1,1,connected,0.0003935080021619797,0.0006036520062480122,0.0009971600084099919,60,65,19,"{""adapter_wall_ms"": 0.3618780174292624, ""backend"": ""cpp"", ""bridge_accepted_count"": 19, ""bridge_candidate_count"": 22, ""bridge_candidates_ms"": 0.008966, ""bridge_rejected_collision"": 3, ""bridge_rejected_duplicate"": 0, ""convex_pair_evaluated"": 23, ""convex_pair_rejected_broad_phase"": 4, ""convex_pair_total"": 27, ""graph_assembly_ms"": 0.068361, ""internal_candidates_ms"": 0.024448, ""internal_pair_evaluated"": 4, ""internal_pair_total"": 4, ""obstacle_pair_candidates"": 17, ""obstacle_pair_rejected_broad_phase"": 74, ""obstacle_pair_total"": 91, ""preprocess_ms"": 0.045203999999999994, ""threads_used"": 4, ""total_ms"": 0.152522}",0.001414843980455771,0.05623984002158977,0.2278384770033881,1,1,1,1,1,0,0,0.02,0.01,10,1.0
mixed,45,cpp,cpp,4,1,1,connected,0.0003557099844329059,0.0005580580036621541,0.00091376798809506,47,46,13,"{""adapter_wall_ms"": 0.32704899786040187, ""backend"": ""cpp"", ""bridge_accepted_count"": 13, ""bridge_candidate_count"": 17, ""bridge_candidates_ms"": 0.00634, ""bridge_rejected_collision"": 4, ""bridge_rejected_duplicate"": 0, ""convex_pair_evaluated"": 19, ""convex_pair_rejected_broad_phase"": 1, ""convex_pair_total"": 20, ""graph_assembly_ms"": 0.050466, ""internal_candidates_ms"": 0.03274, ""internal_pair_evaluated"": 5, ""internal_pair_total"": 5, ""obstacle_pair_candidates"": 12, ""obstacle_pair_rejected_broad_phase"": 79, ""obstacle_pair_total"": 91, ""preprocess_ms"": 0.04444, ""threads_used"": 4, ""total_ms"": 0.151144}",0.0014761740167159587,0.06357184500666335,0.27803863302688114,1,1,1,1,1,0,0,0.02,0.01,10,1.0
mixed,46,cpp,cpp,4,1,1,connected,0.0003318370145279914,0.0007802159816492349,0.0011120529961772263,55,61,20,"{""adapter_wall_ms"": 0.306842994177714, ""backend"": ""cpp"", ""bridge_accepted_count"": 20, ""bridge_candidate_count"": 20, ""bridge_candidates_ms"": 0.008316, ""bridge_rejected_collision"": 0, ""bridge_rejected_duplicate"": 0, ""convex_pair_evaluated"": 21, ""convex_pair_rejected_broad_phase"": 8, ""convex_pair_total"": 29, ""graph_assembly_ms"": 0.062264, ""internal_candidates_ms"": 0.019355, ""internal_pair_evaluated"": 3, ""internal_pair_total"": 3, ""obstacle_pair_candidates"": 19, ""obstacle_pair_rejected_broad_phase"": 72, ""obstacle_pair_total"": 91, ""preprocess_ms"": 0.037334000000000006, ""threads_used"": 4, ""total_ms"": 0.131667}",0.0012773479975294322,0.05633143099839799,0.23222883400740102,1,1,1,1,1,0,0,0.02,0.01,10,1.0
mixed,47,cpp,cpp,4,1,1,connected,0.00035516099887900054,0.0005297969910316169,0.0008849579899106175,54,57,17,"{""adapter_wall_ms"": 0.32674698741175234, ""backend"": ""cpp"", ""bridge_accepted_count"": 17, ""bridge_candidate_count"": 20, ""bridge_candidates_ms"": 0.007214, ""bridge_rejected_collision"": 3, ""bridge_rejected_duplicate"": 0, ""convex_pair_evaluated"": 23, ""convex_pair_rejected_broad_phase"": 4, ""convex_pair_total"": 27, ""graph_assembly_ms"": 0.056195, ""internal_candidates_ms"": 0.023492, ""internal_pair_evaluated"": 4, ""internal_pair_total"": 4, ""obstacle_pair_candidates"": 16, ""obstacle_pair_rejected_broad_phase"": 75, ""obstacle_pair_total"": 91, ""preprocess_ms"": 0.043539999999999995, ""threads_used"": 4, ""total_ms"": 0.134401}",0.0013368430081754923,0.0628709209850058,0.2885530539788306,1,1,1,1,1,0,0,0.02,0.01,10,1.0
mixed,48,cpp,cpp,4,1,1,connected,0.00037625798722729087,0.0007512239972129464,0.0011274819844402373,60,65,19,"{""adapter_wall_ms"": 0.3460469888523221, ""backend"": ""cpp"", ""bridge_accepted_count"": 19, ""bridge_candidate_count"": 21, ""bridge_candidates_ms"": 0.008732, ""bridge_rejected_collision"": 2, ""bridge_rejected_duplicate"": 0, ""convex_pair_evaluated"": 24, ""convex_pair_rejected_broad_phase"": 5, ""convex_pair_total"": 29, ""graph_assembly_ms"": 0.065092, ""internal_candidates_ms"": 0.022373, ""internal_pair_evaluated"": 4, ""internal_pair_total"": 4, ""obstacle_pair_candidates"": 19, ""obstacle_pair_rejected_broad_phase"": 72, ""obstacle_pair_total"": 91, ""preprocess_ms"": 0.044547, ""threads_used"": 4, ""total_ms"": 0.145781}",0.001219152007251978,0.04700853500980884,0.18327789299655706,1,1,1,1,1,0,0,0.02,0.01,10,1.0
mixed,49,cpp,cpp,4,1,0,disconnected_frontier,0.0004105929983779788,0.0006368430040311068,0.0010474360024090856,62,71,22,"{""adapter_wall_ms"": 0.382847007131204, ""backend"": ""cpp"", ""bridge_accepted_count"": 22, ""bridge_candidate_count"": 23, ""bridge_candidates_ms"": 0.009635, ""bridge_rejected_collision"": 1, ""bridge_rejected_duplicate"": 0, ""convex_pair_evaluated"": 24, ""convex_pair_rejected_broad_phase"": 3, ""convex_pair_total"": 27, ""graph_assembly_ms"": 0.076489, ""internal_candidates_ms"": 0.022914, ""internal_pair_evaluated"": 4, ""internal_pair_total"": 4, ""obstacle_pair_candidates"": 18, ""obstacle_pair_rejected_broad_phase"": 73, ""obstacle_pair_total"": 91, ""preprocess_ms"": 0.056760000000000005, ""threads_used"": 4, ""total_ms"": 0.169917}",0.001160674000857398,0.032344014005502686,0.12556623699492775,0,1,0,0,1,0,0,0.02,0.01,10,1.0
mixed,50,cpp,cpp,4,1,1,connected,0.00041811700793914497,0.0006442609883379191,0.001062377996277064,65,73,22,"{""adapter_wall_ms"": 0.39011999615468085, ""backend"": ""cpp"", ""bridge_accepted_count"": 22, ""bridge_candidate_count"": 23, ""bridge_candidates_ms"": 0.009001, ""bridge_rejected_collision"": 1, ""bridge_rejected_duplicate"": 0, ""convex_pair_evaluated"": 27, ""convex_pair_rejected_broad_phase"": 9, ""convex_pair_total"": 36, ""graph_assembly_ms"": 0.075101, ""internal_candidates_ms"": 0.025977, ""internal_pair_evaluated"": 5, ""internal_pair_total"": 5, ""obstacle_pair_candidates"": 19, ""obstacle_pair_rejected_broad_phase"": 72, ""obstacle_pair_total"": 91, ""preprocess_ms"": 0.045336, ""threads_used"": 4, ""total_ms"": 0.16021200000000002}",0.001506827014964074,0.0645825780229643,0.26685729299788363,1,1,1,1,1,0,0,0.02,0.01,10,1.0
mixed,51,cpp,cpp,4,1,0,disconnected_frontier,0.0004476719768717885,0.0007068720005918294,0.001154543977463618,73,85,25,"{""adapter_wall_ms"": 0.4191879997961223, ""backend"": ""cpp"", ""bridge_accepted_count"": 25, ""bridge_candidate_count"": 27, ""bridge_candidates_ms"": 0.011303, ""bridge_rejected_collision"": 2, ""bridge_rejected_duplicate"": 0, ""convex_pair_evaluated"": 32, ""convex_pair_rejected_broad_phase"": 10, ""convex_pair_total"": 42, ""graph_assembly_ms"": 0.090509, ""internal_candidates_ms"": 0.03073, ""internal_pair_evaluated"": 7, ""internal_pair_total"": 7, ""obstacle_pair_candidates"": 19, ""obstacle_pair_rejected_broad_phase"": 72, ""obstacle_pair_total"": 91, ""preprocess_ms"": 0.048873, ""threads_used"": 4, ""total_ms"": 0.18706699999999998}",0.001527570013422519,0.024133141996571794,0.09284589000162669,0,1,0,0,1,0,0,0.02,0.01,10,1.0
mixed,52,cpp,cpp,4,1,1,connected,0.000373504008166492,0.0008545989985577762,0.0012281030067242682,61,64,17,"{""adapter_wall_ms"": 0.3437879786361009, ""backend"": ""cpp"", ""bridge_accepted_count"": 17, ""bridge_candidate_count"": 23, ""bridge_candidates_ms"": 0.008613, ""bridge_rejected_collision"": 6, ""bridge_rejected_duplicate"": 0, ""convex_pair_evaluated"": 24, ""convex_pair_rejected_broad_phase"": 8, ""convex_pair_total"": 32, ""graph_assembly_ms"": 0.058308, ""internal_candidates_ms"": 0.029641, ""internal_pair_evaluated"": 7, ""internal_pair_total"": 7, ""obstacle_pair_candidates"": 17, ""obstacle_pair_rejected_broad_phase"": 74, ""obstacle_pair_total"": 91, ""preprocess_ms"": 0.045465, ""threads_used"": 4, ""total_ms"": 0.146881}",0.001632128027267754,0.047516621998511255,0.19375311100156978,1,1,1,1,1,0,0,0.02,0.01,10,1.0
mixed,53,cpp,cpp,4,1,1,connected,0.0003870550135616213,0.0004788610094692558,0.0008659160230308771,57,59,16,"{""adapter_wall_ms"": 0.359678000677377, ""backend"": ""cpp"", ""bridge_accepted_count"": 16, ""bridge_candidate_count"": 19, ""bridge_candidates_ms"": 0.007901, ""bridge_rejected_collision"": 3, ""bridge_rejected_duplicate"": 0, ""convex_pair_evaluated"": 21, ""convex_pair_rejected_broad_phase"": 7, ""convex_pair_total"": 28, ""graph_assembly_ms"": 0.055495, ""internal_candidates_ms"": 0.025081, ""internal_pair_evaluated"": 6, ""internal_pair_total"": 6, ""obstacle_pair_candidates"": 16, ""obstacle_pair_rejected_broad_phase"": 75, ""obstacle_pair_total"": 91, ""preprocess_ms"": 0.043561, ""threads_used"": 4, ""total_ms"": 0.135938}",0.0014547249884344637,0.0663520350062754,0.2762851919978857,1,1,1,1,1,0,0,0.02,0.01,10,1.0
mixed,54,cpp,cpp,4,1,1,connected,0.00043516099685803056,0.0007006249797996134,0.001135785976657644,61,69,22,"{""adapter_wall_ms"": 0.4065970133524388, ""backend"": ""cpp"", ""bridge_accepted_count"": 22, ""bridge_candidate_count"": 24, ""bridge_candidates_ms"": 0.009617, ""bridge_rejected_collision"": 2, ""bridge_rejected_duplicate"": 0, ""convex_pair_evaluated"": 27, ""convex_pair_rejected_broad_phase"": 2, ""convex_pair_total"": 29, ""graph_assembly_ms"": 0.072493, ""internal_candidates_ms"": 0.019424, ""internal_pair_evaluated"": 3, ""internal_pair_total"": 3, ""obstacle_pair_candidates"": 22, ""obstacle_pair_rejected_broad_phase"": 69, ""obstacle_pair_total"": 91, ""preprocess_ms"": 0.039299, ""threads_used"": 4, ""total_ms"": 0.14605300000000002}",0.001318993017775938,0.06358504001400433,0.2780171509948559,1,1,1,1,1,0,0,0.02,0.01,10,1.0
mixed,55,cpp,cpp,4,1,0,disconnected_frontier,0.0004067289992235601,0.000666414009174332,0.0010731430083978921,74,86,25,"{""adapter_wall_ms"": 0.37602800875902176, ""backend"": ""cpp"", ""bridge_accepted_count"": 25, ""bridge_candidate_count"": 29, ""bridge_candidates_ms"": 0.009807, ""bridge_rejected_collision"": 4, ""bridge_rejected_duplicate"": 0, ""convex_pair_evaluated"": 32, ""convex_pair_rejected_broad_phase"": 5, ""convex_pair_total"": 37, ""graph_assembly_ms"": 0.081131, ""internal_candidates_ms"": 0.025625, ""internal_pair_evaluated"": 6, ""internal_pair_total"": 6, ""obstacle_pair_candidates"": 19, ""obstacle_pair_rejected_broad_phase"": 72, ""obstacle_pair_total"": 91, ""preprocess_ms"": 0.042993, ""threads_used"": 4, ""total_ms"": 0.163856}",0.0012564329954329878,0.04209335899213329,0.1614882510039024,0,1,0,0,1,0,0,0.02,0.01,10,1.0
mixed,56,cpp,cpp,4,1,0,disconnected_frontier,0.0003743499983102083,0.000608383008511737,0.0009827330068219453,59,65,20,"{""adapter_wall_ms"": 0.3471930103842169, ""backend"": ""cpp"", ""bridge_accepted_count"": 20, ""bridge_candidate_count"": 20, ""bridge_candidates_ms"": 0.010147, ""bridge_rejected_collision"": 0, ""bridge_rejected_duplicate"": 0, ""convex_pair_evaluated"": 27, ""convex_pair_rejected_broad_phase"": 10, ""convex_pair_total"": 37, ""graph_assembly_ms"": 0.066181, ""internal_candidates_ms"": 0.022058, ""internal_pair_evaluated"": 4, ""internal_pair_total"": 4, ""obstacle_pair_candidates"": 22, ""obstacle_pair_rejected_broad_phase"": 69, ""obstacle_pair_total"": 91, ""preprocess_ms"": 0.041093000000000005, ""threads_used"": 4, ""total_ms"": 0.145002}",0.001177263999124989,0.028739022003719583,0.16030384998884983,0,1,0,0,1,0,0,0.02,0.01,10,1.0
mixed,57,cpp,cpp,4,1,1,connected,0.0003744999994523823,0.0007303890015464276,0.00110488900099881,61,67,20,"{""adapter_wall_ms"": 0.34575999598018825, ""backend"": ""cpp"", ""bridge_accepted_count"": 20, ""bridge_candidate_count"": 24, ""bridge_candidates_ms"": 0.008492, ""bridge_rejected_collision"": 4, ""bridge_rejected_duplicate"": 0, ""convex_pair_evaluated"": 26, ""convex_pair_rejected_broad_phase"": 1, ""convex_pair_total"": 27, ""graph_assembly_ms"": 0.068229, ""internal_candidates_ms"": 0.021168, ""internal_pair_evaluated"": 4, ""internal_pair_total"": 4, ""obstacle_pair_candidates"": 18, ""obstacle_pair_rejected_broad_phase"": 73, ""obstacle_pair_total"": 91, ""preprocess_ms"": 0.040885000000000005, ""threads_used"": 4, ""total_ms"": 0.143957}",0.0012289199803490192,0.05825691201607697,0.24539208802161738,1,1,1,1,1,0,0,0.02,0.01,10,1.0
mixed,58,cpp,cpp,4,1,1,connected,0.00036603500484488904,0.0006666150002274662,0.0010326500050723553,51,53,16,"{""adapter_wall_ms"": 0.3358669928275049, ""backend"": ""cpp"", ""bridge_accepted_count"": 16, ""bridge_candidate_count"": 18, ""bridge_candidates_ms"": 0.012286, ""bridge_rejected_collision"": 2, ""bridge_rejected_duplicate"": 0, ""convex_pair_evaluated"": 18, ""convex_pair_rejected_broad_phase"": 1, ""convex_pair_total"": 19, ""graph_assembly_ms"": 0.056293, ""internal_candidates_ms"": 0.022405, ""internal_pair_evaluated"": 3, ""internal_pair_total"": 3, ""obstacle_pair_candidates"": 14, ""obstacle_pair_rejected_broad_phase"": 77, ""obstacle_pair_total"": 91, ""preprocess_ms"": 0.045103, ""threads_used"": 4, ""total_ms"": 0.14027699999999999}",0.001227036991622299,0.06967659000656568,0.2864118979778141,1,1,1,1,1,0,0,0.02,0.01,10,1.0
mixed,59,cpp,cpp,4,1,1,connected,0.0006077190046198666,0.0005654990090988576,0.0011732180137187243,61,66,19,"{""adapter_wall_ms"": 0.5691319820471108, ""backend"": ""cpp"", ""bridge_accepted_count"": 19, ""bridge_candidate_count"": 20, ""bridge_candidates_ms"": 0.012152, ""bridge_rejected_collision"": 1, ""bridge_rejected_duplicate"": 0, ""convex_pair_evaluated"": 27, ""convex_pair_rejected_broad_phase"": 5, ""convex_pair_total"": 32, ""graph_assembly_ms"": 0.098601, ""internal_candidates_ms"": 0.033277, ""internal_pair_evaluated"": 5, ""internal_pair_total"": 5, ""obstacle_pair_candidates"": 18, ""obstacle_pair_rejected_broad_phase"": 73, ""obstacle_pair_total"": 91, ""preprocess_ms"": 0.065868, ""threads_used"": 4, ""total_ms"": 0.21619}",0.001258428004803136,0.059123437997186556,0.2567671870056074,1,1,1,1,1,0,0,0.02,0.01,10,1.0
mixed,60,cpp,cpp,4,1,1,connected,0.00040803197771310806,0.000636523007415235,0.001044554985128343,61,67,19,"{""adapter_wall_ms"": 0.37749699549749494, ""backend"": ""cpp"", ""bridge_accepted_count"": 19, ""bridge_candidate_count"": 21, ""bridge_candidates_ms"": 0.00859, ""bridge_rejected_collision"": 2, ""bridge_rejected_duplicate"": 0, ""convex_pair_evaluated"": 23, ""convex_pair_rejected_broad_phase"": 2, ""convex_pair_total"": 25, ""graph_assembly_ms"": 0.06586, ""internal_candidates_ms"": 0.02541, ""internal_pair_evaluated"": 5, ""internal_pair_total"": 5, ""obstacle_pair_candidates"": 17, ""obstacle_pair_rejected_broad_phase"": 74, ""obstacle_pair_total"": 91, ""preprocess_ms"": 0.048497, ""threads_used"": 4, ""total_ms"": 0.153426}",0.0013258419930934906,0.0686925440095365,0.3045356740185525,1,1,1,1,1,0,0,0.02,0.01,10,1.0
mixed,61,cpp,cpp,4,1,1,connected,0.0004044960078317672,0.0005208049842622131,0.0009253009920939803,58,62,18,"{""adapter_wall_ms"": 0.3777779929805547, ""backend"": ""cpp"", ""bridge_accepted_count"": 18, ""bridge_candidate_count"": 22, ""bridge_candidates_ms"": 0.008183, ""bridge_rejected_collision"": 4, ""bridge_rejected_duplicate"": 0, ""convex_pair_evaluated"": 24, ""convex_pair_rejected_broad_phase"": 2, ""convex_pair_total"": 26, ""graph_assembly_ms"": 0.074779, ""internal_candidates_ms"": 0.022973, ""internal_pair_evaluated"": 4, ""internal_pair_total"": 4, ""obstacle_pair_candidates"": 19, ""obstacle_pair_rejected_broad_phase"": 72, ""obstacle_pair_total"": 91, ""preprocess_ms"": 0.042844999999999994, ""threads_used"": 4, ""total_ms"": 0.15313000000000002}",0.0014178440032992512,0.0675787020009011,0.3040954000025522,1,1,1,1,1,0,0,0.02,0.01,10,1.0
mixed,62,cpp,cpp,4,1,1,connected,0.0003352610219735652,0.00039733698940835893,0.0007325980113819242,51,51,14,"{""adapter_wall_ms"": 0.3073829866480082, ""backend"": ""cpp"", ""bridge_accepted_count"": 14, ""bridge_candidate_count"": 15, ""bridge_candidates_ms"": 0.006419, ""bridge_rejected_collision"": 1, ""bridge_rejected_duplicate"": 0, ""convex_pair_evaluated"": 17, ""convex_pair_rejected_broad_phase"": 6, ""convex_pair_total"": 23, ""graph_assembly_ms"": 0.04731, ""internal_candidates_ms"": 0.033676, ""internal_pair_evaluated"": 5, ""internal_pair_total"": 5, ""obstacle_pair_candidates"": 13, ""obstacle_pair_rejected_broad_phase"": 78, ""obstacle_pair_total"": 91, ""preprocess_ms"": 0.042247, ""threads_used"": 4, ""total_ms"": 0.13436399999999998}",0.0016949470154941082,0.06277041899738833,0.25480995399993844,1,1,1,1,1,0,0,0.02,0.01,10,1.0
mixed,63,cpp,cpp,4,1,1,connected,0.0003895559930242598,0.0006282050162553787,0.0010177610092796385,54,58,18,"{""adapter_wall_ms"": 0.3625499957706779, ""backend"": ""cpp"", ""bridge_accepted_count"": 18, ""bridge_candidate_count"": 23, ""bridge_candidates_ms"": 0.00935, ""bridge_rejected_collision"": 5, ""bridge_rejected_duplicate"": 0, ""convex_pair_evaluated"": 26, ""convex_pair_rejected_broad_phase"": 2, ""convex_pair_total"": 28, ""graph_assembly_ms"": 0.074727, ""internal_candidates_ms"": 0.022854, ""internal_pair_evaluated"": 3, ""internal_pair_total"": 3, ""obstacle_pair_candidates"": 19, ""obstacle_pair_rejected_broad_phase"": 72, ""obstacle_pair_total"": 91, ""preprocess_ms"": 0.038563, ""threads_used"": 4, ""total_ms"": 0.149534}",0.0011715659929905087,0.05046845201286487,0.21673404701869003,1,1,1,1,1,0,0,0.02,0.01,10,1.0
mixed,64,cpp,cpp,4,1,1,connected,0.00034982801298610866,0.0007760839944239706,0.0011259120074100792,53,56,17,"{""adapter_wall_ms"": 0.31777401454746723, ""backend"": ""cpp"", ""bridge_accepted_count"": 17, ""bridge_candidate_count"": 18, ""bridge_candidates_ms"": 0.007608, ""bridge_rejected_collision"": 1, ""bridge_rejected_duplicate"": 0, ""convex_pair_evaluated"": 24, ""convex_pair_rejected_broad_phase"": 1, ""convex_pair_total"": 25, ""graph_assembly_ms"": 0.059385, ""internal_candidates_ms"": 0.019776, ""internal_pair_evaluated"": 3, ""internal_pair_total"": 3, ""obstacle_pair_candidates"": 19, ""obstacle_pair_rejected_broad_phase"": 72, ""obstacle_pair_total"": 91, ""preprocess_ms"": 0.040098999999999996, ""threads_used"": 4, ""total_ms"": 0.132028}",0.0014560090203303844,0.032571592018939555,0.12504246400203556,1,0,0,0,0,0,0,0.02,0.01,10,1.0
mixed,65,cpp,cpp,4,1,1,connected,0.00031606500851921737,0.0006190449930727482,0.0009351100015919656,48,49,15,"{""adapter_wall_ms"": 0.2897749945987016, ""backend"": ""cpp"", ""bridge_accepted_count"": 15, ""bridge_candidate_count"": 15, ""bridge_candidates_ms"": 0.006454, ""bridge_rejected_collision"": 0, ""bridge_rejected_duplicate"": 0, ""convex_pair_evaluated"": 16, ""convex_pair_rejected_broad_phase"": 0, ""convex_pair_total"": 16, ""graph_assembly_ms"": 0.049785, ""internal_candidates_ms"": 0.018, ""internal_pair_evaluated"": 2, ""internal_pair_total"": 2, ""obstacle_pair_candidates"": 14, ""obstacle_pair_rejected_broad_phase"": 77, ""obstacle_pair_total"": 91, ""preprocess_ms"": 0.038119, ""threads_used"": 4, ""total_ms"": 0.116664}",0.0012284359836485237,0.07165444700513035,0.2877959150064271,1,1,1,1,1,0,0,0.02,0.01,10,1.0
mixed,66,cpp,cpp,4,1,1,connected,0.00038129399763420224,0.0006596320017706603,0.0010409259994048625,61,66,19,"{""adapter_wall_ms"": 0.3523699997458607, ""backend"": ""cpp"", ""bridge_accepted_count"": 19, ""bridge_candidate_count"": 22, ""bridge_candidates_ms"": 0.008874, ""bridge_rejected_collision"": 3, ""bridge_rejected_duplicate"": 0, ""convex_pair_evaluated"": 25, ""convex_pair_rejected_broad_phase"": 5, ""convex_pair_total"": 30, ""graph_assembly_ms"": 0.063483, ""internal_candidates_ms"": 0.023985, ""internal_pair_evaluated"": 6, ""internal_pair_total"": 6, ""obstacle_pair_candidates"": 15, ""obstacle_pair_rejected_broad_phase"": 76, ""obstacle_pair_total"": 91, ""preprocess_ms"": 0.044770000000000004, ""threads_used"": 4, ""total_ms"": 0.145934}",0.001566468010423705,0.0676151670049876,0.27244634498492815,1,1,1,1,1,0,0,0.02,0.01,10,1.0
mixed,67,cpp,cpp,4,1,1,connected,0.00032187000033445656,0.0004401949991006404,0.000762064999435097,50,51,15,"{""adapter_wall_ms"": 0.2964769955724478, ""backend"": ""cpp"", ""bridge_accepted_count"": 15, ""bridge_candidate_count"": 18, ""bridge_candidates_ms"": 0.008359, ""bridge_rejected_collision"": 3, ""bridge_rejected_duplicate"": 0, ""convex_pair_evaluated"": 21, ""convex_pair_rejected_broad_phase"": 3, ""convex_pair_total"": 24, ""graph_assembly_ms"": 0.050955, ""internal_candidates_ms"": 0.019686, ""internal_pair_evaluated"": 3, ""internal_pair_total"": 3, ""obstacle_pair_candidates"": 18, ""obstacle_pair_rejected_broad_phase"": 73, ""obstacle_pair_total"": 91, ""preprocess_ms"": 0.039502999999999996, ""threads_used"": 4, ""total_ms"": 0.12311000000000001}",0.001391534024151042,0.06786743202246726,0.2801856050209608,1,1,1,1,1,0,0,0.02,0.01,10,1.0
mixed,68,cpp,cpp,4,1,1,connected,0.00037528001121245325,0.0007461939821951091,0.0011214739934075624,60,67,21,"{""adapter_wall_ms"": 0.3480289888102561, ""backend"": ""cpp"", ""bridge_accepted_count"": 21, ""bridge_candidate_count"": 21, ""bridge_candidates_ms"": 0.007356, ""bridge_rejected_collision"": 0, ""bridge_rejected_duplicate"": 0, ""convex_pair_evaluated"": 21, ""convex_pair_rejected_broad_phase"": 1, ""convex_pair_total"": 22, ""graph_assembly_ms"": 0.067843, ""internal_candidates_ms"": 0.018563, ""internal_pair_evaluated"": 3, ""internal_pair_total"": 3, ""obstacle_pair_candidates"": 16, ""obstacle_pair_rejected_broad_phase"": 75, ""obstacle_pair_total"": 91, ""preprocess_ms"": 0.040637000000000006, ""threads_used"": 4, ""total_ms"": 0.138637}",0.0014029220037627965,0.062404427997535095,0.2821734189928975,1,1,1,1,1,0,0,0.02,0.01,10,1.0
mixed,69,cpp,cpp,4,1,1,connected,0.00043018400901928544,0.0010561189847066998,0.0014863029937259853,61,67,20,"{""adapter_wall_ms"": 0.4011470009572804, ""backend"": ""cpp"", ""bridge_accepted_count"": 20, ""bridge_candidate_count"": 23, ""bridge_candidates_ms"": 0.008223, ""bridge_rejected_collision"": 3, ""bridge_rejected_duplicate"": 0, ""convex_pair_evaluated"": 27, ""convex_pair_rejected_broad_phase"": 5, ""convex_pair_total"": 32, ""graph_assembly_ms"": 0.101198, ""internal_candidates_ms"": 0.023619, ""internal_pair_evaluated"": 4, ""internal_pair_total"": 4, ""obstacle_pair_candidates"": 20, ""obstacle_pair_rejected_broad_phase"": 71, ""obstacle_pair_total"": 91, ""preprocess_ms"": 0.040653999999999996, ""threads_used"": 4, ""total_ms"": 0.178763}",0.0010905330127570778,0.05992388000595383,0.25335814099526033,1,1,1,1,1,0,0,0.02,0.01,10,1.0
mixed,70,cpp,cpp,4,1,1,connected,0.0003936150169465691,0.0007951939769554883,0.0011888089939020574,62,71,22,"{""adapter_wall_ms"": 0.3680050140246749, ""backend"": ""cpp"", ""bridge_accepted_count"": 22, ""bridge_candidate_count"": 25, ""bridge_candidates_ms"": 0.007914, ""bridge_rejected_collision"": 3, ""bridge_rejected_duplicate"": 0, ""convex_pair_evaluated"": 26, ""convex_pair_rejected_broad_phase"": 0, ""convex_pair_total"": 26, ""graph_assembly_ms"": 0.070565, ""internal_candidates_ms"": 0.023682, ""internal_pair_evaluated"": 5, ""internal_pair_total"": 5, ""obstacle_pair_candidates"": 15, ""obstacle_pair_rejected_broad_phase"": 76, ""obstacle_pair_total"": 91, ""preprocess_ms"": 0.039594, ""threads_used"": 4, ""total_ms"": 0.146098}",0.0013570880109909922,0.06818985799327493,0.29282335299649276,1,1,1,1,1,0,0,0.02,0.01,10,1.0
mixed,71,cpp,cpp,4,1,1,connected,0.00039378899964503944,0.0006700610101688653,0.0010638500098139048,60,67,21,"{""adapter_wall_ms"": 0.3653619787655771, ""backend"": ""cpp"", ""bridge_accepted_count"": 21, ""bridge_candidate_count"": 24, ""bridge_candidates_ms"": 0.008931, ""bridge_rejected_collision"": 3, ""bridge_rejected_duplicate"": 0, ""convex_pair_evaluated"": 25, ""convex_pair_rejected_broad_phase"": 5, ""convex_pair_total"": 30, ""graph_assembly_ms"": 0.077034, ""internal_candidates_ms"": 0.021152, ""internal_pair_evaluated"": 3, ""internal_pair_total"": 3, ""obstacle_pair_candidates"": 19, ""obstacle_pair_rejected_broad_phase"": 72, ""obstacle_pair_total"": 91, ""preprocess_ms"": 0.051068999999999996, ""threads_used"": 4, ""total_ms"": 0.162937}",0.0011971970088779926,0.06862725300015882,0.29175009499886073,1,1,1,1,1,0,0,0.02,0.01,10,1.0
mixed,72,cpp,cpp,4,1,1,connected,0.0003873109817504883,0.0006366910238284618,0.00102400200557895,59,62,17,"{""adapter_wall_ms"": 0.35924799158237875, ""backend"": ""cpp"", ""bridge_accepted_count"": 17, ""bridge_candidate_count"": 24, ""bridge_candidates_ms"": 0.009802, ""bridge_rejected_collision"": 7, ""bridge_rejected_duplicate"": 0, ""convex_pair_evaluated"": 28, ""convex_pair_rejected_broad_phase"": 5, ""convex_pair_total"": 33, ""graph_assembly_ms"": 0.063793, ""internal_candidates_ms"": 0.02597, ""internal_pair_evaluated"": 6, ""internal_pair_total"": 6, ""obstacle_pair_candidates"": 18, ""obstacle_pair_rejected_broad_phase"": 73, ""obstacle_pair_total"": 91, ""preprocess_ms"": 0.044388, ""threads_used"": 4, ""total_ms"": 0.14828}",0.0018872950167860836,0.06347742100479081,0.28477523001492955,1,1,1,1,1,0,0,0.02,0.01,10,1.0
mixed,73,cpp,cpp,4,1,1,connected,0.0003696289786603302,0.0006616000027861446,0.0010312289814464748,47,49,16,"{""adapter_wall_ms"": 0.33979100408032537, ""backend"": ""cpp"", ""bridge_accepted_count"": 16, ""bridge_candidate_count"": 16, ""bridge_candidates_ms"": 0.007096, ""bridge_rejected_collision"": 0, ""bridge_rejected_duplicate"": 0, ""convex_pair_evaluated"": 16, ""convex_pair_rejected_broad_phase"": 2, ""convex_pair_total"": 18, ""graph_assembly_ms"": 0.054418, ""internal_candidates_ms"": 0.02024, ""internal_pair_evaluated"": 2, ""internal_pair_total"": 2, ""obstacle_pair_candidates"": 15, ""obstacle_pair_rejected_broad_phase"": 76, ""obstacle_pair_total"": 91, ""preprocess_ms"": 0.040519, ""threads_used"": 4, ""total_ms"": 0.130995}",0.0014292930136434734,0.06482063498697244,0.2693807859905064,1,1,1,1,1,0,0,0.02,0.01,10,1.0
mixed,74,cpp,cpp,4,1,1,connected,0.0004778500006068498,0.0008196530106943101,0.0012975030113011599,59,63,18,"{""adapter_wall_ms"": 0.4486969846766442, ""backend"": ""cpp"", ""bridge_accepted_count"": 18, ""bridge_candidate_count"": 22, ""bridge_candidates_ms"": 0.008893, ""bridge_rejected_collision"": 4, ""bridge_rejected_duplicate"": 0, ""convex_pair_evaluated"": 24, ""convex_pair_rejected_broad_phase"": 3, ""convex_pair_total"": 27, ""graph_assembly_ms"": 0.061257, ""internal_candidates_ms"": 0.024585, ""internal_pair_evaluated"": 5, ""internal_pair_total"": 5, ""obstacle_pair_candidates"": 16, ""obstacle_pair_rejected_broad_phase"": 75, ""obstacle_pair_total"": 91, ""preprocess_ms"": 0.085852, ""threads_used"": 4, ""total_ms"": 0.18672}",0.0012658720079343766,0.05833207897376269,0.2599438659963198,1,1,1,1,1,0,0,0.02,0.01,10,1.0
mixed,75,cpp,cpp,4,1,1,connected,0.0005426180141512305,0.0007397939916700125,0.001282412005821243,70,79,23,"{""adapter_wall_ms"": 0.48787801642902195, ""backend"": ""cpp"", ""bridge_accepted_count"": 23, ""bridge_candidate_count"": 31, ""bridge_candidates_ms"": 0.010495, ""bridge_rejected_collision"": 8, ""bridge_rejected_duplicate"": 0, ""convex_pair_evaluated"": 37, ""convex_pair_rejected_broad_phase"": 8, ""convex_pair_total"": 45, ""graph_assembly_ms"": 0.096094, ""internal_candidates_ms"": 0.030681, ""internal_pair_evaluated"": 7, ""internal_pair_total"": 7, ""obstacle_pair_candidates"": 18, ""obstacle_pair_rejected_broad_phase"": 73, ""obstacle_pair_total"": 91, ""preprocess_ms"": 0.062416, ""threads_used"": 4, ""total_ms"": 0.210273}",0.001504632004071027,0.06895167898619547,0.2796713510178961,1,1,1,1,1,0,0,0.02,0.01,10,1.0
mixed,76,cpp,cpp,4,1,1,connected,0.000337560020852834,0.00043208597344346344,0.0007696459942962974,56,60,18,"{""adapter_wall_ms"": 0.31049299286678433, ""backend"": ""cpp"", ""bridge_accepted_count"": 18, ""bridge_candidate_count"": 21, ""bridge_candidates_ms"": 0.007381, ""bridge_rejected_collision"": 3, ""bridge_rejected_duplicate"": 0, ""convex_pair_evaluated"": 26, ""convex_pair_rejected_broad_phase"": 2, ""convex_pair_total"": 28, ""graph_assembly_ms"": 0.061009, ""internal_candidates_ms"": 0.021296, ""internal_pair_evaluated"": 4, ""internal_pair_total"": 4, ""obstacle_pair_candidates"": 16, ""obstacle_pair_rejected_broad_phase"": 75, ""obstacle_pair_total"": 91, ""preprocess_ms"": 0.037733, ""threads_used"": 4, ""total_ms"": 0.132103}",0.0013502599904313684,0.05871456998283975,0.2496814200130757,1,1,1,1,1,0,0,0.02,0.01,10,1.0
mixed,77,cpp,cpp,4,1,1,connected,0.0003984190116170794,0.0006039490108378232,0.0010023680224549025,61,65,18,"{""adapter_wall_ms"": 0.3714949998538941, ""backend"": ""cpp"", ""bridge_accepted_count"": 18, ""bridge_candidate_count"": 20, ""bridge_candidates_ms"": 0.00736, ""bridge_rejected_collision"": 2, ""bridge_rejected_duplicate"": 0, ""convex_pair_evaluated"": 21, ""convex_pair_rejected_broad_phase"": 8, ""convex_pair_total"": 29, ""graph_assembly_ms"": 0.064639, ""internal_candidates_ms"": 0.026194, ""internal_pair_evaluated"": 6, ""internal_pair_total"": 6, ""obstacle_pair_candidates"": 15, ""obstacle_pair_rejected_broad_phase"": 76, ""obstacle_pair_total"": 91, ""preprocess_ms"": 0.042831, ""threads_used"": 4, ""total_ms"": 0.145488}",0.0012863989977631718,0.05486699801986106,0.23657320899656042,1,1,1,1,1,0,0,0.02,0.01,10,1.0
mixed,78,cpp,cpp,4,1,0,disconnected_frontier,0.000363341998308897,0.0007531139999628067,0.0011164559982717037,59,66,21,"{""adapter_wall_ms"": 0.33768301364034414, ""backend"": ""cpp"", ""bridge_accepted_count"": 21, ""bridge_candidate_count"": 21, ""bridge_candidates_ms"": 0.008377, ""bridge_rejected_collision"": 0, ""bridge_rejected_duplicate"": 0, ""convex_pair_evaluated"": 25, ""convex_pair_rejected_broad_phase"": 1, ""convex_pair_total"": 26, ""graph_assembly_ms"": 0.067309, ""internal_candidates_ms"": 0.020119, ""internal_pair_evaluated"": 3, ""internal_pair_total"": 3, ""obstacle_pair_candidates"": 21, ""obstacle_pair_rejected_broad_phase"": 70, ""obstacle_pair_total"": 91, ""preprocess_ms"": 0.053314, ""threads_used"": 4, ""total_ms"": 0.153216}",0.001147789997048676,0.027649551018839702,0.09945939300814644,0,1,0,0,1,0,0,0.02,0.01,10,1.0
mixed,79,cpp,cpp,4,1,1,connected,0.00043743697460740805,0.0006171500135678798,0.0010545869881752878,67,76,23,"{""adapter_wall_ms"": 0.4075980104971677, ""backend"": ""cpp"", ""bridge_accepted_count"": 23, ""bridge_candidate_count"": 25, ""bridge_candidates_ms"": 0.008875, ""bridge_rejected_collision"": 2, ""bridge_rejected_duplicate"": 0, ""convex_pair_evaluated"": 27, ""convex_pair_rejected_broad_phase"": 7, ""convex_pair_total"": 34, ""graph_assembly_ms"": 0.07476, ""internal_candidates_ms"": 0.023818, ""internal_pair_evaluated"": 5, ""internal_pair_total"": 5, ""obstacle_pair_candidates"": 17, ""obstacle_pair_rejected_broad_phase"": 74, ""obstacle_pair_total"": 91, ""preprocess_ms"": 0.058197, ""threads_used"": 4, ""total_ms"": 0.170515}",0.0016285490128211677,0.059224952972726896,0.25236539798788726,1,1,1,1,1,0,0,0.02,0.01,10,1.0
mixed,80,cpp,cpp,4,1,1,connected,0.0004222890129312873,0.0007767580100335181,0.0011990470229648054,68,78,23,"{""adapter_wall_ms"": 0.39279001066461205, ""backend"": ""cpp"", ""bridge_accepted_count"": 23, ""bridge_candidate_count"": 26, ""bridge_candidates_ms"": 0.010631, ""bridge_rejected_collision"": 3, ""bridge_rejected_duplicate"": 0, ""convex_pair_evaluated"": 38, ""convex_pair_rejected_broad_phase"": 9, ""convex_pair_total"": 47, ""graph_assembly_ms"": 0.07552, ""internal_candidates_ms"": 0.040996, ""internal_pair_evaluated"": 7, ""internal_pair_total"": 7, ""obstacle_pair_candidates"": 21, ""obstacle_pair_rejected_broad_phase"": 70, ""obstacle_pair_total"": 91, ""preprocess_ms"": 0.045238, ""threads_used"": 4, ""total_ms"": 0.178027}",0.0013627549924422055,0.04980999699910171,0.1963704189984128,1,1,1,1,1,0,0,0.02,0.01,10,1.0
mixed,81,cpp,cpp,4,1,1,connected,0.00032256098347716033,0.00044391301344148815,0.0007664739969186485,50,51,15,"{""adapter_wall_ms"": 0.29380101477727294, ""backend"": ""cpp"", ""bridge_accepted_count"": 15, ""bridge_candidate_count"": 17, ""bridge_candidates_ms"": 0.007038, ""bridge_rejected_collision"": 2, ""bridge_rejected_duplicate"": 0, ""convex_pair_evaluated"": 20, ""convex_pair_rejected_broad_phase"": 2, ""convex_pair_total"": 22, ""graph_assembly_ms"": 0.050909, ""internal_candidates_ms"": 0.020663, ""internal_pair_evaluated"": 3, ""internal_pair_total"": 3, ""obstacle_pair_candidates"": 15, ""obstacle_pair_rejected_broad_phase"": 76, ""obstacle_pair_total"": 91, ""preprocess_ms"": 0.03959, ""threads_used"": 4, ""total_ms"": 0.121997}",0.0013168970181141049,0.06047156700515188,0.2610903520253487,1,1,1,1,1,0,0,0.02,0.01,10,1.0
mixed,82,cpp,cpp,4,1,0,disconnected_frontier,0.00034596698242239654,0.0005329320265445858,0.0008788990089669824,55,58,17,"{""adapter_wall_ms"": 0.3206069814041257, ""backend"": ""cpp"", ""bridge_accepted_count"": 17, ""bridge_candidate_count"": 20, ""bridge_candidates_ms"": 0.018098, ""bridge_rejected_collision"": 3, ""bridge_rejected_duplicate"": 0, ""convex_pair_evaluated"": 21, ""convex_pair_rejected_broad_phase"": 2, ""convex_pair_total"": 23, ""graph_assembly_ms"": 0.061422, ""internal_candidates_ms"": 0.021722, ""internal_pair_evaluated"": 4, ""internal_pair_total"": 4, ""obstacle_pair_candidates"": 14, ""obstacle_pair_rejected_broad_phase"": 77, ""obstacle_pair_total"": 91, ""preprocess_ms"": 0.042968, ""threads_used"": 4, ""total_ms"": 0.14959499999999998}",0.001193486008560285,0.02455789499799721,0.08906921400921419,0,1,0,0,1,0,0,0.02,0.01,10,1.0
mixed,83,cpp,cpp,4,1,1,connected,0.00038463299279101193,0.0006374270014930516,0.0010220599942840636,59,66,21,"{""adapter_wall_ms"": 0.3582909994293004, ""backend"": ""cpp"", ""bridge_accepted_count"": 21, ""bridge_candidate_count"": 25, ""bridge_candidates_ms"": 0.008942, ""bridge_rejected_collision"": 4, ""bridge_rejected_duplicate"": 0, ""convex_pair_evaluated"": 25, ""convex_pair_rejected_broad_phase"": 1, ""convex_pair_total"": 26, ""graph_assembly_ms"": 0.07012, ""internal_candidates_ms"": 0.019545, ""internal_pair_evaluated"": 3, ""internal_pair_total"": 3, ""obstacle_pair_candidates"": 19, ""obstacle_pair_rejected_broad_phase"": 72, ""obstacle_pair_total"": 91, ""preprocess_ms"": 0.043343, ""threads_used"": 4, ""total_ms"": 0.146821}",0.0013419160095509142,0.07072926501859911,0.3049935850140173,1,1,1,1,1,0,0,0.02,0.01,10,1.0
mixed,84,cpp,cpp,4,1,1,connected,0.00036437000380828977,0.0006684789841528982,0.001032848987961188,60,65,19,"{""adapter_wall_ms"": 0.33542700111866, ""backend"": ""cpp"", ""bridge_accepted_count"": 19, ""bridge_candidate_count"": 26, ""bridge_candidates_ms"": 0.009038, ""bridge_rejected_collision"": 7, ""bridge_rejected_duplicate"": 0, ""convex_pair_evaluated"": 29, ""convex_pair_rejected_broad_phase"": 2, ""convex_pair_total"": 31, ""graph_assembly_ms"": 0.064615, ""internal_candidates_ms"": 0.023337, ""internal_pair_evaluated"": 5, ""internal_pair_total"": 5, ""obstacle_pair_candidates"": 18, ""obstacle_pair_rejected_broad_phase"": 73, ""obstacle_pair_total"": 91, ""preprocess_ms"": 0.040371000000000004, ""threads_used"": 4, ""total_ms"": 0.142509}",0.0012021019938401878,0.05736368699581362,0.2559137539938092,1,1,1,1,1,0,0,0.02,0.01,10,1.0
mixed,85,cpp,cpp,4,1,0,disconnected_frontier,0.0003705359995365143,0.000610104005318135,0.0009806400048546493,59,64,19,"{""adapter_wall_ms"": 0.33966099726967514, ""backend"": ""cpp"", ""bridge_accepted_count"": 19, ""bridge_candidate_count"": 20, ""bridge_candidates_ms"": 0.008709, ""bridge_rejected_collision"": 1, ""bridge_rejected_duplicate"": 0, ""convex_pair_evaluated"": 24, ""convex_pair_rejected_broad_phase"": 5, ""convex_pair_total"": 29, ""graph_assembly_ms"": 0.068953, ""internal_candidates_ms"": 0.02282, ""internal_pair_evaluated"": 4, ""internal_pair_total"": 4, ""obstacle_pair_candidates"": 19, ""obstacle_pair_rejected_broad_phase"": 72, ""obstacle_pair_total"": 91, ""preprocess_ms"": 0.041727, ""threads_used"": 4, ""total_ms"": 0.147947}",0.0012749549932777882,0.04185853301896714,0.13349886602372862,0,1,0,0,1,0,0,0.02,0.01,10,1.0
mixed,86,cpp,cpp,4,1,1,connected,0.00039037299575284123,0.0005615499976556748,0.000951922993408516,65,71,20,"{""adapter_wall_ms"": 0.36409098538570106, ""backend"": ""cpp"", ""bridge_accepted_count"": 20, ""bridge_candidate_count"": 26, ""bridge_candidates_ms"": 0.00822, ""bridge_rejected_collision"": 6, ""bridge_rejected_duplicate"": 0, ""convex_pair_evaluated"": 27, ""convex_pair_rejected_broad_phase"": 9, ""convex_pair_total"": 36, ""graph_assembly_ms"": 0.070743, ""internal_candidates_ms"": 0.026415, ""internal_pair_evaluated"": 6, ""internal_pair_total"": 6, ""obstacle_pair_candidates"": 17, ""obstacle_pair_rejected_broad_phase"": 74, ""obstacle_pair_total"": 91, ""preprocess_ms"": 0.04598, ""threads_used"": 4, ""total_ms"": 0.15553}",0.0014234500122256577,0.058812308008782566,0.26587760099209845,1,1,1,1,1,0,0,0.02,0.01,10,1.0
mixed,87,cpp,cpp,4,1,1,connected,0.00035515998024493456,0.0006102670158725232,0.0009654269961174577,52,54,16,"{""adapter_wall_ms"": 0.3289119922555983, ""backend"": ""cpp"", ""bridge_accepted_count"": 16, ""bridge_candidate_count"": 17, ""bridge_candidates_ms"": 0.008598, ""bridge_rejected_collision"": 1, ""bridge_rejected_duplicate"": 0, ""convex_pair_evaluated"": 20, ""convex_pair_rejected_broad_phase"": 5, ""convex_pair_total"": 25, ""graph_assembly_ms"": 0.054769, ""internal_candidates_ms"": 0.019598, ""internal_pair_evaluated"": 3, ""internal_pair_total"": 3, ""obstacle_pair_candidates"": 16, ""obstacle_pair_rejected_broad_phase"": 75, ""obstacle_pair_total"": 91, ""preprocess_ms"": 0.040952, ""threads_used"": 4, ""total_ms"": 0.128084}",0.0013647099840454757,0.06498180699418299,0.2789465370005928,1,1,1,1,1,0,0,0.02,0.01,10,1.0
mixed,88,cpp,cpp,4,1,0,disconnected_frontier,0.0003968090168200433,0.0009031939844135195,0.0013000030012335628,62,70,22,"{""adapter_wall_ms"": 0.3678720095194876, ""backend"": ""cpp"", ""bridge_accepted_count"": 22, ""bridge_candidate_count"": 26, ""bridge_candidates_ms"": 0.008324, ""bridge_rejected_collision"": 4, ""bridge_rejected_duplicate"": 0, ""convex_pair_evaluated"": 29, ""convex_pair_rejected_broad_phase"": 2, ""convex_pair_total"": 31, ""graph_assembly_ms"": 0.074598, ""internal_candidates_ms"": 0.019715, ""internal_pair_evaluated"": 3, ""internal_pair_total"": 3, ""obstacle_pair_candidates"": 18, ""obstacle_pair_rejected_broad_phase"": 73, ""obstacle_pair_total"": 91, ""preprocess_ms"": 0.042829000000000006, ""threads_used"": 4, ""total_ms"": 0.150162}",0.001253859983989969,0.061040976986987516,0.26422964700032026,0,1,0,0,1,0,0,0.02,0.01,10,1.0
mixed,89,cpp,cpp,4,1,0,disconnected_frontier,0.0004866149974986911,0.0007442109927069396,0.0012308259902056307,59,65,20,"{""adapter_wall_ms"": 0.4401079786475748, ""backend"": ""cpp"", ""bridge_accepted_count"": 20, ""bridge_candidate_count"": 22, ""bridge_candidates_ms"": 0.011916, ""bridge_rejected_collision"": 2, ""bridge_rejected_duplicate"": 0, ""convex_pair_evaluated"": 22, ""convex_pair_rejected_broad_phase"": 2, ""convex_pair_total"": 24, ""graph_assembly_ms"": 0.07354, ""internal_candidates_ms"": 0.02556, ""internal_pair_evaluated"": 3, ""internal_pair_total"": 3, ""obstacle_pair_candidates"": 18, ""obstacle_pair_rejected_broad_phase"": 73, ""obstacle_pair_total"": 91, ""preprocess_ms"": 0.057637999999999995, ""threads_used"": 4, ""total_ms"": 0.17317600000000002}",0.0011670649982988834,0.056295294023584574,0.2502676539879758,0,1,0,0,1,0,0,0.02,0.01,10,1.0
mixed,90,cpp,cpp,4,1,1,connected,0.0004197510133963078,0.0006337759841699153,0.0010535269975662231,57,62,18,"{""adapter_wall_ms"": 0.3908420039806515, ""backend"": ""cpp"", ""bridge_accepted_count"": 18, ""bridge_candidate_count"": 19, ""bridge_candidates_ms"": 0.008119, ""bridge_rejected_collision"": 1, ""bridge_rejected_duplicate"": 0, ""convex_pair_evaluated"": 21, ""convex_pair_rejected_broad_phase"": 6, ""convex_pair_total"": 27, ""graph_assembly_ms"": 0.073604, ""internal_candidates_ms"": 0.024112, ""internal_pair_evaluated"": 4, ""internal_pair_total"": 4, ""obstacle_pair_candidates"": 15, ""obstacle_pair_rejected_broad_phase"": 76, ""obstacle_pair_total"": 91, ""preprocess_ms"": 0.052951, ""threads_used"": 4, ""total_ms"": 0.163815}",0.0013934820017311722,0.06414361100178212,0.28826238701003604,1,1,1,1,1,0,0,0.02,0.01,10,1.0
mixed,91,cpp,cpp,4,1,1,connected,0.0004351279931142926,0.0008278859895654023,0.0012630139826796949,71,81,24,"{""adapter_wall_ms"": 0.4081880033481866, ""backend"": ""cpp"", ""bridge_accepted_count"": 24, ""bridge_candidate_count"": 28, ""bridge_candidates_ms"": 0.010036, ""bridge_rejected_collision"": 4, ""bridge_rejected_duplicate"": 0, ""convex_pair_evaluated"": 30, ""convex_pair_rejected_broad_phase"": 5, ""convex_pair_total"": 35, ""graph_assembly_ms"": 0.096825, ""internal_candidates_ms"": 0.024201, ""internal_pair_evaluated"": 5, ""internal_pair_total"": 5, ""obstacle_pair_candidates"": 18, ""obstacle_pair_rejected_broad_phase"": 73, ""obstacle_pair_total"": 91, ""preprocess_ms"": 0.041925000000000004, ""threads_used"": 4, ""total_ms"": 0.17816700000000002}",0.0012337439984548837,0.06253397301770747,0.2640654289862141,1,1,1,1,1,0,0,0.02,0.01,10,1.0
mixed,92,cpp,cpp,4,1,1,connected,0.0004760750161949545,0.0006932579854037613,0.0011693330015987158,54,58,18,"{""adapter_wall_ms"": 0.44090001028962433, ""backend"": ""cpp"", ""bridge_accepted_count"": 18, ""bridge_candidate_count"": 20, ""bridge_candidates_ms"": 0.008473, ""bridge_rejected_collision"": 2, ""bridge_rejected_duplicate"": 0, ""convex_pair_evaluated"": 21, ""convex_pair_rejected_broad_phase"": 1, ""convex_pair_total"": 22, ""graph_assembly_ms"": 0.072102, ""internal_candidates_ms"": 0.019326, ""internal_pair_evaluated"": 2, ""internal_pair_total"": 2, ""obstacle_pair_candidates"": 17, ""obstacle_pair_rejected_broad_phase"": 74, ""obstacle_pair_total"": 91, ""preprocess_ms"": 0.042949, ""threads_used"": 4, ""total_ms"": 0.14788099999999998}",0.0012571759871207178,0.06598390301223844,0.2802250520035159,1,1,1,1,1,0,0,0.02,0.01,10,1.0
mixed,93,cpp,cpp,4,1,1,connected,0.0003508669906295836,0.000946539017604664,0.0012974060082342476,62,65,17,"{""adapter_wall_ms"": 0.32460299553349614, ""backend"": ""cpp"", ""bridge_accepted_count"": 17, ""bridge_candidate_count"": 19, ""bridge_candidates_ms"": 0.0077, ""bridge_rejected_collision"": 2, ""bridge_rejected_duplicate"": 0, ""convex_pair_evaluated"": 23, ""convex_pair_rejected_broad_phase"": 11, ""convex_pair_total"": 34, ""graph_assembly_ms"": 0.05634, ""internal_candidates_ms"": 0.027895, ""internal_pair_evaluated"": 7, ""internal_pair_total"": 7, ""obstacle_pair_candidates"": 15, ""obstacle_pair_rejected_broad_phase"": 76, ""obstacle_pair_total"": 91, ""preprocess_ms"": 0.039792, ""threads_used"": 4, ""total_ms"": 0.13603700000000002}",0.0012979519960936159,0.053381420992081985,0.23459650701261126,1,1,1,1,1,0,0,0.02,0.01,10,1.0
mixed,94,cpp,cpp,4,1,1,connected,0.0003426689945627004,0.00038437198963947594,0.0007270409842021763,42,40,12,"{""adapter_wall_ms"": 0.31577798654325306, ""backend"": ""cpp"", ""bridge_accepted_count"": 12, ""bridge_candidate_count"": 12, ""bridge_candidates_ms"": 0.006517, ""bridge_rejected_collision"": 0, ""bridge_rejected_duplicate"": 0, ""convex_pair_evaluated"": 14, ""convex_pair_rejected_broad_phase"": 2, ""convex_pair_total"": 16, ""graph_assembly_ms"": 0.042866, ""internal_candidates_ms"": 0.017968, ""internal_pair_evaluated"": 2, ""internal_pair_total"": 2, ""obstacle_pair_candidates"": 14, ""obstacle_pair_rejected_broad_phase"": 77, ""obstacle_pair_total"": 91, ""preprocess_ms"": 0.042101, ""threads_used"": 4, ""total_ms"": 0.112961}",0.0013575360062532127,0.059927958995103836,0.2719949139864184,1,1,1,1,1,0,0,0.02,0.01,10,1.0
mixed,95,cpp,cpp,4,1,1,connected,0.00044094497570768,0.0008144280000124127,0.0012553729757200927,51,55,18,"{""adapter_wall_ms"": 0.3990760014858097, ""backend"": ""cpp"", ""bridge_accepted_count"": 18, ""bridge_candidate_count"": 19, ""bridge_candidates_ms"": 0.007459, ""bridge_rejected_collision"": 1, ""bridge_rejected_duplicate"": 0, ""convex_pair_evaluated"": 19, ""convex_pair_rejected_broad_phase"": 1, ""convex_pair_total"": 20, ""graph_assembly_ms"": 0.069905, ""internal_candidates_ms"": 0.021838, ""internal_pair_evaluated"": 2, ""internal_pair_total"": 2, ""obstacle_pair_candidates"": 16, ""obstacle_pair_rejected_broad_phase"": 75, ""obstacle_pair_total"": 91, ""preprocess_ms"": 0.0586, ""threads_used"": 4, ""total_ms"": 0.16219}",0.001120886008720845,0.0687115820182953,0.3065136499935761,1,1,1,1,1,0,0,0.02,0.01,10,1.0
mixed,96,cpp,cpp,4,1,1,connected,0.00036522699519991875,0.00044910499127581716,0.0008143319864757359,51,53,15,"{""adapter_wall_ms"": 0.3396569809410721, ""backend"": ""cpp"", ""bridge_accepted_count"": 15, ""bridge_candidate_count"": 17, ""bridge_candidates_ms"": 0.008357, ""bridge_rejected_collision"": 2, ""bridge_rejected_duplicate"": 0, ""convex_pair_evaluated"": 21, ""convex_pair_rejected_broad_phase"": 7, ""convex_pair_total"": 28, ""graph_assembly_ms"": 0.057378, ""internal_candidates_ms"": 0.029003, ""internal_pair_evaluated"": 4, ""internal_pair_total"": 4, ""obstacle_pair_candidates"": 16, ""obstacle_pair_rejected_broad_phase"": 75, ""obstacle_pair_total"": 91, ""preprocess_ms"": 0.050653000000000004, ""threads_used"": 4, ""total_ms"": 0.15016}",0.0012870130012743175,0.06056597700808197,0.2628636839799583,1,1,1,1,1,0,0,0.02,0.01,10,1.0
mixed,97,cpp,cpp,4,1,1,connected,0.0003494529810268432,0.0004885990056209266,0.0008380519866477698,57,62,19,"{""adapter_wall_ms"": 0.3229409921914339, ""backend"": ""cpp"", ""bridge_accepted_count"": 19, ""bridge_candidate_count"": 20, ""bridge_candidates_ms"": 0.007447, ""bridge_rejected_collision"": 1, ""bridge_rejected_duplicate"": 0, ""convex_pair_evaluated"": 20, ""convex_pair_rejected_broad_phase"": 4, ""convex_pair_total"": 24, ""graph_assembly_ms"": 0.065088, ""internal_candidates_ms"": 0.019476, ""internal_pair_evaluated"": 3, ""internal_pair_total"": 3, ""obstacle_pair_candidates"": 15, ""obstacle_pair_rejected_broad_phase"": 76, ""obstacle_pair_total"": 91, ""preprocess_ms"": 0.039221000000000006, ""threads_used"": 4, ""total_ms"": 0.135522}",0.0011982619762420654,0.06635665299836546,0.27742919500451535,1,1,1,1,1,0,0,0.02,0.01,10,1.0
mixed,98,cpp,cpp,4,1,1,connected,0.00037484700442291796,0.000652733986498788,0.001027580990921706,54,59,19,"{""adapter_wall_ms"": 0.34416597918607295, ""backend"": ""cpp"", ""bridge_accepted_count"": 19, ""bridge_candidate_count"": 20, ""bridge_candidates_ms"": 0.009263, ""bridge_rejected_collision"": 1, ""bridge_rejected_duplicate"": 0, ""convex_pair_evaluated"": 22, ""convex_pair_rejected_broad_phase"": 3, ""convex_pair_total"": 25, ""graph_assembly_ms"": 0.06543, ""internal_candidates_ms"": 0.01713, ""internal_pair_evaluated"": 1, ""internal_pair_total"": 1, ""obstacle_pair_candidates"": 21, ""obstacle_pair_rejected_broad_phase"": 70, ""obstacle_pair_total"": 91, ""preprocess_ms"": 0.043867, ""threads_used"": 4, ""total_ms"": 0.140926}",0.001266204024432227,0.06345177598996088,0.28524123699753545,1,1,1,1,1,0,0,0.02,0.01,10,1.0
mixed,99,cpp,cpp,4,1,0,disconnected_frontier,0.0004567319992929697,0.000683449994539842,0.0011401819938328117,65,76,24,"{""adapter_wall_ms"": 0.429958978202194, ""backend"": ""cpp"", ""bridge_accepted_count"": 24, ""bridge_candidate_count"": 30, ""bridge_candidates_ms"": 0.009564, ""bridge_rejected_collision"": 6, ""bridge_rejected_duplicate"": 0, ""convex_pair_evaluated"": 32, ""convex_pair_rejected_broad_phase"": 9, ""convex_pair_total"": 41, ""graph_assembly_ms"": 0.106738, ""internal_candidates_ms"": 0.022358, ""internal_pair_evaluated"": 4, ""internal_pair_total"": 4, ""obstacle_pair_candidates"": 19, ""obstacle_pair_rejected_broad_phase"": 72, ""obstacle_pair_total"": 91, ""preprocess_ms"": 0.043382000000000004, ""threads_used"": 4, ""total_ms"": 0.18686999999999998}",0.0012861439900007099,0.04972782597178593,0.22172954000416212,0,1,0,0,1,0,0,0.02,0.01,10,1.0
