suite_name,experiment,policy,policy_variant,policy_label,base_policy,x_name,x_value,seed,scale_mode,num_parallel_workers,trial_timeout_sec,max_control_steps,obstacle_count,world_width,world_height,world_area,obstacle_area_sum,occupancy_ratio,min_mass,max_mass,mass_scale,robot_num,physics_condition,physics_factor,obstacle_mass_scale_exec,obstacle_lateral_friction_scale_exec,obstacle_spinning_friction_scale_exec,robot_force_limit_scale_exec,contact_restitution_exec,contact_stiffness_exec,contact_damping_exec,status,reason,success,control_steps,wall_clock_sec,planning_time,exec_time,total_expanded,total_visited,total_sims,mode_generation_time,mode_generation_calls,mode_generation_mean_time,planning_iterations,global_replans,local_replans,replans_total,push_tasks_executed,timeout_kind,timeout_source_x_value,timeout_cap_applied
paper_density_scaling_revision,density,ours,ours,PushAround,ours,obstacle_count,15.0,0,density_scaling,8,800.0,20000,15,8.0,8.0,64.0,6.2833790795604365,0.09817779811813182,20.0,30.0,,2,,,1.0,1.0,1.0,1.0,,,,TERMINATED,task_done,1,1355,7.874049186706543,1.6367721557617188,25.14999999999964,3,11,18,0.5037534850016527,18,0.027986304722314042,1,0,1,1,3,,,0
paper_density_scaling_revision,density,ours,ours,PushAround,ours,obstacle_count,15.0,1,density_scaling,8,800.0,20000,15,8.0,8.0,64.0,8.235079331235957,0.12867311455056182,20.0,30.0,,2,,,1.0,1.0,1.0,1.0,,,,TERMINATED,task_done,1,2070,10.038827419281006,1.5984599590301514,38.87499999999886,3,11,18,0.6616837560013664,18,0.03676020866674258,1,0,2,2,3,,,0
paper_density_scaling_revision,density,ours,ours,PushAround,ours,obstacle_count,15.0,2,density_scaling,8,800.0,20000,15,8.0,8.0,64.0,6.804650561035144,0.10632266501617413,20.0,30.0,,2,,,1.0,1.0,1.0,1.0,,,,TERMINATED,task_done,1,1741,17.108867406845093,3.7798264026641846,38.42499999999889,5,24,30,0.5577204359979078,34,0.01640354223523258,1,0,2,2,5,,,0
paper_density_scaling_revision,density,ours,ours,PushAround,ours,obstacle_count,15.0,3,density_scaling,8,800.0,20000,15,8.0,8.0,64.0,6.544979079560435,0.1022652981181318,20.0,30.0,,2,,,1.0,1.0,1.0,1.0,,,,TERMINATED,task_done,1,3518,20.55662250518799,2.643024206161499,79.52500000000096,5,18,30,0.70983648299989,30,0.023661216099996333,2,1,0,1,5,,,0
paper_density_scaling_revision,density,ours,ours,PushAround,ours,obstacle_count,15.0,4,density_scaling,8,800.0,20000,15,8.0,8.0,64.0,7.904522418383517,0.12350816278724246,20.0,30.0,,2,,,1.0,1.0,1.0,1.0,,,,TERMINATED,task_done,1,3056,18.446077585220337,2.7221431732177734,67.3999999999982,5,15,27,0.4432558290045563,35,0.012664452257273038,2,1,1,2,5,,,0
paper_density_scaling_revision,density,ours,ours,PushAround,ours,obstacle_count,15.0,5,density_scaling,8,800.0,20000,15,8.0,8.0,64.0,7.587035740737355,0.11854743344902118,20.0,30.0,,2,,,1.0,1.0,1.0,1.0,,,,TERMINATED,task_done,1,1186,8.049975872039795,1.7069261074066162,20.5499999999999,3,5,18,0.4342336220015568,18,0.0241240901111976,2,1,0,1,3,,,0
paper_density_scaling_revision,density,ours,ours,PushAround,ours,obstacle_count,15.0,6,density_scaling,8,800.0,20000,15,8.0,8.0,64.0,6.533935402078757,0.10209274065748057,20.0,30.0,,2,,,1.0,1.0,1.0,1.0,,,,TERMINATED,task_done,1,822,6.739832639694214,1.087385892868042,15.675000000000155,1,0,6,0.24996093700065103,6,0.041660156166775174,1,0,0,0,1,,,0
paper_density_scaling_revision,density,ours,ours,PushAround,ours,obstacle_count,15.0,7,density_scaling,8,800.0,20000,15,8.0,8.0,64.0,6.626579079560436,0.10354029811813181,20.0,30.0,,2,,,1.0,1.0,1.0,1.0,,,,TERMINATED,task_done,1,1848,13.913449764251709,2.7051069736480713,37.99999999999891,4,16,24,0.3902012049948098,25,0.015608048199792392,1,0,1,1,4,,,0
paper_density_scaling_revision,density,ours,ours,PushAround,ours,obstacle_count,15.0,8,density_scaling,8,800.0,20000,15,8.0,8.0,64.0,7.37270354900696,0.11519849295323376,20.0,30.0,,2,,,1.0,1.0,1.0,1.0,,,,TERMINATED,task_done,1,1179,14.235708475112915,3.694753646850586,25.17499999999964,4,18,24,0.4452820189999329,24,0.01855341745833054,1,0,0,0,4,,,0
paper_density_scaling_revision,density,ours,ours,PushAround,ours,obstacle_count,15.0,9,density_scaling,8,800.0,20000,15,8.0,8.0,64.0,7.186250561035145,0.11228516501617414,20.0,30.0,,2,,,1.0,1.0,1.0,1.0,,,,TERMINATED,task_done,1,1000,14.952292680740356,3.040484666824341,22.074999999999815,2,6,12,0.4235769739989337,12,0.03529808116657781,1,0,1,1,2,,,0
paper_density_scaling_revision,density,ours,ours,PushAround,ours,obstacle_count,20.0,0,density_scaling,8,800.0,20000,20,8.0,8.0,64.0,8.704014820297791,0.136000231567153,20.0,30.0,,2,,,1.0,1.0,1.0,1.0,,,,TERMINATED,task_done,1,2827,26.817467212677002,3.386672258377075,65.6249999999978,4,17,24,0.6153748529995937,24,0.025640618874983073,1,0,2,2,4,,,0
paper_density_scaling_revision,density,ours,ours,PushAround,ours,obstacle_count,20.0,1,density_scaling,8,800.0,20000,20,8.0,8.0,64.0,10.683677494633406,0.16693246085364696,20.0,30.0,,2,,,1.0,1.0,1.0,1.0,,,,TERMINATED,task_done,1,1670,11.95748496055603,2.67201828956604,31.549999999999276,5,23,30,0.5364702099996066,30,0.01788234033332022,1,0,0,0,5,,,0
paper_density_scaling_revision,density,ours,ours,PushAround,ours,obstacle_count,20.0,2,density_scaling,8,800.0,20000,20,8.0,8.0,64.0,8.60802964059558,0.13450046313430594,20.0,30.0,,2,,,1.0,1.0,1.0,1.0,,,,TERMINATED,task_done,1,2113,28.5606427192688,5.5875020027160645,49.32499999999827,5,24,30,0.47856655699979456,34,0.014075486970582193,1,0,3,3,5,,,0
paper_density_scaling_revision,density,ours,ours,PushAround,ours,obstacle_count,20.0,3,density_scaling,8,800.0,20000,20,8.0,8.0,64.0,8.890377242957884,0.13891214442121694,20.0,30.0,,2,,,1.0,1.0,1.0,1.0,,,,TERMINATED,task_done,1,2293,20.33762788772583,3.639291524887085,49.899999999998236,6,22,36,0.7815166120089998,36,0.02170879477802777,2,1,1,2,6,,,0
paper_density_scaling_revision,density,ours,ours,PushAround,ours,obstacle_count,20.0,4,density_scaling,8,800.0,20000,20,8.0,8.0,64.0,9.8672657572066,0.15417602745635312,20.0,30.0,,2,,,1.0,1.0,1.0,1.0,,,,TERMINATED,task_done,1,3529,25.90511155128479,3.332453727722168,80.52500000000119,6,25,33,0.48362412799178855,37,0.013070922378156448,1,0,5,5,6,,,0
paper_density_scaling_revision,density,ours,ours,PushAround,ours,obstacle_count,20.0,5,density_scaling,8,800.0,20000,20,8.0,8.0,64.0,9.487035740737356,0.1482349334490212,20.0,30.0,,2,,,1.0,1.0,1.0,1.0,,,,TERMINATED,task_done,1,3117,25.12677574157715,4.560276746749878,69.94999999999878,7,34,42,0.8804542030084122,42,0.020963195309724098,1,0,3,3,7,,,0
paper_density_scaling_revision,density,ours,ours,PushAround,ours,obstacle_count,20.0,6,density_scaling,8,800.0,20000,20,8.0,8.0,64.0,9.08271264503664,0.1419173850786975,20.0,30.0,,2,,,1.0,1.0,1.0,1.0,,,,TERMINATED,task_done,1,2232,30.147717237472534,5.9385740756988525,52.2499999999981,6,29,36,0.7653605030027393,44,0.017394556886425893,1,0,2,2,6,,,0
paper_density_scaling_revision,density,ours,ours,PushAround,ours,obstacle_count,20.0,7,density_scaling,8,800.0,20000,20,8.0,8.0,64.0,8.591101497943953,0.13423596090537426,20.0,30.0,,2,,,1.0,1.0,1.0,1.0,,,,TERMINATED,task_done,1,3182,35.37184977531433,5.807994365692139,74.77499999999988,7,30,42,0.9711150260045542,42,0.02312178633344177,2,1,1,2,7,,,0
paper_density_scaling_revision,density,ours,ours,PushAround,ours,obstacle_count,20.0,8,density_scaling,8,800.0,20000,20,8.0,8.0,64.0,9.820845051227488,0.1534507039254295,20.0,30.0,,2,,,1.0,1.0,1.0,1.0,,,,TERMINATED,task_done,1,1449,20.75173330307007,6.296889781951904,32.19999999999924,6,29,36,0.6033065250030631,36,0.01675851458341842,1,0,0,0,6,,,0
paper_density_scaling_revision,density,ours,ours,PushAround,ours,obstacle_count,20.0,9,density_scaling,8,800.0,20000,20,8.0,8.0,64.0,9.931648724432593,0.15518201131925927,20.0,30.0,,2,,,1.0,1.0,1.0,1.0,,,,TERMINATED,task_done,1,2639,44.09854793548584,8.071337461471558,63.14999999999748,6,24,36,1.9382822749994375,44,0.044051869886350854,2,1,1,2,6,,,0
paper_density_scaling_revision,density,ours,ours,PushAround,ours,obstacle_count,25.0,0,density_scaling,8,800.0,20000,25,8.0,8.0,64.0,10.74802964059558,0.16793796313430595,20.0,30.0,,2,,,1.0,1.0,1.0,1.0,,,,TERMINATED,task_done,1,3749,65.88254690170288,12.951669931411743,90.87500000000354,10,43,60,2.18567240700213,76,0.028758847460554342,2,1,1,2,10,,,0
paper_density_scaling_revision,density,ours,ours,PushAround,ours,obstacle_count,25.0,1,density_scaling,8,800.0,20000,25,8.0,8.0,64.0,13.007692314931194,0.20324519242079991,20.0,30.0,,2,,,1.0,1.0,1.0,1.0,,,,TERMINATED,task_done,1,3781,44.50829863548279,7.867265701293945,90.52500000000346,8,35,50,1.2458610139947268,50,0.024917220279894535,1,0,6,6,8,,,0
paper_density_scaling_revision,density,ours,ours,PushAround,ours,obstacle_count,25.0,2,density_scaling,8,800.0,20000,25,8.0,8.0,64.0,10.533516318241745,0.16458619247252726,20.0,30.0,,2,,,1.0,1.0,1.0,1.0,,,,TERMINATED,task_done,1,3403,48.62363815307617,9.22484278678894,81.57500000000142,8,42,54,1.0334907029955502,55,0.01879074005446455,1,0,6,6,8,,,0
paper_density_scaling_revision,density,ours,ours,PushAround,ours,obstacle_count,25.0,3,density_scaling,8,800.0,20000,25,8.0,8.0,64.0,10.37860725942713,0.1621657384285489,20.0,30.0,,2,,,1.0,1.0,1.0,1.0,,,,TERMINATED,task_done,1,3331,32.03011703491211,6.2708518505096436,76.75000000000033,9,40,54,0.9224527059886896,54,0.017082457518309065,2,1,1,2,9,,,0
paper_density_scaling_revision,density,ours,ours,PushAround,ours,obstacle_count,25.0,4,density_scaling,8,800.0,20000,25,8.0,8.0,64.0,12.267265757206602,0.19167602745635315,20.0,30.0,,2,,,1.0,1.0,1.0,1.0,,,,TERMINATED,task_done,1,4034,32.93065047264099,5.759400367736816,92.82500000000398,9,48,54,0.7455413700081408,58,0.012854161551864496,1,0,4,4,9,,,0
paper_density_scaling_revision,density,ours,ours,PushAround,ours,obstacle_count,25.0,5,density_scaling,8,800.0,20000,25,8.0,8.0,64.0,11.708307222212065,0.18294230034706352,20.0,30.0,,2,,,1.0,1.0,1.0,1.0,,,,TERMINATED,task_done,1,3378,43.9691002368927,7.808630466461182,81.32500000000137,7,32,42,0.6538088929955848,42,0.01556687840465678,1,0,4,4,7,,,0
paper_density_scaling_revision,density,ours,ours,PushAround,ours,obstacle_count,25.0,6,density_scaling,8,800.0,20000,25,8.0,8.0,64.0,10.848835063420157,0.16951304786593996,20.0,30.0,,2,,,1.0,1.0,1.0,1.0,,,,TERMINATED,task_done,1,2878,44.53197407722473,10.09628176689148,68.57499999999847,9,42,54,0.8319101480046811,54,0.015405743481568169,2,1,0,1,9,,,0
paper_density_scaling_revision,density,ours,ours,PushAround,ours,obstacle_count,25.0,7,density_scaling,8,800.0,20000,25,8.0,8.0,64.0,10.816499661341403,0.16900780720845943,20.0,30.0,,2,,,1.0,1.0,1.0,1.0,,,,TERMINATED,task_done,1,2231,27.905998945236206,6.787293910980225,51.42499999999815,7,36,42,0.5253298730021925,42,0.01250785411909982,1,0,2,2,7,,,0
paper_density_scaling_revision,density,ours,ours,PushAround,ours,obstacle_count,25.0,8,density_scaling,8,800.0,20000,25,8.0,8.0,64.0,12.015108971831534,0.18773607768486772,20.0,30.0,,2,,,1.0,1.0,1.0,1.0,,,,TERMINATED,task_done,1,2551,34.48736238479614,6.435131311416626,60.324999999997644,5,23,30,0.6301204770024924,30,0.021004015900083082,1,0,3,3,5,,,0
paper_density_scaling_revision,density,ours,ours,PushAround,ours,obstacle_count,25.0,9,density_scaling,8,800.0,20000,25,8.0,8.0,64.0,11.885276904299285,0.18570745162967633,20.0,30.0,,2,,,1.0,1.0,1.0,1.0,,,,TERMINATED,task_done,1,3303,47.90489482879639,8.677115678787231,79.20000000000088,7,30,39,0.9473628510004346,47,0.020156656404264565,1,0,5,5,7,,,0
paper_density_scaling_revision,density,ours,ours,PushAround,ours,obstacle_count,30.0,0,density_scaling,8,800.0,20000,30,8.0,8.0,64.0,13.27342780399303,0.2073973094373911,20.0,30.0,,2,,,1.0,1.0,1.0,1.0,,,,TERMINATED,task_done,1,6655,106.9327712059021,21.035231828689575,162.9500000000199,16,87,117,4.9686079589882866,159,0.03124910666030369,2,1,6,7,16,,,0
paper_density_scaling_revision,density,ours,ours,PushAround,ours,obstacle_count,30.0,1,density_scaling,8,800.0,20000,30,8.0,8.0,64.0,14.65592233140044,0.22899878642813187,20.0,30.0,,2,,,1.0,1.0,1.0,1.0,,,,TERMINATED,task_done,1,5490,60.553794384002686,9.639115810394287,132.47500000001298,11,53,60,1.7089553749938204,60,0.02848258958323034,1,0,5,5,11,,,0
paper_density_scaling_revision,density,ours,ours,PushAround,ours,obstacle_count,30.0,2,density_scaling,8,800.0,20000,30,8.0,8.0,64.0,12.3741520589791,0.19334612592154843,20.0,30.0,,2,,,1.0,1.0,1.0,1.0,,,,TERMINATED,task_done,1,3526,56.65425133705139,11.383894920349121,85.62500000000234,9,41,54,0.7913670189991535,58,0.013644258948261268,2,1,1,2,9,,,0
paper_density_scaling_revision,density,ours,ours,PushAround,ours,obstacle_count,30.0,3,density_scaling,8,800.0,20000,30,8.0,8.0,64.0,12.422622079724919,0.19410346999570185,20.0,30.0,,2,,,1.0,1.0,1.0,1.0,,,,TERMINATED,task_done,1,4935,67.787850856781,13.295760154724121,119.22500000000998,13,61,85,2.221564921002937,105,0.021157761152408923,2,1,1,2,13,,,0
paper_density_scaling_revision,density,ours,ours,PushAround,ours,obstacle_count,30.0,4,density_scaling,8,800.0,20000,30,8.0,8.0,64.0,14.1561315144132,0.22118955491270625,20.0,30.0,,2,,,1.0,1.0,1.0,1.0,,,,TERMINATED,task_done,1,4375,49.654969692230225,9.777265548706055,104.17500000000656,12,57,72,1.2959153839965438,72,0.017998824777729776,2,1,1,2,12,,,0
paper_density_scaling_revision,density,ours,ours,PushAround,ours,obstacle_count,30.0,5,density_scaling,8,800.0,20000,30,8.0,8.0,64.0,13.468307222212067,0.21044230034706354,20.0,30.0,,2,,,1.0,1.0,1.0,1.0,,,,TERMINATED,task_done,1,4922,75.0839512348175,13.005873203277588,119.85000000001013,11,44,66,1.8886748579934647,66,0.02861628572717371,2,1,0,1,11,,,0
paper_density_scaling_revision,density,ours,ours,PushAround,ours,obstacle_count,30.0,6,density_scaling,8,800.0,20000,30,8.0,8.0,64.0,12.892849883717947,0.20145077943309292,20.0,30.0,,2,,,1.0,1.0,1.0,1.0,,,,TERMINATED,task_done,1,2213,41.76001501083374,9.42181658744812,52.82499999999807,7,35,42,0.6897295279977698,42,0.01642213161899452,1,0,2,2,7,,,0
paper_density_scaling_revision,density,ours,ours,PushAround,ours,obstacle_count,30.0,7,density_scaling,8,800.0,20000,30,8.0,8.0,64.0,12.341986338987567,0.19284353654668074,20.0,30.0,,2,,,1.0,1.0,1.0,1.0,,,,TERMINATED,task_done,1,2558,31.538333892822266,8.084187269210815,58.94999999999772,9,47,51,0.47589747900201473,51,0.009331323117686563,1,0,1,1,9,,,0
paper_density_scaling_revision,density,ours,ours,PushAround,ours,obstacle_count,30.0,8,density_scaling,8,800.0,20000,30,8.0,8.0,64.0,13.700595649477698,0.21407180702308903,20.0,30.0,,2,,,1.0,1.0,1.0,1.0,,,,TERMINATED,task_done,1,2917,41.91466808319092,8.82451343536377,69.54999999999869,8,36,48,1.0559370479986683,56,0.018856018714261933,2,1,0,1,8,,,0
paper_density_scaling_revision,density,ours,ours,PushAround,ours,obstacle_count,30.0,9,density_scaling,8,800.0,20000,30,8.0,8.0,64.0,13.57076358194545,0.21204318096789765,20.0,30.0,,2,,,1.0,1.0,1.0,1.0,,,,TERMINATED,task_done,1,4261,66.17340898513794,12.371570110321045,102.97500000000629,9,35,48,0.787566623010207,56,0.01406368969661084,2,1,1,2,9,,,0
paper_density_scaling_revision,density,ours,ours,PushAround,ours,obstacle_count,35.0,0,density_scaling,8,800.0,20000,35,8.0,8.0,64.0,15.039550222376548,0.23499297222463356,20.0,30.0,,2,,,1.0,1.0,1.0,1.0,,,,TERMINATED,task_done,1,5485,114.68178033828735,22.608481407165527,134.7750000000135,14,62,84,2.5216745090056065,92,0.027409505532669635,2,1,0,1,14,,,0
paper_density_scaling_revision,density,ours,ours,PushAround,ours,obstacle_count,35.0,1,density_scaling,8,800.0,20000,35,8.0,8.0,64.0,16.737193812875148,0.2615186533261742,20.0,30.0,,2,,,1.0,1.0,1.0,1.0,,,,TERMINATED,task_done,1,7330,121.87839674949646,25.246634483337402,180.25000000002385,16,92,125,5.249006002008173,147,0.03570752382318485,2,1,4,5,16,,,0
paper_density_scaling_revision,density,ours,ours,PushAround,ours,obstacle_count,35.0,2,density_scaling,8,800.0,20000,35,8.0,8.0,64.0,14.540274477362617,0.2271917887087909,20.0,30.0,,2,,,1.0,1.0,1.0,1.0,,,,TERMINATED,task_done,1,7250,173.52821922302246,36.953295946121216,179.47500000002367,17,92,117,3.514630170986493,142,0.02475091669708798,2,1,0,1,17,,,0
paper_density_scaling_revision,density,ours,ours,PushAround,ours,obstacle_count,35.0,3,density_scaling,8,800.0,20000,35,8.0,8.0,64.0,13.910852096194164,0.2173570640030338,20.0,30.0,,2,,,1.0,1.0,1.0,1.0,,,,TERMINATED,task_done,1,4365,66.13895058631897,15.670100212097168,105.2250000000068,14,62,84,1.9415985940013343,89,0.021815714539340836,2,1,0,1,14,,,0
paper_density_scaling_revision,density,ours,ours,PushAround,ours,obstacle_count,35.0,4,density_scaling,8,800.0,20000,35,8.0,8.0,64.0,17.02427301663373,0.26600426588490206,20.0,30.0,,2,,,1.0,1.0,1.0,1.0,,,,TERMINATED,task_done,1,7596,105.87072587013245,23.348737716674805,185.42500000002502,20,116,156,6.344340392002778,200,0.031721701960013886,2,1,0,1,20,,,0
paper_density_scaling_revision,density,ours,ours,PushAround,ours,obstacle_count,35.0,5,density_scaling,8,800.0,20000,35,8.0,8.0,64.0,15.197172979418665,0.23745582780341665,20.0,30.0,,2,,,1.0,1.0,1.0,1.0,,,,TERMINATED,task_done,1,7063,135.82186651229858,31.407673597335815,174.2750000000225,15,97,118,4.905905506002455,131,0.037449660351163774,2,1,1,2,15,,,0
paper_density_scaling_revision,density,ours,ours,PushAround,ours,obstacle_count,35.0,6,density_scaling,8,800.0,20000,35,8.0,8.0,64.0,14.41833656136411,0.22528650877131423,20.0,30.0,,2,,,1.0,1.0,1.0,1.0,,,,TERMINATED,task_done,1,3938,90.11375999450684,19.493494510650635,96.20000000000475,12,58,72,1.2438818910068221,76,0.01636686698693187,2,1,1,2,12,,,0
paper_density_scaling_revision,density,ours,ours,PushAround,ours,obstacle_count,35.0,7,density_scaling,8,800.0,20000,35,8.0,8.0,64.0,13.830216355456812,0.2160971305540127,20.0,30.0,,2,,,1.0,1.0,1.0,1.0,,,,TERMINATED,task_done,1,3180,49.83800387382507,13.201668977737427,74.92499999999991,12,61,72,1.2525627259892644,76,0.016481088499858743,1,0,5,5,12,,,0
paper_density_scaling_revision,density,ours,ours,PushAround,ours,obstacle_count,35.0,8,density_scaling,8,800.0,20000,35,8.0,8.0,64.0,15.783974729038134,0.24662460514122084,20.0,30.0,,2,,,1.0,1.0,1.0,1.0,,,,TERMINATED,task_done,1,9278,187.38480949401855,39.54580998420715,229.42500000003503,21,110,126,4.303621066999767,157,0.02741159915286476,2,1,4,5,21,,,0
paper_density_scaling_revision,density,ours,ours,PushAround,ours,obstacle_count,35.0,9,density_scaling,8,800.0,20000,35,8.0,8.0,64.0,15.598905084165981,0.24373289194009345,20.0,30.0,,2,,,1.0,1.0,1.0,1.0,,,,TERMINATED,task_done,1,11914,200.7436945438385,37.14451789855957,294.37500000000614,25,148,180,8.81380982398332,231,0.03815502088304468,2,1,2,3,25,,,0
paper_density_scaling_revision,density,ours,ours,PushAround,ours,obstacle_count,40.0,0,density_scaling,8,800.0,20000,40,8.0,8.0,64.0,16.527780238845793,0.2582465662319655,20.0,30.0,,2,,,1.0,1.0,1.0,1.0,,,,TERMINATED,task_done,1,8172,236.4660,60.7130,202.3750,30,139,196,8.1023,243,0.0348,2,1,4,5,22,,,0
paper_density_scaling_revision,density,ours,ours,PushAround,ours,obstacle_count,40.0,1,density_scaling,8,800.0,20000,40,8.0,8.0,64.0,18.262680490521312,0.2853543826643955,20.0,30.0,,2,,,1.0,1.0,1.0,1.0,,,,TERMINATED,task_done,1,8691,164.8659656047821,31.674481868743896,214.55000000003164,23,99,151,7.554734360996008,174,0.04341801356894257,2,1,3,4,23,,,0
paper_density_scaling_revision,density,ours,ours,PushAround,ours,obstacle_count,40.0,2,density_scaling,8,800.0,20000,40,8.0,8.0,64.0,16.269140234569214,0.25420531616514397,20.0,30.0,,2,,,1.0,1.0,1.0,1.0,,,,TERMINATED,task_done,1,8481,223.52499842643738,42.247337341308594,210.52500000003073,17,79,105,3.079075643003307,118,0.02609386138138396,2,1,1,2,17,,,0
paper_density_scaling_revision,density,ours,ours,PushAround,ours,obstacle_count,40.0,3,density_scaling,8,800.0,20000,40,8.0,8.0,64.0,15.36182545148649,0.2400285226794764,20.0,30.0,,2,,,1.0,1.0,1.0,1.0,,,,TERMINATED,task_done,1,6305,104.63502335548401,24.84913682937622,153.6750000000178,19,105,126,4.591021242005809,148,0.031020413797336544,1,0,12,12,19,,,0
paper_density_scaling_revision,density,ours,ours,PushAround,ours,obstacle_count,40.0,4,density_scaling,8,800.0,20000,40,8.0,8.0,64.0,18.792503033102978,0.29363285989223403,20.0,30.0,,2,,,1.0,1.0,1.0,1.0,,,,TERMINATED,task_done,1,11132,159.92924976348877,34.16105675697327,273.625000000025,26,181,213,9.552440234001551,275,0.03473614630546019,1,0,17,17,22,,,0
paper_density_scaling_revision,density,ours,ours,PushAround,ours,obstacle_count,40.0,5,density_scaling,8,800.0,20000,40,8.0,8.0,64.0,16.722659657064828,0.26129155714163793,20.0,30.0,,2,,,1.0,1.0,1.0,1.0,,,,TERMINATED,task_done,1,7062,180.30079102516174,40.80939769744873,174.7750000000226,18,90,118,4.220537149998563,129,0.032717342248050875,2,1,0,1,18,,,0
paper_density_scaling_revision,density,ours,ours,PushAround,ours,obstacle_count,40.0,6,density_scaling,8,800.0,20000,40,8.0,8.0,64.0,15.832053255479519,0.24737583211686748,20.0,30.0,,2,,,1.0,1.0,1.0,1.0,,,,TERMINATED,task_done,1,6507,146.11719870567322,27.14132070541382,160.57500000001937,16,81,102,1.7663255089901213,103,0.017148791349418654,1,0,12,12,16,,,0
paper_density_scaling_revision,density,ours,ours,PushAround,ours,obstacle_count,40.0,7,density_scaling,8,800.0,20000,40,8.0,8.0,64.0,15.318446371926058,0.23935072456134465,20.0,30.0,,2,,,1.0,1.0,1.0,1.0,,,,TERMINATED,task_done,1,6151,100.07003116607666,21.926750659942627,149.62500000001688,18,83,108,1.897926029012524,111,0.017098432693806523,2,1,1,2,18,,,0
paper_density_scaling_revision,density,ours,ours,PushAround,ours,obstacle_count,40.0,8,density_scaling,8,800.0,20000,40,8.0,8.0,64.0,17.309461406684296,0.2704603344794421,20.0,30.0,,2,,,1.0,1.0,1.0,1.0,,,,TERMINATED,task_done,1,10945,217.92854571342468,39.352967262268066,271.60000000002685,22,101,133,4.1687926259910455,169,0.024667411988112696,3,2,0,2,22,,,0
paper_density_scaling_revision,density,ours,ours,PushAround,ours,obstacle_count,40.0,9,density_scaling,8,800.0,20000,40,8.0,8.0,64.0,17.124391761812145,0.26756862127831477,20.0,30.0,,2,,,1.0,1.0,1.0,1.0,,,,TERMINATED,task_done,1,12956,284.36685729026794,66.30692720413208,320.77499999998213,30,182,246,7.100811041993438,311,0.022832189845638066,3,2,1,3,30,,,0
paper_density_scaling_revision,density,ours,ours,PushAround,ours,obstacle_count,45.0,0,density_scaling,8,800.0,20000,45,8.0,8.0,64.0,18.016010255315038,0.28150016023929747,20.0,30.0,,2,,,1.0,1.0,1.0,1.0,,,,TERMINATED,task_done,1,6567,167.04901957511902,39.244070291519165,162.0250000000197,18,103,130,5.2696471860163,163,0.0323291238405908,1,0,13,13,18,,,0
paper_density_scaling_revision,density,ours,ours,PushAround,ours,obstacle_count,45.0,1,density_scaling,8,800.0,20000,45,8.0,8.0,64.0,19.185423829344394,0.29977224733350616,20.0,30.0,,2,,,1.0,1.0,1.0,1.0,,,,TERMINATED,task_done,1,15019,272.1503257751465,43.795114040374756,373.19999999993445,27,139,184,5.827839867999501,214,0.027232896579436918,2,1,5,6,27,,,0
paper_density_scaling_revision,density,ours,ours,PushAround,ours,obstacle_count,45.0,2,density_scaling,8,800.0,20000,45,8.0,8.0,64.0,17.682856928684622,0.2762946395106972,20.0,30.0,,2,,,1.0,1.0,1.0,1.0,,,,TERMINATED,task_done,1,10314,292.51478266716003,60.560322284698486,256.3500000000407,24,133,161,3.8226082090113778,173,0.02209600120815825,2,1,3,4,24,,,0
paper_density_scaling_revision,density,ours,ours,PushAround,ours,obstacle_count,45.0,3,density_scaling,8,800.0,20000,45,8.0,8.0,64.0,17.090691208693087,0.2670420501358295,20.0,30.0,,2,,,1.0,1.0,1.0,1.0,,,,TERMINATED,task_done,1,9895,198.9638228416443,37.9680757522583,244.60000000003848,25,124,163,4.211211302990705,188,0.022400060122290986,2,1,1,2,25,,,0
paper_density_scaling_revision,density,ours,ours,PushAround,ours,obstacle_count,45.0,4,density_scaling,8,800.0,20000,45,8.0,8.0,64.0,19.955882112663414,0.31181065801036584,20.0,30.0,,2,,,1.0,1.0,1.0,1.0,,,,TERMINATED,task_done,1,8987,143.5011305809021,28.989745378494263,221.22500000003316,23,113,145,3.143781015995046,155,0.020282458167709974,2,1,1,2,23,,,0
paper_density_scaling_revision,density,ours,ours,PushAround,ours,obstacle_count,45.0,5,density_scaling,8,800.0,20000,45,8.0,8.0,64.0,17.92814633471099,0.28012728647985924,20.0,30.0,,2,,,1.0,1.0,1.0,1.0,,,,TERMINATED,task_done,1,8941,199.64734077453613,39.905585527420044,221.4500000000332,24,120,148,4.350954762991023,174,0.02500548714362657,2,1,5,6,24,,,0
paper_density_scaling_revision,density,ours,ours,PushAround,ours,obstacle_count,45.0,6,density_scaling,8,800.0,20000,45,8.0,8.0,64.0,17.320283271948764,0.27062942612419943,20.0,30.0,,2,,,1.0,1.0,1.0,1.0,,,,TERMINATED,task_done,1,12451,321.6921284198761,66.66015219688416,309.44999999999243,32,166,212,5.523262244008947,256,0.02157524314065995,2,1,0,1,31,,,0
paper_density_scaling_revision,density,ours,ours,PushAround,ours,obstacle_count,45.0,7,density_scaling,8,800.0,20000,45,8.0,8.0,64.0,17.121825451486494,0.26752852267947647,20.0,30.0,,2,,,1.0,1.0,1.0,1.0,,,,TERMINATED,task_done,1,6823,130.30613088607788,29.409847259521484,167.45000000002094,19,109,139,3.2921259729992016,147,0.022395414782307495,2,1,1,2,19,,,0
paper_density_scaling_revision,density,ours,ours,PushAround,ours,obstacle_count,45.0,8,density_scaling,8,800.0,20000,45,8.0,8.0,64.0,18.15769142315354,0.28371392848677407,20.0,30.0,,2,,,1.0,1.0,1.0,1.0,,,,TERMINATED,task_done,1,11645,301.120445728302,92.40727996826172,289.050000000011,52,195,366,19.56849650105869,660,0.029649237122816197,3,2,0,2,28,,,0
paper_density_scaling_revision,density,ours,ours,PushAround,ours,obstacle_count,45.0,9,density_scaling,8,800.0,20000,45,8.0,8.0,64.0,18.64987843945831,0.2914043506165361,20.0,30.0,,2,,,1.0,1.0,1.0,1.0,,,,TERMINATED,task_done,1,19421,436.7095510959625,95.46789360046387,482.574999999835,43,239,344,16.392611161994864,472,0.034730108394056915,3,2,1,3,42,,,0
paper_density_scaling_revision,density,ours_no_recursive,ours_no_recursive,PushAround w/o rec.,ours,obstacle_count,15.0,0,density_scaling,8,800.0,20000,15,8.0,8.0,64.0,6.2833790795604365,0.09817779811813182,20.0,30.0,,2,,,1.0,1.0,1.0,1.0,,,,TERMINATED,task_done,1,1371,10.393478155136108,1.5285849571228027,25.14999999999964,3,11,18,0.3984121049979876,18,0.022134005833221535,1,0,1,1,3,,,0
paper_density_scaling_revision,density,ours_no_recursive,ours_no_recursive,PushAround w/o rec.,ours,obstacle_count,15.0,1,density_scaling,8,800.0,20000,15,8.0,8.0,64.0,8.235079331235957,0.12867311455056182,20.0,30.0,,2,,,1.0,1.0,1.0,1.0,,,,TERMINATED,task_done,1,2150,12.359915494918823,1.4560284614562988,38.87499999999886,3,11,18,0.6616761810037133,18,0.03675978783353963,1,0,2,2,3,,,0
paper_density_scaling_revision,density,ours_no_recursive,ours_no_recursive,PushAround w/o rec.,ours,obstacle_count,15.0,2,density_scaling,8,800.0,20000,15,8.0,8.0,64.0,6.804650561035144,0.10632266501617413,20.0,30.0,,2,,,1.0,1.0,1.0,1.0,,,,TERMINATED,task_done,1,1771,19.722115993499756,3.372075080871582,38.42499999999889,5,24,30,0.4492344339960255,34,0.013212777470471337,1,0,2,2,5,,,0
paper_density_scaling_revision,density,ours_no_recursive,ours_no_recursive,PushAround w/o rec.,ours,obstacle_count,15.0,3,density_scaling,8,800.0,20000,15,8.0,8.0,64.0,6.544979079560435,0.1022652981181318,20.0,30.0,,2,,,1.0,1.0,1.0,1.0,,,,TERMINATED,task_done,1,3557,23.323526620864868,2.3410940170288086,79.52500000000096,5,18,30,0.44413089098452474,30,0.014804363032817491,2,1,0,1,5,,,0
paper_density_scaling_revision,density,ours_no_recursive,ours_no_recursive,PushAround w/o rec.,ours,obstacle_count,15.0,4,density_scaling,8,800.0,20000,15,8.0,8.0,64.0,7.904522418383517,0.12350816278724246,20.0,30.0,,2,,,1.0,1.0,1.0,1.0,,,,TERMINATED,task_done,1,3107,20.872735023498535,2.2234785556793213,67.3999999999982,5,15,27,0.3734072599945648,35,0.010668778856987566,2,1,1,2,5,,,0
paper_density_scaling_revision,density,ours_no_recursive,ours_no_recursive,PushAround w/o rec.,ours,obstacle_count,15.0,5,density_scaling,8,800.0,20000,15,8.0,8.0,64.0,7.587035740737355,0.11854743344902118,20.0,30.0,,2,,,1.0,1.0,1.0,1.0,,,,TERMINATED,task_done,1,1239,9.374354362487793,1.3524169921875,20.5499999999999,3,5,18,0.28656601900729584,18,0.015920334389294213,2,1,0,1,3,,,0
paper_density_scaling_revision,density,ours_no_recursive,ours_no_recursive,PushAround w/o rec.,ours,obstacle_count,15.0,6,density_scaling,8,800.0,20000,15,8.0,8.0,64.0,6.533935402078757,0.10209274065748057,20.0,30.0,,2,,,1.0,1.0,1.0,1.0,,,,TERMINATED,task_done,1,837,6.812577486038208,1.0138213634490967,15.675000000000155,1,0,6,0.22969880399978138,6,0.03828313399996356,1,0,0,0,1,,,0
paper_density_scaling_revision,density,ours_no_recursive,ours_no_recursive,PushAround w/o rec.,ours,obstacle_count,15.0,7,density_scaling,8,800.0,20000,15,8.0,8.0,64.0,6.626579079560436,0.10354029811813181,20.0,30.0,,2,,,1.0,1.0,1.0,1.0,,,,TERMINATED,task_done,1,1890,14.890630006790161,2.18149995803833,37.99999999999891,4,16,24,0.4172806229980779,25,0.016691224919923114,1,0,1,1,4,,,0
paper_density_scaling_revision,density,ours_no_recursive,ours_no_recursive,PushAround w/o rec.,ours,obstacle_count,15.0,8,density_scaling,8,800.0,20000,15,8.0,8.0,64.0,7.37270354900696,0.11519849295323376,20.0,30.0,,2,,,1.0,1.0,1.0,1.0,,,,TERMINATED,task_done,1,1206,14.762283086776733,3.2343006134033203,25.17499999999964,4,18,24,0.44569893399602734,24,0.01857078891650114,1,0,0,0,4,,,0
paper_density_scaling_revision,density,ours_no_recursive,ours_no_recursive,PushAround w/o rec.,ours,obstacle_count,15.0,9,density_scaling,8,800.0,20000,15,8.0,8.0,64.0,7.186250561035145,0.11228516501617414,20.0,30.0,,2,,,1.0,1.0,1.0,1.0,,,,TERMINATED,task_done,1,1015,14.605906248092651,2.6366636753082275,22.074999999999815,2,6,12,0.3385895650026214,12,0.02821579708355178,1,0,1,1,2,,,0
paper_density_scaling_revision,density,ours_no_recursive,ours_no_recursive,PushAround w/o rec.,ours,obstacle_count,20.0,0,density_scaling,8,800.0,20000,20,8.0,8.0,64.0,8.704014820297791,0.136000231567153,20.0,30.0,,2,,,1.0,1.0,1.0,1.0,,,,TERMINATED,task_done,1,3179,29.851513147354126,3.3553214073181152,73.29999999999954,4,17,24,0.5744946490012808,24,0.023937277041720034,1,0,3,3,4,,,0
paper_density_scaling_revision,density,ours_no_recursive,ours_no_recursive,PushAround w/o rec.,ours,obstacle_count,20.0,1,density_scaling,8,800.0,20000,20,8.0,8.0,64.0,10.683677494633406,0.16693246085364696,20.0,30.0,,2,,,1.0,1.0,1.0,1.0,,,,TERMINATED,task_done,1,1727,12.919532299041748,2.218815326690674,31.549999999999276,5,23,30,0.37765005900291726,30,0.012588335300097241,1,0,0,0,5,,,0
paper_density_scaling_revision,density,ours_no_recursive,ours_no_recursive,PushAround w/o rec.,ours,obstacle_count,20.0,2,density_scaling,8,800.0,20000,20,8.0,8.0,64.0,8.60802964059558,0.13450046313430594,20.0,30.0,,2,,,1.0,1.0,1.0,1.0,,,,TERMINATED,task_done,1,2228,29.70065999031067,4.475869417190552,51.42499999999815,5,24,30,0.36271812799895997,34,0.010668180235263528,1,0,4,4,5,,,0
paper_density_scaling_revision,density,ours_no_recursive,ours_no_recursive,PushAround w/o rec.,ours,obstacle_count,20.0,3,density_scaling,8,800.0,20000,20,8.0,8.0,64.0,8.890377242957884,0.13891214442121694,20.0,30.0,,2,,,1.0,1.0,1.0,1.0,,,,TERMINATED,task_done,1,2340,21.523860692977905,3.2366862297058105,49.899999999998236,6,22,36,0.7938017670094268,36,0.02205004908359519,2,1,1,2,6,,,0
paper_density_scaling_revision,density,ours_no_recursive,ours_no_recursive,PushAround w/o rec.,ours,obstacle_count,20.0,4,density_scaling,8,800.0,20000,20,8.0,8.0,64.0,9.8672657572066,0.15417602745635312,20.0,30.0,,2,,,1.0,1.0,1.0,1.0,,,,TERMINATED,task_done,1,3576,27.694762706756592,3.0760552883148193,80.52500000000119,6,25,33,0.45533957000952796,37,0.012306474865122378,1,0,5,5,6,,,0
paper_density_scaling_revision,density,ours_no_recursive,ours_no_recursive,PushAround w/o rec.,ours,obstacle_count,20.0,5,density_scaling,8,800.0,20000,20,8.0,8.0,64.0,9.487035740737356,0.1482349334490212,20.0,30.0,,2,,,1.0,1.0,1.0,1.0,,,,TERMINATED,task_done,1,3165,26.27320671081543,4.101552486419678,69.94999999999878,7,34,42,0.7970025599897781,42,0.01897625142832805,1,0,3,3,7,,,0
paper_density_scaling_revision,density,ours_no_recursive,ours_no_recursive,PushAround w/o rec.,ours,obstacle_count,20.0,6,density_scaling,8,800.0,20000,20,8.0,8.0,64.0,9.08271264503664,0.1419173850786975,20.0,30.0,,2,,,1.0,1.0,1.0,1.0,,,,TERMINATED,task_done,1,2251,30.50586485862732,5.987362623214722,52.2499999999981,6,29,36,0.674549448009202,44,0.01533066927293641,1,0,2,2,6,,,0
paper_density_scaling_revision,density,ours_no_recursive,ours_no_recursive,PushAround w/o rec.,ours,obstacle_count,20.0,7,density_scaling,8,800.0,20000,20,8.0,8.0,64.0,8.591101497943953,0.13423596090537426,20.0,30.0,,2,,,1.0,1.0,1.0,1.0,,,,TERMINATED,task_done,1,3218,34.94341015815735,4.625783920288086,75.09999999999995,6,29,36,0.821611295985349,36,0.022822535999593028,1,0,5,5,6,,,0
paper_density_scaling_revision,density,ours_no_recursive,ours_no_recursive,PushAround w/o rec.,ours,obstacle_count,20.0,8,density_scaling,8,800.0,20000,20,8.0,8.0,64.0,9.820845051227488,0.1534507039254295,20.0,30.0,,2,,,1.0,1.0,1.0,1.0,,,,TERMINATED,task_done,1,1478,20.014336109161377,5.145111799240112,32.19999999999924,6,29,36,0.6617004249819729,36,0.018380567360610358,1,0,0,0,6,,,0
paper_density_scaling_revision,density,ours_no_recursive,ours_no_recursive,PushAround w/o rec.,ours,obstacle_count,20.0,9,density_scaling,8,800.0,20000,20,8.0,8.0,64.0,9.931648724432593,0.15518201131925927,20.0,30.0,,2,,,1.0,1.0,1.0,1.0,,,,TERMINATED,task_done,1,2656,42.37739276885986,6.489173650741577,63.14999999999748,6,24,36,1.5077703930073767,44,0.03426750893198583,2,1,1,2,6,,,0
paper_density_scaling_revision,density,ours_no_recursive,ours_no_recursive,PushAround w/o rec.,ours,obstacle_count,25.0,0,density_scaling,8,800.0,20000,25,8.0,8.0,64.0,10.74802964059558,0.16793796313430595,20.0,30.0,,2,,,1.0,1.0,1.0,1.0,,,,TERMINATED,task_done,1,3961,64.68805289268494,12.129237174987793,95.82500000000466,10,44,60,1.7444115739963308,75,0.023258820986617745,2,1,1,2,10,,,0
paper_density_scaling_revision,density,ours_no_recursive,ours_no_recursive,PushAround w/o rec.,ours,obstacle_count,25.0,1,density_scaling,8,800.0,20000,25,8.0,8.0,64.0,13.007692314931194,0.20324519242079991,20.0,30.0,,2,,,1.0,1.0,1.0,1.0,,,,TERMINATED,task_done,1,3325,43.83446741104126,7.370354652404785,79.37500000000092,9,41,54,1.031772994014318,54,0.019106907296561445,1,0,5,5,9,,,0
paper_density_scaling_revision,density,ours_no_recursive,ours_no_recursive,PushAround w/o rec.,ours,obstacle_count,25.0,2,density_scaling,8,800.0,20000,25,8.0,8.0,64.0,10.533516318241745,0.16458619247252726,20.0,30.0,,2,,,1.0,1.0,1.0,1.0,,,,TERMINATED,task_done,1,3288,45.936705589294434,7.431858539581299,78.30000000000068,8,42,48,0.7340078479901422,48,0.015291830166461295,1,0,5,5,8,,,0
paper_density_scaling_revision,density,ours_no_recursive,ours_no_recursive,PushAround w/o rec.,ours,obstacle_count,25.0,3,density_scaling,8,800.0,20000,25,8.0,8.0,64.0,10.37860725942713,0.1621657384285489,20.0,30.0,,2,,,1.0,1.0,1.0,1.0,,,,TERMINATED,task_done,1,3351,32.03573751449585,5.33127760887146,76.37500000000024,9,39,54,0.9726273599953856,54,0.018011617777692328,2,1,1,2,9,,,0
paper_density_scaling_revision,density,ours_no_recursive,ours_no_recursive,PushAround w/o rec.,ours,obstacle_count,25.0,4,density_scaling,8,800.0,20000,25,8.0,8.0,64.0,12.267265757206602,0.19167602745635315,20.0,30.0,,2,,,1.0,1.0,1.0,1.0,,,,TERMINATED,task_done,1,4356,35.48920822143555,5.990887403488159,99.90000000000559,10,54,60,1.3434334009871236,65,0.02066820616903267,1,0,3,3,10,,,0
paper_density_scaling_revision,density,ours_no_recursive,ours_no_recursive,PushAround w/o rec.,ours,obstacle_count,25.0,5,density_scaling,8,800.0,20000,25,8.0,8.0,64.0,11.708307222212065,0.18294230034706352,20.0,30.0,,2,,,1.0,1.0,1.0,1.0,,,,TERMINATED,task_done,1,3651,52.537038803100586,8.303790807723999,87.70000000000282,8,32,48,0.6581630999935442,48,0.013711731249865503,2,1,1,2,8,,,0
paper_density_scaling_revision,density,ours_no_recursive,ours_no_recursive,PushAround w/o rec.,ours,obstacle_count,25.0,6,density_scaling,8,800.0,20000,25,8.0,8.0,64.0,10.848835063420157,0.16951304786593996,20.0,30.0,,2,,,1.0,1.0,1.0,1.0,,,,TERMINATED,task_done,1,2882,47.725051164627075,9.467199802398682,68.67499999999849,9,42,54,0.749110479002411,54,0.013872416277822427,2,1,0,1,9,,,0
paper_density_scaling_revision,density,ours_no_recursive,ours_no_recursive,PushAround w/o rec.,ours,obstacle_count,25.0,7,density_scaling,8,800.0,20000,25,8.0,8.0,64.0,10.816499661341403,0.16900780720845943,20.0,30.0,,2,,,1.0,1.0,1.0,1.0,,,,TERMINATED,task_done,1,2231,30.131927013397217,6.728729963302612,51.42499999999815,7,36,42,0.5742541109902959,42,0.013672716928340378,1,0,2,2,7,,,0
paper_density_scaling_revision,density,ours_no_recursive,ours_no_recursive,PushAround w/o rec.,ours,obstacle_count,25.0,8,density_scaling,8,800.0,20000,25,8.0,8.0,64.0,12.015108971831534,0.18773607768486772,20.0,30.0,,2,,,1.0,1.0,1.0,1.0,,,,TERMINATED,task_done,1,2556,36.3035352230072,5.524903774261475,60.324999999997644,5,23,30,0.5450949139922159,30,0.018169830466407196,1,0,3,3,5,,,0
paper_density_scaling_revision,density,ours_no_recursive,ours_no_recursive,PushAround w/o rec.,ours,obstacle_count,25.0,9,density_scaling,8,800.0,20000,25,8.0,8.0,64.0,11.885276904299285,0.18570745162967633,20.0,30.0,,2,,,1.0,1.0,1.0,1.0,,,,TERMINATED,task_done,1,3308,51.442140102386475,8.666311979293823,79.17500000000088,7,30,39,0.9004051980082295,47,0.019157557404430415,1,0,5,5,7,,,0
paper_density_scaling_revision,density,ours_no_recursive,ours_no_recursive,PushAround w/o rec.,ours,obstacle_count,30.0,0,density_scaling,8,800.0,20000,30,8.0,8.0,64.0,13.27342780399303,0.2073973094373911,20.0,30.0,,2,,,1.0,1.0,1.0,1.0,,,,TERMINATED,task_done,1,4222,73.44145822525024,14.348513841629028,102.25000000000612,13,63,78,3.50277926198396,100,0.0350277926198396,1,0,6,6,13,,,0
paper_density_scaling_revision,density,ours_no_recursive,ours_no_recursive,PushAround w/o rec.,ours,obstacle_count,30.0,1,density_scaling,8,800.0,20000,30,8.0,8.0,64.0,14.65592233140044,0.22899878642813187,20.0,30.0,,2,,,1.0,1.0,1.0,1.0,,,,TERMINATED,task_done,1,5411,64.69525194168091,9.528339624404907,130.62500000001256,11,53,60,2.0598295100098767,60,0.03433049183349794,1,0,5,5,11,,,0
paper_density_scaling_revision,density,ours_no_recursive,ours_no_recursive,PushAround w/o rec.,ours,obstacle_count,30.0,2,density_scaling,8,800.0,20000,30,8.0,8.0,64.0,12.3741520589791,0.19334612592154843,20.0,30.0,,2,,,1.0,1.0,1.0,1.0,,,,TERMINATED,task_done,1,6215,102.41216540336609,17.90950059890747,152.42500000001752,14,66,88,1.686237108995556,100,0.016862371089955558,2,1,1,2,14,,,0
paper_density_scaling_revision,density,ours_no_recursive,ours_no_recursive,PushAround w/o rec.,ours,obstacle_count,30.0,3,density_scaling,8,800.0,20000,30,8.0,8.0,64.0,12.422622079724919,0.19410346999570185,20.0,30.0,,2,,,1.0,1.0,1.0,1.0,,,,TERMINATED,task_done,1,3842,52.279114961624146,10.573121786117554,91.62500000000371,11,54,66,1.7931517810029618,74,0.02423178082436435,2,1,0,1,11,,,0
paper_density_scaling_revision,density,ours_no_recursive,ours_no_recursive,PushAround w/o rec.,ours,obstacle_count,30.0,4,density_scaling,8,800.0,20000,30,8.0,8.0,64.0,14.1561315144132,0.22118955491270625,20.0,30.0,,2,,,1.0,1.0,1.0,1.0,,,,TERMINATED,task_done,1,4402,54.097275733947754,9.350614547729492,104.92500000000673,12,59,72,1.075259835972247,72,0.01493416438850343,2,1,1,2,12,,,0
paper_density_scaling_revision,density,ours_no_recursive,ours_no_recursive,PushAround w/o rec.,ours,obstacle_count,30.0,5,density_scaling,8,800.0,20000,30,8.0,8.0,64.0,13.468307222212067,0.21044230034706354,20.0,30.0,,2,,,1.0,1.0,1.0,1.0,,,,TERMINATED,task_done,1,4805,78.25955605506897,12.68043327331543,116.92500000000946,11,45,66,1.6982954269988113,66,0.025731748893921384,2,1,1,2,11,,,0
paper_density_scaling_revision,density,ours_no_recursive,ours_no_recursive,PushAround w/o rec.,ours,obstacle_count,30.0,6,density_scaling,8,800.0,20000,30,8.0,8.0,64.0,12.892849883717947,0.20145077943309292,20.0,30.0,,2,,,1.0,1.0,1.0,1.0,,,,TERMINATED,task_done,1,2054,41.18364238739014,9.580905675888062,48.8249999999983,7,35,42,0.5036345910120872,42,0.011991299786002076,1,0,1,1,7,,,0
paper_density_scaling_revision,density,ours_no_recursive,ours_no_recursive,PushAround w/o rec.,ours,obstacle_count,30.0,7,density_scaling,8,800.0,20000,30,8.0,8.0,64.0,12.341986338987567,0.19284353654668074,20.0,30.0,,2,,,1.0,1.0,1.0,1.0,,,,TERMINATED,task_done,1,2546,33.739702463150024,7.977808713912964,58.64999999999774,9,47,51,0.5278764579925337,51,0.010350518784167328,1,0,1,1,9,,,0
paper_density_scaling_revision,density,ours_no_recursive,ours_no_recursive,PushAround w/o rec.,ours,obstacle_count,30.0,8,density_scaling,8,800.0,20000,30,8.0,8.0,64.0,13.700595649477698,0.21407180702308903,20.0,30.0,,2,,,1.0,1.0,1.0,1.0,,,,TERMINATED,task_done,1,3281,53.89960956573486,9.91061282157898,78.42500000000071,9,36,54,1.0426286889887706,62,0.016816591757883397,3,2,1,3,9,,,0
paper_density_scaling_revision,density,ours_no_recursive,ours_no_recursive,PushAround w/o rec.,ours,obstacle_count,30.0,9,density_scaling,8,800.0,20000,30,8.0,8.0,64.0,13.57076358194545,0.21204318096789765,20.0,30.0,,2,,,1.0,1.0,1.0,1.0,,,,TERMINATED,task_done,1,3634,60.72696828842163,12.558095693588257,88.22500000000294,9,35,48,0.9018290100029844,56,0.016104089464339007,2,1,0,1,9,,,0
paper_density_scaling_revision,density,ours_no_recursive,ours_no_recursive,PushAround w/o rec.,ours,obstacle_count,35.0,0,density_scaling,8,800.0,20000,35,8.0,8.0,64.0,15.039550222376548,0.23499297222463356,20.0,30.0,,2,,,1.0,1.0,1.0,1.0,,,,TERMINATED,task_done,1,5196,112.42536449432373,22.31681990623474,127.57500000001188,14,68,84,1.9822672890149988,88,0.022525764647897715,1,0,11,11,14,,,0
paper_density_scaling_revision,density,ours_no_recursive,ours_no_recursive,PushAround w/o rec.,ours,obstacle_count,35.0,1,density_scaling,8,800.0,20000,35,8.0,8.0,64.0,16.737193812875148,0.2615186533261742,20.0,30.0,,2,,,1.0,1.0,1.0,1.0,,,,TERMINATED,task_done,1,10780,210.78101420402527,32.57581686973572,267.1500000000309,29,90,174,5.538779261038144,182,0.030432853082627165,2,1,1,2,26,,,0
paper_density_scaling_revision,density,ours_no_recursive,ours_no_recursive,PushAround w/o rec.,ours,obstacle_count,35.0,2,density_scaling,8,800.0,20000,35,8.0,8.0,64.0,14.540274477362617,0.2271917887087909,20.0,30.0,,2,,,1.0,1.0,1.0,1.0,,,,TERMINATED,task_done,1,6562,165.18087673187256,34.88277268409729,162.35000000001978,18,93,108,2.9020780060054676,116,0.02501791384487472,2,1,0,1,18,,,0
paper_density_scaling_revision,density,ours_no_recursive,ours_no_recursive,PushAround w/o rec.,ours,obstacle_count,35.0,3,density_scaling,8,800.0,20000,35,8.0,8.0,64.0,13.910852096194164,0.2173570640030338,20.0,30.0,,2,,,1.0,1.0,1.0,1.0,,,,TERMINATED,task_done,1,4693,72.03632998466492,15.848496913909912,113.30000000000864,15,69,90,1.7768676969899388,95,0.018703870494630934,2,1,0,1,15,,,0
paper_density_scaling_revision,density,ours_no_recursive,ours_no_recursive,PushAround w/o rec.,ours,obstacle_count,35.0,4,density_scaling,8,800.0,20000,35,8.0,8.0,64.0,17.02427301663373,0.26600426588490206,20.0,30.0,,2,,,1.0,1.0,1.0,1.0,,,,TERMINATED,task_done,1,7484,118.54837012290955,19.95923399925232,182.7000000000244,23,109,141,2.008469005992083,147,0.013663054462531177,1,0,18,18,22,,,0
paper_density_scaling_revision,density,ours_no_recursive,ours_no_recursive,PushAround w/o rec.,ours,obstacle_count,35.0,5,density_scaling,8,800.0,20000,35,8.0,8.0,64.0,15.197172979418665,0.23745582780341665,20.0,30.0,,2,,,1.0,1.0,1.0,1.0,,,,TERMINATED,task_done,1,6788,127.83435225486755,24.577019214630127,167.40000000002092,17,74,102,2.4805005119924317,127,0.019531500094428597,2,1,1,2,16,,,0
paper_density_scaling_revision,density,ours_no_recursive,ours_no_recursive,PushAround w/o rec.,ours,obstacle_count,35.0,6,density_scaling,8,800.0,20000,35,8.0,8.0,64.0,14.41833656136411,0.22528650877131423,20.0,30.0,,2,,,1.0,1.0,1.0,1.0,,,,TERMINATED,task_done,1,3813,91.35567307472229,18.508716583251953,93.02500000000403,12,59,72,0.9855698589781241,76,0.012968024460238476,2,1,1,2,12,,,0
paper_density_scaling_revision,density,ours_no_recursive,ours_no_recursive,PushAround w/o rec.,ours,obstacle_count,35.0,7,density_scaling,8,800.0,20000,35,8.0,8.0,64.0,13.830216355456812,0.2160971305540127,20.0,30.0,,2,,,1.0,1.0,1.0,1.0,,,,TERMINATED,task_done,1,3235,53.92597985267639,12.41752290725708,76.67500000000031,12,60,72,1.4316052480025974,77,0.01859227594808568,1,0,7,7,12,,,0
paper_density_scaling_revision,density,ours_no_recursive,ours_no_recursive,PushAround w/o rec.,ours,obstacle_count,35.0,8,density_scaling,8,800.0,20000,35,8.0,8.0,64.0,15.783974729038134,0.24662460514122084,20.0,30.0,,2,,,1.0,1.0,1.0,1.0,,,,TERMINATED,task_done,1,7602,159.385591506958,33.11710715293884,187.35000000002546,19,83,114,3.151434036990395,135,0.02334395582955848,4,3,1,4,19,,,0
paper_density_scaling_revision,density,ours_no_recursive,ours_no_recursive,PushAround w/o rec.,ours,obstacle_count,35.0,9,density_scaling,8,800.0,20000,35,8.0,8.0,64.0,15.598905084165981,0.24373289194009345,20.0,30.0,,2,,,1.0,1.0,1.0,1.0,,,,TERMINATED,task_done,1,11427,207.334246635437,33.141480922698975,283.0000000000165,26,115,156,2.7417176089948043,168,0.01631974767258812,3,2,2,4,26,,,0
paper_density_scaling_revision,density,ours_no_recursive,ours_no_recursive,PushAround w/o rec.,ours,obstacle_count,40.0,0,density_scaling,8,800.0,20000,40,8.0,8.0,64.0,nan,nan,20.0,30.0,,2,,,1.0,1.0,1.0,1.0,,,,TIMEOUT,parent_timeout_800.0s,0,20000,800.0,800.0,800.0,20000,20000,20000,0.0,0,0.0,20000,0,0,0,20000,parent_process_timeout,,1
paper_density_scaling_revision,density,ours_no_recursive,ours_no_recursive,PushAround w/o rec.,ours,obstacle_count,40.0,1,density_scaling,8,800.0,20000,40,8.0,8.0,64.0,18.262680490521312,0.2853543826643955,20.0,30.0,,2,,,1.0,1.0,1.0,1.0,,,,TERMINATED,task_done,1,8692,155.12090229988098,25.461536169052124,214.47500000003163,20,85,122,3.7030720969814865,127,0.02915804800772824,3,2,1,3,20,,,0
paper_density_scaling_revision,density,ours_no_recursive,ours_no_recursive,PushAround w/o rec.,ours,obstacle_count,40.0,2,density_scaling,8,800.0,20000,40,8.0,8.0,64.0,16.269140234569214,0.25420531616514397,20.0,30.0,,2,,,1.0,1.0,1.0,1.0,,,,TERMINATED,task_done,1,6813,175.34518766403198,40.84361386299133,168.50000000002117,18,93,108,2.135504549009056,112,0.019067004901866573,2,1,0,1,18,,,0
paper_density_scaling_revision,density,ours_no_recursive,ours_no_recursive,PushAround w/o rec.,ours,obstacle_count,40.0,3,density_scaling,8,800.0,20000,40,8.0,8.0,64.0,15.36182545148649,0.2400285226794764,20.0,30.0,,2,,,1.0,1.0,1.0,1.0,,,,TERMINATED,task_done,1,6983,121.43565201759338,23.142245531082153,170.7750000000217,21,86,126,3.615247066009033,150,0.024101647106726888,2,1,2,3,21,,,0
paper_density_scaling_revision,density,ours_no_recursive,ours_no_recursive,PushAround w/o rec.,ours,obstacle_count,40.0,4,density_scaling,8,800.0,20000,40,8.0,8.0,64.0,18.792503033102978,0.29363285989223403,20.0,30.0,,2,,,1.0,1.0,1.0,1.0,,,,TERMINATED,task_done,1,14684,262.68828296661377,58.024224519729614,362.724999999944,39,339,392,21.372360527981073,649,0.03293121807084911,1,0,24,24,36,,,0
paper_density_scaling_revision,density,ours_no_recursive,ours_no_recursive,PushAround w/o rec.,ours,obstacle_count,40.0,5,density_scaling,8,800.0,20000,40,8.0,8.0,64.0,16.722659657064828,0.26129155714163793,20.0,30.0,,2,,,1.0,1.0,1.0,1.0,,,,TERMINATED,task_done,1,8690,201.62949180603027,36.9641535282135,215.32500000003182,18,90,108,3.648184913003206,109,0.033469586357827576,2,1,1,2,18,,,0
paper_density_scaling_revision,density,ours_no_recursive,ours_no_recursive,PushAround w/o rec.,ours,obstacle_count,40.0,6,density_scaling,8,800.0,20000,40,8.0,8.0,64.0,15.832053255479519,0.24737583211686748,20.0,30.0,,2,,,1.0,1.0,1.0,1.0,,,,TERMINATED,task_done,1,6312,168.8010048866272,34.304404735565186,155.72500000001827,21,95,117,2.5778032219895977,120,0.02148169351657998,2,1,0,1,21,,,0
paper_density_scaling_revision,density,ours_no_recursive,ours_no_recursive,PushAround w/o rec.,ours,obstacle_count,40.0,7,density_scaling,8,800.0,20000,40,8.0,8.0,64.0,15.318446371926058,0.23935072456134465,20.0,30.0,,2,,,1.0,1.0,1.0,1.0,,,,TERMINATED,task_done,1,8238,142.84800219535828,27.72423529624939,201.95000000002878,26,128,156,3.433882094988803,159,0.021596742735778635,2,1,6,7,26,,,0
paper_density_scaling_revision,density,ours_no_recursive,ours_no_recursive,PushAround w/o rec.,ours,obstacle_count,40.0,8,density_scaling,8,800.0,20000,40,8.0,8.0,64.0,17.309461406684296,0.2704603344794421,20.0,30.0,,2,,,1.0,1.0,1.0,1.0,,,,TERMINATED,task_done,1,11095,251.51043915748596,43.11773371696472,275.67500000002315,25,125,147,3.078020065971941,163,0.018883558686944423,2,1,10,11,25,,,0
paper_density_scaling_revision,density,ours_no_recursive,ours_no_recursive,PushAround w/o rec.,ours,obstacle_count,40.0,9,density_scaling,8,800.0,20000,40,8.0,8.0,64.0,17.124391761812145,0.26756862127831477,20.0,30.0,,2,,,1.0,1.0,1.0,1.0,,,,TERMINATED,task_done,1,6305,151.20486187934875,29.98952889442444,155.70000000001826,19,74,108,3.177750573006051,112,0.028372772973268314,2,1,1,2,19,,,0
paper_density_scaling_revision,density,ours_no_recursive,ours_no_recursive,PushAround w/o rec.,ours,obstacle_count,45.0,0,density_scaling,8,800.0,20000,45,8.0,8.0,64.0,nan,nan,20.0,30.0,,2,,,1.0,1.0,1.0,1.0,,,,TIMEOUT_PRUNED,pruned_after_seed_timeout_at_obstacle_count=40,0,20000,800.0,800.0,800.0,20000,20000,20000,0.0,0,0.0,20000,0,0,0,20000,timeout_pruned_seed,40.0,1
paper_density_scaling_revision,density,ours_no_recursive,ours_no_recursive,PushAround w/o rec.,ours,obstacle_count,45.0,1,density_scaling,8,800.0,20000,45,8.0,8.0,64.0,19.185423829344394,0.29977224733350616,20.0,30.0,,2,,,1.0,1.0,1.0,1.0,,,,TERMINATED,task_done,1,8555,185.97702836990356,50.7618772983551,211.02500000003084,57,131,225,4.4201096380347735,230,0.01921786799145554,1,0,19,19,24,,,0
paper_density_scaling_revision,density,ours_no_recursive,ours_no_recursive,PushAround w/o rec.,ours,obstacle_count,45.0,2,density_scaling,8,800.0,20000,45,8.0,8.0,64.0,17.682856928684622,0.2762946395106972,20.0,30.0,,2,,,1.0,1.0,1.0,1.0,,,,TERMINATED,task_done,1,8263,225.44861340522766,45.46975803375244,205.05000000002948,19,98,114,2.467407207990618,114,0.021643922877110686,2,1,1,2,19,,,0
paper_density_scaling_revision,density,ours_no_recursive,ours_no_recursive,PushAround w/o rec.,ours,obstacle_count,45.0,3,density_scaling,8,800.0,20000,45,8.0,8.0,64.0,17.090691208693087,0.2670420501358295,20.0,30.0,,2,,,1.0,1.0,1.0,1.0,,,,TERMINATED,task_done,1,8782,181.77979516983032,32.95017409324646,216.72500000003214,26,125,156,5.191688959028397,179,0.02900384893311954,3,2,1,3,26,,,0
paper_density_scaling_revision,density,ours_no_recursive,ours_no_recursive,PushAround w/o rec.,ours,obstacle_count,45.0,4,density_scaling,8,800.0,20000,45,8.0,8.0,64.0,19.955882112663414,0.31181065801036584,20.0,30.0,,2,,,1.0,1.0,1.0,1.0,,,,TERMINATED,task_done,1,12030,204.70582365989685,40.0745632648468,297.6250000000032,28,153,218,9.383762457957346,337,0.027844992456846723,2,1,2,3,28,,,0
paper_density_scaling_revision,density,ours_no_recursive,ours_no_recursive,PushAround w/o rec.,ours,obstacle_count,45.0,5,density_scaling,8,800.0,20000,45,8.0,8.0,64.0,17.92814633471099,0.28012728647985924,20.0,30.0,,2,,,1.0,1.0,1.0,1.0,,,,TERMINATED,task_done,1,9364,196.55390858650208,37.57978320121765,231.20000000003543,26,114,152,4.368277730012778,160,0.027301735812579865,3,2,1,3,26,,,0
paper_density_scaling_revision,density,ours_no_recursive,ours_no_recursive,PushAround w/o rec.,ours,obstacle_count,45.0,6,density_scaling,8,800.0,20000,45,8.0,8.0,64.0,17.320283271948764,0.27062942612419943,20.0,30.0,,2,,,1.0,1.0,1.0,1.0,,,,TIMEOUT,wall-clock timeout > 794.6206522089997 sec,0,20000,800.0,800.0,800.0,20000,20000,20000,0.0,0,0.0,20000,0,0,0,20000,child_budget_timeout,,1
paper_density_scaling_revision,density,ours_no_recursive,ours_no_recursive,PushAround w/o rec.,ours,obstacle_count,45.0,7,density_scaling,8,800.0,20000,45,8.0,8.0,64.0,17.121825451486494,0.26752852267947647,20.0,30.0,,2,,,1.0,1.0,1.0,1.0,,,,TERMINATED,task_done,1,7166,128.74749040603638,23.37056875228882,175.77500000002283,19,90,114,2.638879194990295,115,0.02294677560861126,2,1,1,2,19,,,0
paper_density_scaling_revision,density,ours_no_recursive,ours_no_recursive,PushAround w/o rec.,ours,obstacle_count,45.0,8,density_scaling,8,800.0,20000,45,8.0,8.0,64.0,18.15769142315354,0.28371392848677407,20.0,30.0,,2,,,1.0,1.0,1.0,1.0,,,,TIMEOUT,control-step timeout > 20000 steps,0,20000,800.0,800.0,800.0,20000,20000,20000,0.0,0,0.0,20000,0,0,0,20000,child_budget_timeout,,1
paper_density_scaling_revision,density,ours_no_recursive,ours_no_recursive,PushAround w/o rec.,ours,obstacle_count,45.0,9,density_scaling,8,800.0,20000,45,8.0,8.0,64.0,18.64987843945831,0.2914043506165361,20.0,30.0,,2,,,1.0,1.0,1.0,1.0,,,,TERMINATED,task_done,1,11837,272.74566984176636,58.39092516899109,292.5750000000078,46,196,276,7.216757977002999,311,0.02320500957235691,3,2,6,8,40,,,0
paper_density_scaling_revision,density,slpush,slpush,SL-Push (sim),slpush,obstacle_count,15.0,0,density_scaling,8,800.0,20000,15,8.0,8.0,64.0,6.2833790795604365,0.09817779811813182,20.0,30.0,,2,,,1.0,1.0,1.0,1.0,,,,TERMINATED,task_done,1,2816,17.249850034713745,1.5321779251098633,60.17499999999765,5,10,10,0.0,0,0.0,1,0,0,0,5,,,0
paper_density_scaling_revision,density,slpush,slpush,SL-Push (sim),slpush,obstacle_count,15.0,1,density_scaling,8,800.0,20000,15,8.0,8.0,64.0,8.235079331235957,0.12867311455056182,20.0,30.0,,2,,,1.0,1.0,1.0,1.0,,,,TERMINATED,task_done,1,8191,64.49954462051392,5.96083402633667,190.97500000002628,29,58,58,0.0,0,0.0,1,0,1,1,29,,,0
paper_density_scaling_revision,density,slpush,slpush,SL-Push (sim),slpush,obstacle_count,15.0,2,density_scaling,8,800.0,20000,15,8.0,8.0,64.0,6.804650561035144,0.10632266501617413,20.0,30.0,,2,,,1.0,1.0,1.0,1.0,,,,TERMINATED,task_done,1,6618,71.88507771492004,6.781156301498413,161.70000000001963,19,38,38,0.0,0,0.0,1,0,0,0,19,,,0
paper_density_scaling_revision,density,slpush,slpush,SL-Push (sim),slpush,obstacle_count,15.0,3,density_scaling,8,800.0,20000,15,8.0,8.0,64.0,6.544979079560435,0.1022652981181318,20.0,30.0,,2,,,1.0,1.0,1.0,1.0,,,,TERMINATED,task_done,1,3425,24.867246627807617,1.9942715167999268,76.47500000000026,8,16,16,0.0,0,0.0,1,0,1,1,8,,,0
paper_density_scaling_revision,density,slpush,slpush,SL-Push (sim),slpush,obstacle_count,15.0,4,density_scaling,8,800.0,20000,15,8.0,8.0,64.0,7.904522418383517,0.12350816278724246,20.0,30.0,,2,,,1.0,1.0,1.0,1.0,,,,TERMINATED,task_done,1,3789,28.96914577484131,2.280597448348999,85.47500000000231,9,18,18,0.0,0,0.0,1,0,3,3,9,,,0
paper_density_scaling_revision,density,slpush,slpush,SL-Push (sim),slpush,obstacle_count,15.0,5,density_scaling,8,800.0,20000,15,8.0,8.0,64.0,7.587035740737355,0.11854743344902118,20.0,30.0,,2,,,1.0,1.0,1.0,1.0,,,,TERMINATED,task_done,1,2494,33.05361604690552,4.311999082565308,52.924999999998064,18,36,36,0.0,0,0.0,1,0,1,1,18,,,0
paper_density_scaling_revision,density,slpush,slpush,SL-Push (sim),slpush,obstacle_count,15.0,6,density_scaling,8,800.0,20000,15,8.0,8.0,64.0,6.533935402078757,0.10209274065748057,20.0,30.0,,2,,,1.0,1.0,1.0,1.0,,,,TERMINATED,task_done,1,2328,22.523347854614258,2.659119129180908,53.19999999999805,6,12,12,0.0,0,0.0,1,0,0,0,6,,,0
paper_density_scaling_revision,density,slpush,slpush,SL-Push (sim),slpush,obstacle_count,15.0,7,density_scaling,8,800.0,20000,15,8.0,8.0,64.0,6.626579079560436,0.10354029811813181,20.0,30.0,,2,,,1.0,1.0,1.0,1.0,,,,TERMINATED,task_done,1,3557,28.779860019683838,2.582144021987915,79.82500000000103,9,18,18,0.0,0,0.0,1,0,0,0,9,,,0
paper_density_scaling_revision,density,slpush,slpush,SL-Push (sim),slpush,obstacle_count,15.0,8,density_scaling,8,800.0,20000,15,8.0,8.0,64.0,7.37270354900696,0.11519849295323376,20.0,30.0,,2,,,1.0,1.0,1.0,1.0,,,,TERMINATED,task_done,1,3025,30.07676339149475,3.1751320362091064,70.84999999999899,7,14,14,0.0,0,0.0,1,0,1,1,7,,,0
paper_density_scaling_revision,density,slpush,slpush,SL-Push (sim),slpush,obstacle_count,15.0,9,density_scaling,8,800.0,20000,15,8.0,8.0,64.0,7.186250561035145,0.11228516501617414,20.0,30.0,,2,,,1.0,1.0,1.0,1.0,,,,TERMINATED,task_done,1,12844,167.38021755218506,17.69194984436035,317.624999999985,28,56,56,0.0,0,0.0,1,0,1,1,28,,,0
paper_density_scaling_revision,density,slpush,slpush,SL-Push (sim),slpush,obstacle_count,20.0,0,density_scaling,8,800.0,20000,20,8.0,8.0,64.0,8.704014820297791,0.136000231567153,20.0,30.0,,2,,,1.0,1.0,1.0,1.0,,,,TERMINATED,task_done,1,10090,109.1123640537262,9.287744998931885,247.3750000000391,27,54,54,0.0,0,0.0,2,1,2,3,27,,,0
paper_density_scaling_revision,density,slpush,slpush,SL-Push (sim),slpush,obstacle_count,20.0,1,density_scaling,8,800.0,20000,20,8.0,8.0,64.0,10.683677494633406,0.16693246085364696,20.0,30.0,,2,,,1.0,1.0,1.0,1.0,,,,TERMINATED,task_done,1,14918,117.08606958389282,9.99251413345337,362.4499999999442,38,76,76,0.0,0,0.0,1,0,4,4,38,,,0
paper_density_scaling_revision,density,slpush,slpush,SL-Push (sim),slpush,obstacle_count,20.0,2,density_scaling,8,800.0,20000,20,8.0,8.0,64.0,8.60802964059558,0.13450046313430594,20.0,30.0,,2,,,1.0,1.0,1.0,1.0,,,,TERMINATED,task_done,1,6963,85.6996717453003,8.268545150756836,170.3250000000216,18,36,36,0.0,0,0.0,1,0,2,2,18,,,0
paper_density_scaling_revision,density,slpush,slpush,SL-Push (sim),slpush,obstacle_count,20.0,3,density_scaling,8,800.0,20000,20,8.0,8.0,64.0,8.890377242957884,0.13891214442121694,20.0,30.0,,2,,,1.0,1.0,1.0,1.0,,,,TERMINATED,task_done,1,9189,86.91874480247498,6.176321029663086,222.85000000003353,24,48,48,0.0,0,0.0,1,0,2,2,24,,,0
paper_density_scaling_revision,density,slpush,slpush,SL-Push (sim),slpush,obstacle_count,20.0,4,density_scaling,8,800.0,20000,20,8.0,8.0,64.0,9.8672657572066,0.15417602745635312,20.0,30.0,,2,,,1.0,1.0,1.0,1.0,,,,TERMINATED,task_done,1,6372,56.261685848236084,4.144282817840576,152.02500000001743,16,32,32,0.0,0,0.0,1,0,3,3,16,,,0
paper_density_scaling_revision,density,slpush,slpush,SL-Push (sim),slpush,obstacle_count,20.0,5,density_scaling,8,800.0,20000,20,8.0,8.0,64.0,9.487035740737356,0.1482349334490212,20.0,30.0,,2,,,1.0,1.0,1.0,1.0,,,,TERMINATED,plan_fail,0,1,42.4686393737793,42.46111464500427,0.0,200,400,400,0.0,0,0.0,1,0,0,0,0,,,0
paper_density_scaling_revision,density,slpush,slpush,SL-Push (sim),slpush,obstacle_count,20.0,6,density_scaling,8,800.0,20000,20,8.0,8.0,64.0,9.08271264503664,0.1419173850786975,20.0,30.0,,2,,,1.0,1.0,1.0,1.0,,,,TERMINATED,task_done,1,3413,38.2402446269989,4.398686408996582,81.37500000000138,8,16,16,0.0,0,0.0,1,0,0,0,8,,,0
paper_density_scaling_revision,density,slpush,slpush,SL-Push (sim),slpush,obstacle_count,20.0,7,density_scaling,8,800.0,20000,20,8.0,8.0,64.0,8.591101497943953,0.13423596090537426,20.0,30.0,,2,,,1.0,1.0,1.0,1.0,,,,TERMINATED,task_done,1,5536,83.50566673278809,11.411389350891113,133.17500000001314,32,64,64,0.0,0,0.0,1,0,2,2,32,,,0
paper_density_scaling_revision,density,slpush,slpush,SL-Push (sim),slpush,obstacle_count,20.0,8,density_scaling,8,800.0,20000,20,8.0,8.0,64.0,9.820845051227488,0.1534507039254295,20.0,30.0,,2,,,1.0,1.0,1.0,1.0,,,,TERMINATED,task_done,1,3861,45.53071165084839,5.393638372421265,91.70000000000373,12,24,24,0.0,0,0.0,1,0,2,2,12,,,0
paper_density_scaling_revision,density,slpush,slpush,SL-Push (sim),slpush,obstacle_count,20.0,9,density_scaling,8,800.0,20000,20,8.0,8.0,64.0,9.931648724432593,0.15518201131925927,20.0,30.0,,2,,,1.0,1.0,1.0,1.0,,,,TIMEOUT,control-step timeout > 20000 steps,0,20000,800.0,800.0,800.0,20000,20000,20000,0.0,0,0.0,20000,0,0,0,20000,child_budget_timeout,,1
paper_density_scaling_revision,density,slpush,slpush,SL-Push (sim),slpush,obstacle_count,25.0,0,density_scaling,8,800.0,20000,25,8.0,8.0,64.0,10.74802964059558,0.16793796313430595,20.0,30.0,,2,,,1.0,1.0,1.0,1.0,,,,TIMEOUT,control-step timeout > 20000 steps,0,20000,800.0,800.0,800.0,20000,20000,20000,0.0,0,0.0,20000,0,0,0,20000,child_budget_timeout,,1
paper_density_scaling_revision,density,slpush,slpush,SL-Push (sim),slpush,obstacle_count,25.0,1,density_scaling,8,800.0,20000,25,8.0,8.0,64.0,13.007692314931194,0.20324519242079991,20.0,30.0,,2,,,1.0,1.0,1.0,1.0,,,,TERMINATED,task_done,1,11896,144.2952389717102,16.04596519470215,293.80000000000666,37,74,74,0.0,0,0.0,1,0,5,5,37,,,0
paper_density_scaling_revision,density,slpush,slpush,SL-Push (sim),slpush,obstacle_count,25.0,2,density_scaling,8,800.0,20000,25,8.0,8.0,64.0,10.533516318241745,0.16458619247252726,20.0,30.0,,2,,,1.0,1.0,1.0,1.0,,,,TERMINATED,task_done,1,12017,186.35687589645386,26.551899433135986,296.6000000000041,53,106,106,0.0,0,0.0,1,0,5,5,53,,,0
paper_density_scaling_revision,density,slpush,slpush,SL-Push (sim),slpush,obstacle_count,25.0,3,density_scaling,8,800.0,20000,25,8.0,8.0,64.0,10.37860725942713,0.1621657384285489,20.0,30.0,,2,,,1.0,1.0,1.0,1.0,,,,TERMINATED,task_done,1,12221,147.93669152259827,19.23061203956604,298.5000000000024,64,128,128,0.0,0,0.0,1,0,4,4,64,,,0
paper_density_scaling_revision,density,slpush,slpush,SL-Push (sim),slpush,obstacle_count,25.0,4,density_scaling,8,800.0,20000,25,8.0,8.0,64.0,12.267265757206602,0.19167602745635315,20.0,30.0,,2,,,1.0,1.0,1.0,1.0,,,,TERMINATED,task_done,1,13242,121.11817526817322,10.53729248046875,323.1999999999799,39,78,78,0.0,0,0.0,1,0,12,12,39,,,0
paper_density_scaling_revision,density,slpush,slpush,SL-Push (sim),slpush,obstacle_count,25.0,5,density_scaling,8,800.0,20000,25,8.0,8.0,64.0,11.708307222212065,0.18294230034706352,20.0,30.0,,2,,,1.0,1.0,1.0,1.0,,,,TERMINATED,plan_fail,0,1,84.89538812637329,84.86504173278809,0.0,200,400,400,0.0,0,0.0,1,0,0,0,0,,,0
paper_density_scaling_revision,density,slpush,slpush,SL-Push (sim),slpush,obstacle_count,25.0,6,density_scaling,8,800.0,20000,25,8.0,8.0,64.0,10.848835063420157,0.16951304786593996,20.0,30.0,,2,,,1.0,1.0,1.0,1.0,,,,TERMINATED,task_done,1,4537,66.83372187614441,8.500787019729614,110.475000000008,13,26,26,0.0,0,0.0,1,0,5,5,13,,,0
paper_density_scaling_revision,density,slpush,slpush,SL-Push (sim),slpush,obstacle_count,25.0,7,density_scaling,8,800.0,20000,25,8.0,8.0,64.0,10.816499661341403,0.16900780720845943,20.0,30.0,,2,,,1.0,1.0,1.0,1.0,,,,TERMINATED,task_done,1,5925,86.78486824035645,11.193461179733276,143.17500000001542,28,56,56,0.0,0,0.0,1,0,4,4,28,,,0
paper_density_scaling_revision,density,slpush,slpush,SL-Push (sim),slpush,obstacle_count,25.0,8,density_scaling,8,800.0,20000,25,8.0,8.0,64.0,12.015108971831534,0.18773607768486772,20.0,30.0,,2,,,1.0,1.0,1.0,1.0,,,,TERMINATED,task_done,1,4243,57.39508533477783,6.704900026321411,102.47500000000618,11,22,22,0.0,0,0.0,1,0,2,2,11,,,0
paper_density_scaling_revision,density,slpush,slpush,SL-Push (sim),slpush,obstacle_count,25.0,9,density_scaling,8,800.0,20000,25,8.0,8.0,64.0,nan,nan,20.0,30.0,,2,,,1.0,1.0,1.0,1.0,,,,TIMEOUT_PRUNED,pruned_after_seed_timeout_at_obstacle_count=20,0,20000,800.0,800.0,800.0,20000,20000,20000,0.0,0,0.0,20000,0,0,0,20000,timeout_pruned_seed,20.0,1
paper_density_scaling_revision,density,slpush,slpush,SL-Push (sim),slpush,obstacle_count,30.0,0,density_scaling,8,800.0,20000,30,8.0,8.0,64.0,nan,nan,20.0,30.0,,2,,,1.0,1.0,1.0,1.0,,,,TIMEOUT_PRUNED,pruned_after_seed_timeout_at_obstacle_count=25,0,20000,800.0,800.0,800.0,20000,20000,20000,0.0,0,0.0,20000,0,0,0,20000,timeout_pruned_seed,25.0,1
paper_density_scaling_revision,density,slpush,slpush,SL-Push (sim),slpush,obstacle_count,30.0,1,density_scaling,8,800.0,20000,30,8.0,8.0,64.0,14.65592233140044,0.22899878642813187,20.0,30.0,,2,,,1.0,1.0,1.0,1.0,,,,TERMINATED,task_done,1,17241,329.0606939792633,51.928945541381836,427.3749999998852,102,204,204,0.0,0,0.0,2,1,4,5,102,,,0
paper_density_scaling_revision,density,slpush,slpush,SL-Push (sim),slpush,obstacle_count,30.0,2,density_scaling,8,800.0,20000,30,8.0,8.0,64.0,12.3741520589791,0.19334612592154843,20.0,30.0,,2,,,1.0,1.0,1.0,1.0,,,,TERMINATED,task_done,1,8214,148.05635476112366,19.592214107513428,202.70000000002895,31,62,62,0.0,0,0.0,1,0,6,6,31,,,0
paper_density_scaling_revision,density,slpush,slpush,SL-Push (sim),slpush,obstacle_count,30.0,3,density_scaling,8,800.0,20000,30,8.0,8.0,64.0,12.422622079724919,0.19410346999570185,20.0,30.0,,2,,,1.0,1.0,1.0,1.0,,,,TERMINATED,task_done,1,19377,323.0046820640564,47.02950954437256,480.72499999983665,91,182,182,0.0,0,0.0,2,1,2,3,91,,,0
paper_density_scaling_revision,density,slpush,slpush,SL-Push (sim),slpush,obstacle_count,30.0,4,density_scaling,8,800.0,20000,30,8.0,8.0,64.0,14.1561315144132,0.22118955491270625,20.0,30.0,,2,,,1.0,1.0,1.0,1.0,,,,TERMINATED,task_done,1,16206,302.77644634246826,51.85259032249451,400.5249999999096,121,242,242,0.0,0,0.0,1,0,5,5,121,,,0
paper_density_scaling_revision,density,slpush,slpush,SL-Push (sim),slpush,obstacle_count,30.0,5,density_scaling,8,800.0,20000,30,8.0,8.0,64.0,13.468307222212067,0.21044230034706354,20.0,30.0,,2,,,1.0,1.0,1.0,1.0,,,,TERMINATED,plan_fail,0,1,127.56857347488403,127.512859582901,0.0,200,400,400,0.0,0,0.0,1,0,0,0,0,,,0
paper_density_scaling_revision,density,slpush,slpush,SL-Push (sim),slpush,obstacle_count,30.0,6,density_scaling,8,800.0,20000,30,8.0,8.0,64.0,12.892849883717947,0.20145077943309292,20.0,30.0,,2,,,1.0,1.0,1.0,1.0,,,,TERMINATED,task_done,1,5312,113.10873579978943,17.461660385131836,130.65000000001257,21,42,42,0.0,0,0.0,1,0,5,5,21,,,0
paper_density_scaling_revision,density,slpush,slpush,SL-Push (sim),slpush,obstacle_count,30.0,7,density_scaling,8,800.0,20000,30,8.0,8.0,64.0,12.341986338987567,0.19284353654668074,20.0,30.0,,2,,,1.0,1.0,1.0,1.0,,,,TERMINATED,task_done,1,9540,119.2705008983612,11.531695127487183,234.25000000003612,25,50,50,0.0,0,0.0,1,0,7,7,25,,,0
paper_density_scaling_revision,density,slpush,slpush,SL-Push (sim),slpush,obstacle_count,30.0,8,density_scaling,8,800.0,20000,30,8.0,8.0,64.0,13.700595649477698,0.21407180702308903,20.0,30.0,,2,,,1.0,1.0,1.0,1.0,,,,TERMINATED,task_done,1,5430,95.7559666633606,15.948486566543579,132.600000000013,25,50,50,0.0,0,0.0,1,0,1,1,25,,,0
paper_density_scaling_revision,density,slpush,slpush,SL-Push (sim),slpush,obstacle_count,30.0,9,density_scaling,8,800.0,20000,30,8.0,8.0,64.0,nan,nan,20.0,30.0,,2,,,1.0,1.0,1.0,1.0,,,,TIMEOUT_PRUNED,pruned_after_seed_timeout_at_obstacle_count=20,0,20000,800.0,800.0,800.0,20000,20000,20000,0.0,0,0.0,20000,0,0,0,20000,timeout_pruned_seed,20.0,1
paper_density_scaling_revision,density,slpush,slpush,SL-Push (sim),slpush,obstacle_count,35.0,0,density_scaling,8,800.0,20000,35,8.0,8.0,64.0,nan,nan,20.0,30.0,,2,,,1.0,1.0,1.0,1.0,,,,TIMEOUT_PRUNED,pruned_after_seed_timeout_at_obstacle_count=25,0,20000,800.0,800.0,800.0,20000,20000,20000,0.0,0,0.0,20000,0,0,0,20000,timeout_pruned_seed,25.0,1
paper_density_scaling_revision,density,slpush,slpush,SL-Push (sim),slpush,obstacle_count,35.0,1,density_scaling,8,800.0,20000,35,8.0,8.0,64.0,16.737193812875148,0.2615186533261742,20.0,30.0,,2,,,1.0,1.0,1.0,1.0,,,,TIMEOUT,control-step timeout > 20000 steps,0,20000,800.0,800.0,800.0,20000,20000,20000,0.0,0,0.0,20000,0,0,0,20000,child_budget_timeout,,1
paper_density_scaling_revision,density,slpush,slpush,SL-Push (sim),slpush,obstacle_count,35.0,2,density_scaling,8,800.0,20000,35,8.0,8.0,64.0,14.540274477362617,0.2271917887087909,20.0,30.0,,2,,,1.0,1.0,1.0,1.0,,,,TERMINATED,plan_fail,0,1,199.03950667381287,198.86875915527344,0.0,200,400,400,0.0,0,0.0,1,0,0,0,0,,,0
paper_density_scaling_revision,density,slpush,slpush,SL-Push (sim),slpush,obstacle_count,35.0,3,density_scaling,8,800.0,20000,35,8.0,8.0,64.0,13.910852096194164,0.2173570640030338,20.0,30.0,,2,,,1.0,1.0,1.0,1.0,,,,TERMINATED,plan_fail,0,1,122.51327800750732,122.48520183563232,0.0,200,400,400,0.0,0,0.0,1,0,0,0,0,,,0
paper_density_scaling_revision,density,slpush,slpush,SL-Push (sim),slpush,obstacle_count,35.0,4,density_scaling,8,800.0,20000,35,8.0,8.0,64.0,17.02427301663373,0.26600426588490206,20.0,30.0,,2,,,1.0,1.0,1.0,1.0,,,,TERMINATED,plan_fail,0,1,97.31370854377747,97.28247237205505,0.0,200,400,400,0.0,0,0.0,1,0,0,0,0,,,0
paper_density_scaling_revision,density,slpush,slpush,SL-Push (sim),slpush,obstacle_count,35.0,5,density_scaling,8,800.0,20000,35,8.0,8.0,64.0,15.197172979418665,0.23745582780341665,20.0,30.0,,2,,,1.0,1.0,1.0,1.0,,,,TIMEOUT,planning_timeout,0,20000,800.0,800.0,800.0,20000,20000,20000,0.0,0,0.0,20000,0,0,0,20000,policy_internal_timeout,,1
paper_density_scaling_revision,density,slpush,slpush,SL-Push (sim),slpush,obstacle_count,35.0,6,density_scaling,8,800.0,20000,35,8.0,8.0,64.0,14.41833656136411,0.22528650877131423,20.0,30.0,,2,,,1.0,1.0,1.0,1.0,,,,TERMINATED,task_done,1,14937,491.55504512786865,103.90520596504211,371.499999999936,125,250,250,0.0,0,0.0,1,0,11,11,125,,,0
paper_density_scaling_revision,density,slpush,slpush,SL-Push (sim),slpush,obstacle_count,35.0,7,density_scaling,8,800.0,20000,35,8.0,8.0,64.0,13.830216355456812,0.2160971305540127,20.0,30.0,,2,,,1.0,1.0,1.0,1.0,,,,TIMEOUT,control-step timeout > 20000 steps,0,20000,800.0,800.0,800.0,20000,20000,20000,0.0,0,0.0,20000,0,0,0,20000,child_budget_timeout,,1
paper_density_scaling_revision,density,slpush,slpush,SL-Push (sim),slpush,obstacle_count,35.0,8,density_scaling,8,800.0,20000,35,8.0,8.0,64.0,15.783974729038134,0.24662460514122084,20.0,30.0,,2,,,1.0,1.0,1.0,1.0,,,,TERMINATED,task_done,1,6693,162.1465401649475,21.25979733467102,165.0500000000204,24,48,48,0.0,0,0.0,1,0,10,10,24,,,0
paper_density_scaling_revision,density,slpush,slpush,SL-Push (sim),slpush,obstacle_count,35.0,9,density_scaling,8,800.0,20000,35,8.0,8.0,64.0,nan,nan,20.0,30.0,,2,,,1.0,1.0,1.0,1.0,,,,TIMEOUT_PRUNED,pruned_after_seed_timeout_at_obstacle_count=20,0,20000,800.0,800.0,800.0,20000,20000,20000,0.0,0,0.0,20000,0,0,0,20000,timeout_pruned_seed,20.0,1
paper_density_scaling_revision,density,slpush,slpush,SL-Push (sim),slpush,obstacle_count,40.0,0,density_scaling,8,800.0,20000,40,8.0,8.0,64.0,nan,nan,20.0,30.0,,2,,,1.0,1.0,1.0,1.0,,,,TIMEOUT_PRUNED,pruned_after_seed_timeout_at_obstacle_count=25,0,20000,800.0,800.0,800.0,20000,20000,20000,0.0,0,0.0,20000,0,0,0,20000,timeout_pruned_seed,25.0,1
paper_density_scaling_revision,density,slpush,slpush,SL-Push (sim),slpush,obstacle_count,40.0,1,density_scaling,8,800.0,20000,40,8.0,8.0,64.0,nan,nan,20.0,30.0,,2,,,1.0,1.0,1.0,1.0,,,,TIMEOUT_PRUNED,pruned_after_seed_timeout_at_obstacle_count=35,0,20000,800.0,800.0,800.0,20000,20000,20000,0.0,0,0.0,20000,0,0,0,20000,timeout_pruned_seed,35.0,1
paper_density_scaling_revision,density,slpush,slpush,SL-Push (sim),slpush,obstacle_count,40.0,2,density_scaling,8,800.0,20000,40,8.0,8.0,64.0,16.269140234569214,0.25420531616514397,20.0,30.0,,2,,,1.0,1.0,1.0,1.0,,,,TERMINATED,plan_fail,0,1,287.48919701576233,287.27406191825867,0.0,200,400,400,0.0,0,0.0,1,0,0,0,0,,,0
paper_density_scaling_revision,density,slpush,slpush,SL-Push (sim),slpush,obstacle_count,40.0,3,density_scaling,8,800.0,20000,40,8.0,8.0,64.0,15.36182545148649,0.2400285226794764,20.0,30.0,,2,,,1.0,1.0,1.0,1.0,,,,TERMINATED,plan_fail,0,1,155.91589379310608,155.89354991912842,0.0,200,400,400,0.0,0,0.0,1,0,0,0,0,,,0
paper_density_scaling_revision,density,slpush,slpush,SL-Push (sim),slpush,obstacle_count,40.0,4,density_scaling,8,800.0,20000,40,8.0,8.0,64.0,18.792503033102978,0.29363285989223403,20.0,30.0,,2,,,1.0,1.0,1.0,1.0,,,,TERMINATED,plan_fail,0,1,104.81721520423889,104.78716278076172,0.0,200,400,400,0.0,0,0.0,1,0,0,0,0,,,0
paper_density_scaling_revision,density,slpush,slpush,SL-Push (sim),slpush,obstacle_count,40.0,5,density_scaling,8,800.0,20000,40,8.0,8.0,64.0,nan,nan,20.0,30.0,,2,,,1.0,1.0,1.0,1.0,,,,TIMEOUT_PRUNED,pruned_after_seed_timeout_at_obstacle_count=35,0,20000,800.0,800.0,800.0,20000,20000,20000,0.0,0,0.0,20000,0,0,0,20000,timeout_pruned_seed,35.0,1
paper_density_scaling_revision,density,slpush,slpush,SL-Push (sim),slpush,obstacle_count,40.0,6,density_scaling,8,800.0,20000,40,8.0,8.0,64.0,15.832053255479519,0.24737583211686748,20.0,30.0,,2,,,1.0,1.0,1.0,1.0,,,,TIMEOUT,control-step timeout > 20000 steps,0,20000,800.0,800.0,800.0,20000,20000,20000,0.0,0,0.0,20000,0,0,0,20000,child_budget_timeout,,1
paper_density_scaling_revision,density,slpush,slpush,SL-Push (sim),slpush,obstacle_count,40.0,7,density_scaling,8,800.0,20000,40,8.0,8.0,64.0,nan,nan,20.0,30.0,,2,,,1.0,1.0,1.0,1.0,,,,TIMEOUT_PRUNED,pruned_after_seed_timeout_at_obstacle_count=35,0,20000,800.0,800.0,800.0,20000,20000,20000,0.0,0,0.0,20000,0,0,0,20000,timeout_pruned_seed,35.0,1
paper_density_scaling_revision,density,slpush,slpush,SL-Push (sim),slpush,obstacle_count,40.0,8,density_scaling,8,800.0,20000,40,8.0,8.0,64.0,17.309461406684296,0.2704603344794421,20.0,30.0,,2,,,1.0,1.0,1.0,1.0,,,,TERMINATED,task_done,1,16600,511.1046314239502,69.96974992752075,413.22499999989805,88,176,176,0.0,0,0.0,1,0,13,13,88,,,0
paper_density_scaling_revision,density,slpush,slpush,SL-Push (sim),slpush,obstacle_count,40.0,9,density_scaling,8,800.0,20000,40,8.0,8.0,64.0,nan,nan,20.0,30.0,,2,,,1.0,1.0,1.0,1.0,,,,TIMEOUT_PRUNED,pruned_after_seed_timeout_at_obstacle_count=20,0,20000,800.0,800.0,800.0,20000,20000,20000,0.0,0,0.0,20000,0,0,0,20000,timeout_pruned_seed,20.0,1
paper_density_scaling_revision,density,slpush,slpush,SL-Push (sim),slpush,obstacle_count,45.0,0,density_scaling,8,800.0,20000,45,8.0,8.0,64.0,nan,nan,20.0,30.0,,2,,,1.0,1.0,1.0,1.0,,,,TIMEOUT_PRUNED,pruned_after_seed_timeout_at_obstacle_count=25,0,20000,800.0,800.0,800.0,20000,20000,20000,0.0,0,0.0,20000,0,0,0,20000,timeout_pruned_seed,25.0,1
paper_density_scaling_revision,density,slpush,slpush,SL-Push (sim),slpush,obstacle_count,45.0,1,density_scaling,8,800.0,20000,45,8.0,8.0,64.0,nan,nan,20.0,30.0,,2,,,1.0,1.0,1.0,1.0,,,,TIMEOUT_PRUNED,pruned_after_seed_timeout_at_obstacle_count=35,0,20000,800.0,800.0,800.0,20000,20000,20000,0.0,0,0.0,20000,0,0,0,20000,timeout_pruned_seed,35.0,1
paper_density_scaling_revision,density,slpush,slpush,SL-Push (sim),slpush,obstacle_count,45.0,2,density_scaling,8,800.0,20000,45,8.0,8.0,64.0,17.682856928684622,0.2762946395106972,20.0,30.0,,2,,,1.0,1.0,1.0,1.0,,,,TERMINATED,plan_fail,0,1,280.24427604675293,279.96539640426636,0.0,200,400,400,0.0,0,0.0,1,0,0,0,0,,,0
paper_density_scaling_revision,density,slpush,slpush,SL-Push (sim),slpush,obstacle_count,45.0,3,density_scaling,8,800.0,20000,45,8.0,8.0,64.0,17.090691208693087,0.2670420501358295,20.0,30.0,,2,,,1.0,1.0,1.0,1.0,,,,TIMEOUT,control-step timeout > 20000 steps,0,20000,800.0,800.0,800.0,20000,20000,20000,0.0,0,0.0,20000,0,0,0,20000,child_budget_timeout,,1
paper_density_scaling_revision,density,slpush,slpush,SL-Push (sim),slpush,obstacle_count,45.0,4,density_scaling,8,800.0,20000,45,8.0,8.0,64.0,19.955882112663414,0.31181065801036584,20.0,30.0,,2,,,1.0,1.0,1.0,1.0,,,,TERMINATED,plan_fail,0,1,144.00639462471008,143.9320719242096,0.0,200,400,400,0.0,0,0.0,1,0,0,0,0,,,0
paper_density_scaling_revision,density,slpush,slpush,SL-Push (sim),slpush,obstacle_count,45.0,5,density_scaling,8,800.0,20000,45,8.0,8.0,64.0,nan,nan,20.0,30.0,,2,,,1.0,1.0,1.0,1.0,,,,TIMEOUT_PRUNED,pruned_after_seed_timeout_at_obstacle_count=35,0,20000,800.0,800.0,800.0,20000,20000,20000,0.0,0,0.0,20000,0,0,0,20000,timeout_pruned_seed,35.0,1
paper_density_scaling_revision,density,slpush,slpush,SL-Push (sim),slpush,obstacle_count,45.0,6,density_scaling,8,800.0,20000,45,8.0,8.0,64.0,nan,nan,20.0,30.0,,2,,,1.0,1.0,1.0,1.0,,,,TIMEOUT_PRUNED,pruned_after_seed_timeout_at_obstacle_count=40,0,20000,800.0,800.0,800.0,20000,20000,20000,0.0,0,0.0,20000,0,0,0,20000,timeout_pruned_seed,40.0,1
paper_density_scaling_revision,density,slpush,slpush,SL-Push (sim),slpush,obstacle_count,45.0,7,density_scaling,8,800.0,20000,45,8.0,8.0,64.0,nan,nan,20.0,30.0,,2,,,1.0,1.0,1.0,1.0,,,,TIMEOUT_PRUNED,pruned_after_seed_timeout_at_obstacle_count=35,0,20000,800.0,800.0,800.0,20000,20000,20000,0.0,0,0.0,20000,0,0,0,20000,timeout_pruned_seed,35.0,1
paper_density_scaling_revision,density,slpush,slpush,SL-Push (sim),slpush,obstacle_count,45.0,8,density_scaling,8,800.0,20000,45,8.0,8.0,64.0,18.15769142315354,0.28371392848677407,20.0,30.0,,2,,,1.0,1.0,1.0,1.0,,,,TERMINATED,plan_fail,0,1,176.0900523662567,175.9484395980835,0.0,200,400,400,0.0,0,0.0,1,0,0,0,0,,,0
paper_density_scaling_revision,density,slpush,slpush,SL-Push (sim),slpush,obstacle_count,45.0,9,density_scaling,8,800.0,20000,45,8.0,8.0,64.0,nan,nan,20.0,30.0,,2,,,1.0,1.0,1.0,1.0,,,,TIMEOUT_PRUNED,pruned_after_seed_timeout_at_obstacle_count=20,0,20000,800.0,800.0,800.0,20000,20000,20000,0.0,0,0.0,20000,0,0,0,20000,timeout_pruned_seed,20.0,1
paper_density_scaling_revision,density,dfs,dfs,DFS-WCCG,dfs,obstacle_count,15.0,0,density_scaling,8,800.0,20000,15,8.0,8.0,64.0,6.2833790795604365,0.09817779811813182,20.0,30.0,,2,,,1.0,1.0,1.0,1.0,,,,TERMINATED,task_done,1,2056,22.78581428527832,9.4677414894104,44.099999999998566,4,128,128,0.0,0,0.0,1,0,0,0,4,,,0
paper_density_scaling_revision,density,dfs,dfs,DFS-WCCG,dfs,obstacle_count,15.0,1,density_scaling,8,800.0,20000,15,8.0,8.0,64.0,8.235079331235957,0.12867311455056182,20.0,30.0,,2,,,1.0,1.0,1.0,1.0,,,,TERMINATED,task_done,1,6674,72.87701892852783,28.919159173965454,156.17500000001837,14,448,448,0.0,0,0.0,1,0,2,2,14,,,0
paper_density_scaling_revision,density,dfs,dfs,DFS-WCCG,dfs,obstacle_count,15.0,2,density_scaling,8,800.0,20000,15,8.0,8.0,64.0,6.804650561035144,0.10632266501617413,20.0,30.0,,2,,,1.0,1.0,1.0,1.0,,,,TERMINATED,task_done,1,2121,33.27427792549133,14.013267993927002,48.7499999999983,4,128,128,0.0,0,0.0,1,0,0,0,4,,,0
paper_density_scaling_revision,density,dfs,dfs,DFS-WCCG,dfs,obstacle_count,15.0,3,density_scaling,8,800.0,20000,15,8.0,8.0,64.0,6.544979079560435,0.1022652981181318,20.0,30.0,,2,,,1.0,1.0,1.0,1.0,,,,TERMINATED,task_done,1,2295,26.827620267868042,11.15951657295227,49.399999999998265,5,160,160,0.0,0,0.0,1,0,0,0,5,,,0
paper_density_scaling_revision,density,dfs,dfs,DFS-WCCG,dfs,obstacle_count,15.0,4,density_scaling,8,800.0,20000,15,8.0,8.0,64.0,7.904522418383517,0.12350816278724246,20.0,30.0,,2,,,1.0,1.0,1.0,1.0,,,,TERMINATED,task_done,1,3225,38.01429581642151,16.313477993011475,73.0999999999995,7,224,224,0.0,0,0.0,1,0,0,0,7,,,0
paper_density_scaling_revision,density,dfs,dfs,DFS-WCCG,dfs,obstacle_count,15.0,5,density_scaling,8,800.0,20000,15,8.0,8.0,64.0,7.587035740737355,0.11854743344902118,20.0,30.0,,2,,,1.0,1.0,1.0,1.0,,,,TERMINATED,task_done,1,2202,26.725918531417847,10.958967208862305,47.52499999999837,5,160,160,0.0,0,0.0,1,0,1,1,5,,,0
paper_density_scaling_revision,density,dfs,dfs,DFS-WCCG,dfs,obstacle_count,15.0,6,density_scaling,8,800.0,20000,15,8.0,8.0,64.0,6.533935402078757,0.10209274065748057,20.0,30.0,,2,,,1.0,1.0,1.0,1.0,,,,TERMINATED,task_done,1,1345,25.119642972946167,12.123136520385742,29.574999999999388,3,96,96,0.0,0,0.0,1,0,0,0,3,,,0
paper_density_scaling_revision,density,dfs,dfs,DFS-WCCG,dfs,obstacle_count,15.0,7,density_scaling,8,800.0,20000,15,8.0,8.0,64.0,6.626579079560436,0.10354029811813181,20.0,30.0,,2,,,1.0,1.0,1.0,1.0,,,,TERMINATED,task_done,1,3114,36.48931694030762,14.696706056594849,70.4999999999989,6,192,192,0.0,0,0.0,1,0,0,0,6,,,0
paper_density_scaling_revision,density,dfs,dfs,DFS-WCCG,dfs,obstacle_count,15.0,8,density_scaling,8,800.0,20000,15,8.0,8.0,64.0,7.37270354900696,0.11519849295323376,20.0,30.0,,2,,,1.0,1.0,1.0,1.0,,,,TERMINATED,task_done,1,2031,37.04925990104675,17.408459186553955,46.72499999999842,4,128,128,0.0,0,0.0,1,0,0,0,4,,,0
paper_density_scaling_revision,density,dfs,dfs,DFS-WCCG,dfs,obstacle_count,15.0,9,density_scaling,8,800.0,20000,15,8.0,8.0,64.0,7.186250561035145,0.11228516501617414,20.0,30.0,,2,,,1.0,1.0,1.0,1.0,,,,TERMINATED,task_done,1,2573,76.45249605178833,37.86771845817566,61.349999999997586,6,192,192,0.0,0,0.0,2,1,1,2,6,,,0
paper_density_scaling_revision,density,dfs,dfs,DFS-WCCG,dfs,obstacle_count,20.0,0,density_scaling,8,800.0,20000,20,8.0,8.0,64.0,8.704014820297791,0.136000231567153,20.0,30.0,,2,,,1.0,1.0,1.0,1.0,,,,TERMINATED,task_done,1,10851,282.2848815917969,171.1462013721466,266.3500000000316,587,1376,1376,0.0,0,0.0,2,1,8,9,25,,,0
paper_density_scaling_revision,density,dfs,dfs,DFS-WCCG,dfs,obstacle_count,20.0,1,density_scaling,8,800.0,20000,20,8.0,8.0,64.0,10.683677494633406,0.16693246085364696,20.0,30.0,,2,,,1.0,1.0,1.0,1.0,,,,TERMINATED,task_done,1,2539,27.49340319633484,12.947292566299438,54.44999999999798,5,160,160,0.0,0,0.0,1,0,0,0,5,,,0
paper_density_scaling_revision,density,dfs,dfs,DFS-WCCG,dfs,obstacle_count,20.0,2,density_scaling,8,800.0,20000,20,8.0,8.0,64.0,8.60802964059558,0.13450046313430594,20.0,30.0,,2,,,1.0,1.0,1.0,1.0,,,,TERMINATED,task_done,1,3627,80.33655428886414,33.794638872146606,88.55000000000301,7,224,224,0.0,0,0.0,1,0,0,0,7,,,0
paper_density_scaling_revision,density,dfs,dfs,DFS-WCCG,dfs,obstacle_count,20.0,3,density_scaling,8,800.0,20000,20,8.0,8.0,64.0,8.890377242957884,0.13891214442121694,20.0,30.0,,2,,,1.0,1.0,1.0,1.0,,,,TERMINATED,task_done,1,7944,131.90922927856445,58.66497445106506,192.00000000002652,33,640,640,0.0,0,0.0,1,0,8,8,20,,,0
paper_density_scaling_revision,density,dfs,dfs,DFS-WCCG,dfs,obstacle_count,20.0,4,density_scaling,8,800.0,20000,20,8.0,8.0,64.0,9.8672657572066,0.15417602745635312,20.0,30.0,,2,,,1.0,1.0,1.0,1.0,,,,TERMINATED,task_done,1,3286,41.3296172618866,18.15390944480896,75.27499999999999,7,224,224,0.0,0,0.0,1,0,1,1,7,,,0
paper_density_scaling_revision,density,dfs,dfs,DFS-WCCG,dfs,obstacle_count,20.0,5,density_scaling,8,800.0,20000,20,8.0,8.0,64.0,9.487035740737356,0.1482349334490212,20.0,30.0,,2,,,1.0,1.0,1.0,1.0,,,,TERMINATED,task_done,1,4126,52.8463876247406,23.009971857070923,96.70000000000486,9,288,288,0.0,0,0.0,1,0,0,0,9,,,0
paper_density_scaling_revision,density,dfs,dfs,DFS-WCCG,dfs,obstacle_count,20.0,6,density_scaling,8,800.0,20000,20,8.0,8.0,64.0,9.08271264503664,0.1419173850786975,20.0,30.0,,2,,,1.0,1.0,1.0,1.0,,,,TERMINATED,task_done,1,1953,41.58907508850098,20.36206817626953,45.49999999999849,4,128,128,0.0,0,0.0,1,0,0,0,4,,,0
paper_density_scaling_revision,density,dfs,dfs,DFS-WCCG,dfs,obstacle_count,20.0,7,density_scaling,8,800.0,20000,20,8.0,8.0,64.0,8.591101497943953,0.13423596090537426,20.0,30.0,,2,,,1.0,1.0,1.0,1.0,,,,TERMINATED,task_done,1,3800,58.30160403251648,25.40049982070923,90.42500000000344,7,224,224,0.0,0,0.0,1,0,0,0,7,,,0
paper_density_scaling_revision,density,dfs,dfs,DFS-WCCG,dfs,obstacle_count,20.0,8,density_scaling,8,800.0,20000,20,8.0,8.0,64.0,9.820845051227488,0.1534507039254295,20.0,30.0,,2,,,1.0,1.0,1.0,1.0,,,,TERMINATED,task_done,1,3350,61.93314504623413,27.631118059158325,80.40000000000116,6,192,192,0.0,0,0.0,1,0,0,0,6,,,0
paper_density_scaling_revision,density,dfs,dfs,DFS-WCCG,dfs,obstacle_count,20.0,9,density_scaling,8,800.0,20000,20,8.0,8.0,64.0,9.931648724432593,0.15518201131925927,20.0,30.0,,2,,,1.0,1.0,1.0,1.0,,,,TERMINATED,task_done,1,4660,132.29150915145874,68.20261716842651,113.17500000000861,10,320,320,0.0,0,0.0,1,0,2,2,10,,,0
paper_density_scaling_revision,density,dfs,dfs,DFS-WCCG,dfs,obstacle_count,25.0,0,density_scaling,8,800.0,20000,25,8.0,8.0,64.0,nan,nan,20.0,30.0,,2,,,1.0,1.0,1.0,1.0,,,,TIMEOUT,parent_timeout_800.0s,0,20000,800.0,800.0,800.0,20000,20000,20000,0.0,0,0.0,20000,0,0,0,20000,parent_process_timeout,,1
paper_density_scaling_revision,density,dfs,dfs,DFS-WCCG,dfs,obstacle_count,25.0,1,density_scaling,8,800.0,20000,25,8.0,8.0,64.0,13.007692314931194,0.20324519242079991,20.0,30.0,,2,,,1.0,1.0,1.0,1.0,,,,TERMINATED,task_done,1,4411,75.13823699951172,32.16921091079712,106.32500000000705,7,224,224,0.0,0,0.0,1,0,1,1,7,,,0
paper_density_scaling_revision,density,dfs,dfs,DFS-WCCG,dfs,obstacle_count,25.0,2,density_scaling,8,800.0,20000,25,8.0,8.0,64.0,10.533516318241745,0.16458619247252726,20.0,30.0,,2,,,1.0,1.0,1.0,1.0,,,,TERMINATED,task_done,1,3760,80.52740097045898,36.07473969459534,90.82500000000353,7,224,224,0.0,0,0.0,1,0,1,1,7,,,0
paper_density_scaling_revision,density,dfs,dfs,DFS-WCCG,dfs,obstacle_count,25.0,3,density_scaling,8,800.0,20000,25,8.0,8.0,64.0,10.37860725942713,0.1621657384285489,20.0,30.0,,2,,,1.0,1.0,1.0,1.0,,,,TERMINATED,task_done,1,4468,75.24750542640686,35.189767837524414,105.62500000000689,11,352,352,0.0,0,0.0,1,0,3,3,11,,,0
paper_density_scaling_revision,density,dfs,dfs,DFS-WCCG,dfs,obstacle_count,25.0,4,density_scaling,8,800.0,20000,25,8.0,8.0,64.0,12.267265757206602,0.19167602745635315,20.0,30.0,,2,,,1.0,1.0,1.0,1.0,,,,TERMINATED,task_done,1,4493,58.584667921066284,25.677973747253418,105.85000000000694,9,288,288,0.0,0,0.0,1,0,1,1,9,,,0
paper_density_scaling_revision,density,dfs,dfs,DFS-WCCG,dfs,obstacle_count,25.0,5,density_scaling,8,800.0,20000,25,8.0,8.0,64.0,11.708307222212065,0.18294230034706352,20.0,30.0,,2,,,1.0,1.0,1.0,1.0,,,,TERMINATED,task_done,1,3152,85.39530491828918,45.27082276344299,75.14999999999996,8,256,256,0.0,0,0.0,1,0,0,0,8,,,0
paper_density_scaling_revision,density,dfs,dfs,DFS-WCCG,dfs,obstacle_count,25.0,6,density_scaling,8,800.0,20000,25,8.0,8.0,64.0,10.848835063420157,0.16951304786593996,20.0,30.0,,2,,,1.0,1.0,1.0,1.0,,,,TERMINATED,task_done,1,3980,117.2622902393341,61.43836045265198,96.77500000000488,10,320,320,0.0,0,0.0,1,0,2,2,10,,,0
paper_density_scaling_revision,density,dfs,dfs,DFS-WCCG,dfs,obstacle_count,25.0,7,density_scaling,8,800.0,20000,25,8.0,8.0,64.0,10.816499661341403,0.16900780720845943,20.0,30.0,,2,,,1.0,1.0,1.0,1.0,,,,TERMINATED,task_done,1,3418,61.22444248199463,29.15474033355713,81.52500000000141,7,224,224,0.0,0,0.0,1,0,0,0,7,,,0
paper_density_scaling_revision,density,dfs,dfs,DFS-WCCG,dfs,obstacle_count,25.0,8,density_scaling,8,800.0,20000,25,8.0,8.0,64.0,12.015108971831534,0.18773607768486772,20.0,30.0,,2,,,1.0,1.0,1.0,1.0,,,,TERMINATED,task_done,1,3815,115.21601343154907,61.8425657749176,92.57500000000393,10,320,320,0.0,0,0.0,1,0,0,0,10,,,0
paper_density_scaling_revision,density,dfs,dfs,DFS-WCCG,dfs,obstacle_count,25.0,9,density_scaling,8,800.0,20000,25,8.0,8.0,64.0,11.885276904299285,0.18570745162967633,20.0,30.0,,2,,,1.0,1.0,1.0,1.0,,,,TERMINATED,task_done,1,8349,376.3375594615936,227.75660276412964,207.12500000002996,337,928,928,0.0,0,0.0,1,0,3,3,20,,,0
paper_density_scaling_revision,density,dfs,dfs,DFS-WCCG,dfs,obstacle_count,30.0,0,density_scaling,8,800.0,20000,30,8.0,8.0,64.0,nan,nan,20.0,30.0,,2,,,1.0,1.0,1.0,1.0,,,,TIMEOUT_PRUNED,pruned_after_seed_timeout_at_obstacle_count=25,0,20000,800.0,800.0,800.0,20000,20000,20000,0.0,0,0.0,20000,0,0,0,20000,timeout_pruned_seed,25.0,1
paper_density_scaling_revision,density,dfs,dfs,DFS-WCCG,dfs,obstacle_count,30.0,1,density_scaling,8,800.0,20000,30,8.0,8.0,64.0,14.65592233140044,0.22899878642813187,20.0,30.0,,2,,,1.0,1.0,1.0,1.0,,,,TERMINATED,task_done,1,9247,240.18624424934387,112.66381072998047,228.62500000003485,47,736,736,0.0,0,0.0,2,1,0,1,22,,,0
paper_density_scaling_revision,density,dfs,dfs,DFS-WCCG,dfs,obstacle_count,30.0,2,density_scaling,8,800.0,20000,30,8.0,8.0,64.0,12.3741520589791,0.19334612592154843,20.0,30.0,,2,,,1.0,1.0,1.0,1.0,,,,TERMINATED,task_done,1,8195,270.27551341056824,133.89356422424316,202.40000000002888,37,640,640,0.0,0,0.0,1,0,8,8,20,,,0
paper_density_scaling_revision,density,dfs,dfs,DFS-WCCG,dfs,obstacle_count,30.0,3,density_scaling,8,800.0,20000,30,8.0,8.0,64.0,12.422622079724919,0.19410346999570185,20.0,30.0,,2,,,1.0,1.0,1.0,1.0,,,,TERMINATED,task_done,1,8524,201.23409795761108,99.78517556190491,209.67500000003054,36,640,640,0.0,0,0.0,1,0,4,4,20,,,0
paper_density_scaling_revision,density,dfs,dfs,DFS-WCCG,dfs,obstacle_count,30.0,4,density_scaling,8,800.0,20000,30,8.0,8.0,64.0,14.1561315144132,0.22118955491270625,20.0,30.0,,2,,,1.0,1.0,1.0,1.0,,,,TERMINATED,task_done,1,4768,87.48927664756775,43.53975296020508,114.95000000000901,11,352,352,0.0,0,0.0,1,0,1,1,11,,,0
paper_density_scaling_revision,density,dfs,dfs,DFS-WCCG,dfs,obstacle_count,30.0,5,density_scaling,8,800.0,20000,30,8.0,8.0,64.0,13.468307222212067,0.21044230034706354,20.0,30.0,,2,,,1.0,1.0,1.0,1.0,,,,TERMINATED,task_done,1,4815,105.70791602134705,51.15736770629883,116.80000000000943,11,352,352,0.0,0,0.0,1,0,0,0,11,,,0
paper_density_scaling_revision,density,dfs,dfs,DFS-WCCG,dfs,obstacle_count,30.0,6,density_scaling,8,800.0,20000,30,8.0,8.0,64.0,12.892849883717947,0.20145077943309292,20.0,30.0,,2,,,1.0,1.0,1.0,1.0,,,,TERMINATED,task_done,1,7191,601.8121438026428,476.0199143886566,177.77500000002328,1102,1792,1792,0.0,0,0.0,1,0,7,7,20,,,0
paper_density_scaling_revision,density,dfs,dfs,DFS-WCCG,dfs,obstacle_count,30.0,7,density_scaling,8,800.0,20000,30,8.0,8.0,64.0,12.341986338987567,0.19284353654668074,20.0,30.0,,2,,,1.0,1.0,1.0,1.0,,,,TERMINATED,task_done,1,3326,68.91559886932373,35.85812520980835,79.05000000000085,8,256,256,0.0,0,0.0,1,0,1,1,8,,,0
paper_density_scaling_revision,density,dfs,dfs,DFS-WCCG,dfs,obstacle_count,30.0,8,density_scaling,8,800.0,20000,30,8.0,8.0,64.0,13.700595649477698,0.21407180702308903,20.0,30.0,,2,,,1.0,1.0,1.0,1.0,,,,TERMINATED,task_done,1,3035,88.58114743232727,48.9397087097168,72.89999999999945,8,256,256,0.0,0,0.0,1,0,0,0,8,,,0
paper_density_scaling_revision,density,dfs,dfs,DFS-WCCG,dfs,obstacle_count,30.0,9,density_scaling,8,800.0,20000,30,8.0,8.0,64.0,13.57076358194545,0.21204318096789765,20.0,30.0,,2,,,1.0,1.0,1.0,1.0,,,,TERMINATED,task_done,1,9017,326.2538409233093,175.48964047431946,223.6000000000337,36,640,640,0.0,0,0.0,1,0,4,4,20,,,0
paper_density_scaling_revision,density,dfs,dfs,DFS-WCCG,dfs,obstacle_count,35.0,0,density_scaling,8,800.0,20000,35,8.0,8.0,64.0,nan,nan,20.0,30.0,,2,,,1.0,1.0,1.0,1.0,,,,TIMEOUT_PRUNED,pruned_after_seed_timeout_at_obstacle_count=25,0,20000,800.0,800.0,800.0,20000,20000,20000,0.0,0,0.0,20000,0,0,0,20000,timeout_pruned_seed,25.0,1
paper_density_scaling_revision,density,dfs,dfs,DFS-WCCG,dfs,obstacle_count,35.0,1,density_scaling,8,800.0,20000,35,8.0,8.0,64.0,nan,nan,20.0,30.0,,2,,,1.0,1.0,1.0,1.0,,,,TIMEOUT,parent_timeout_800.0s,0,20000,800.0,800.0,800.0,20000,20000,20000,0.0,0,0.0,20000,0,0,0,20000,parent_process_timeout,,1
paper_density_scaling_revision,density,dfs,dfs,DFS-WCCG,dfs,obstacle_count,35.0,2,density_scaling,8,800.0,20000,35,8.0,8.0,64.0,nan,nan,20.0,30.0,,2,,,1.0,1.0,1.0,1.0,,,,TIMEOUT,parent_timeout_800.0s,0,20000,800.0,800.0,800.0,20000,20000,20000,0.0,0,0.0,20000,0,0,0,20000,parent_process_timeout,,1
paper_density_scaling_revision,density,dfs,dfs,DFS-WCCG,dfs,obstacle_count,35.0,3,density_scaling,8,800.0,20000,35,8.0,8.0,64.0,13.910852096194164,0.2173570640030338,20.0,30.0,,2,,,1.0,1.0,1.0,1.0,,,,TIMEOUT,planning_timeout,0,20000,800.0,800.0,800.0,20000,20000,20000,0.0,0,0.0,20000,0,0,0,20000,policy_internal_timeout,,1
paper_density_scaling_revision,density,dfs,dfs,DFS-WCCG,dfs,obstacle_count,35.0,4,density_scaling,8,800.0,20000,35,8.0,8.0,64.0,17.02427301663373,0.26600426588490206,20.0,30.0,,2,,,1.0,1.0,1.0,1.0,,,,TERMINATED,task_done,1,9076,232.58892250061035,120.0846815109253,222.55000000003346,102,800,800,0.0,0,0.0,2,1,1,2,23,,,0
paper_density_scaling_revision,density,dfs,dfs,DFS-WCCG,dfs,obstacle_count,35.0,5,density_scaling,8,800.0,20000,35,8.0,8.0,64.0,15.197172979418665,0.23745582780341665,20.0,30.0,,2,,,1.0,1.0,1.0,1.0,,,,TERMINATED,task_done,1,9154,402.3716094493866,213.43961381912231,227.37500000003456,30,640,640,0.0,0,0.0,1,0,3,3,20,,,0
paper_density_scaling_revision,density,dfs,dfs,DFS-WCCG,dfs,obstacle_count,35.0,6,density_scaling,8,800.0,20000,35,8.0,8.0,64.0,14.41833656136411,0.22528650877131423,20.0,30.0,,2,,,1.0,1.0,1.0,1.0,,,,TIMEOUT,wall-clock timeout > 795.614512772001 sec,0,20000,800.0,800.0,800.0,20000,20000,20000,0.0,0,0.0,20000,0,0,0,20000,child_budget_timeout,,1
paper_density_scaling_revision,density,dfs,dfs,DFS-WCCG,dfs,obstacle_count,35.0,7,density_scaling,8,800.0,20000,35,8.0,8.0,64.0,13.830216355456812,0.2160971305540127,20.0,30.0,,2,,,1.0,1.0,1.0,1.0,,,,TERMINATED,task_done,1,5525,129.17871356010437,68.04967308044434,134.52500000001345,13,416,416,0.0,0,0.0,1,0,2,2,13,,,0
paper_density_scaling_revision,density,dfs,dfs,DFS-WCCG,dfs,obstacle_count,35.0,8,density_scaling,8,800.0,20000,35,8.0,8.0,64.0,15.783974729038134,0.24662460514122084,20.0,30.0,,2,,,1.0,1.0,1.0,1.0,,,,TERMINATED,task_done,1,6461,234.31050729751587,121.68728351593018,159.65000000001916,15,480,480,0.0,0,0.0,1,0,2,2,15,,,0
paper_density_scaling_revision,density,dfs,dfs,DFS-WCCG,dfs,obstacle_count,35.0,9,density_scaling,8,800.0,20000,35,8.0,8.0,64.0,15.598905084165981,0.24373289194009345,20.0,30.0,,2,,,1.0,1.0,1.0,1.0,,,,TERMINATED,task_done,1,6921,432.26296162605286,314.56656765937805,170.90000000002172,513,1184,1184,0.0,0,0.0,1,0,4,4,20,,,0
paper_density_scaling_revision,density,dfs,dfs,DFS-WCCG,dfs,obstacle_count,40.0,0,density_scaling,8,800.0,20000,40,8.0,8.0,64.0,nan,nan,20.0,30.0,,2,,,1.0,1.0,1.0,1.0,,,,TIMEOUT_PRUNED,pruned_after_seed_timeout_at_obstacle_count=25,0,20000,800.0,800.0,800.0,20000,20000,20000,0.0,0,0.0,20000,0,0,0,20000,timeout_pruned_seed,25.0,1
paper_density_scaling_revision,density,dfs,dfs,DFS-WCCG,dfs,obstacle_count,40.0,1,density_scaling,8,800.0,20000,40,8.0,8.0,64.0,nan,nan,20.0,30.0,,2,,,1.0,1.0,1.0,1.0,,,,TIMEOUT_PRUNED,pruned_after_seed_timeout_at_obstacle_count=35,0,20000,800.0,800.0,800.0,20000,20000,20000,0.0,0,0.0,20000,0,0,0,20000,timeout_pruned_seed,35.0,1
paper_density_scaling_revision,density,dfs,dfs,DFS-WCCG,dfs,obstacle_count,40.0,2,density_scaling,8,800.0,20000,40,8.0,8.0,64.0,nan,nan,20.0,30.0,,2,,,1.0,1.0,1.0,1.0,,,,TIMEOUT_PRUNED,pruned_after_seed_timeout_at_obstacle_count=35,0,20000,800.0,800.0,800.0,20000,20000,20000,0.0,0,0.0,20000,0,0,0,20000,timeout_pruned_seed,35.0,1
paper_density_scaling_revision,density,dfs,dfs,DFS-WCCG,dfs,obstacle_count,40.0,3,density_scaling,8,800.0,20000,40,8.0,8.0,64.0,nan,nan,20.0,30.0,,2,,,1.0,1.0,1.0,1.0,,,,TIMEOUT_PRUNED,pruned_after_seed_timeout_at_obstacle_count=35,0,20000,800.0,800.0,800.0,20000,20000,20000,0.0,0,0.0,20000,0,0,0,20000,timeout_pruned_seed,35.0,1
paper_density_scaling_revision,density,dfs,dfs,DFS-WCCG,dfs,obstacle_count,40.0,4,density_scaling,8,800.0,20000,40,8.0,8.0,64.0,18.792503033102978,0.29363285989223403,20.0,30.0,,2,,,1.0,1.0,1.0,1.0,,,,TIMEOUT,planning_timeout,0,20000,800.0,800.0,800.0,20000,20000,20000,0.0,0,0.0,20000,0,0,0,20000,policy_internal_timeout,,1
paper_density_scaling_revision,density,dfs,dfs,DFS-WCCG,dfs,obstacle_count,40.0,5,density_scaling,8,800.0,20000,40,8.0,8.0,64.0,16.722659657064828,0.26129155714163793,20.0,30.0,,2,,,1.0,1.0,1.0,1.0,,,,TIMEOUT,planning_timeout,0,20000,800.0,800.0,800.0,20000,20000,20000,0.0,0,0.0,20000,0,0,0,20000,policy_internal_timeout,,1
paper_density_scaling_revision,density,dfs,dfs,DFS-WCCG,dfs,obstacle_count,40.0,6,density_scaling,8,800.0,20000,40,8.0,8.0,64.0,nan,nan,20.0,30.0,,2,,,1.0,1.0,1.0,1.0,,,,TIMEOUT_PRUNED,pruned_after_seed_timeout_at_obstacle_count=35,0,20000,800.0,800.0,800.0,20000,20000,20000,0.0,0,0.0,20000,0,0,0,20000,timeout_pruned_seed,35.0,1
paper_density_scaling_revision,density,dfs,dfs,DFS-WCCG,dfs,obstacle_count,40.0,7,density_scaling,8,800.0,20000,40,8.0,8.0,64.0,15.318446371926058,0.23935072456134465,20.0,30.0,,2,,,1.0,1.0,1.0,1.0,,,,TERMINATED,task_done,1,8144,209.2188332080841,113.34479856491089,199.77500000002829,20,640,640,0.0,0,0.0,2,1,0,1,20,,,0
paper_density_scaling_revision,density,dfs,dfs,DFS-WCCG,dfs,obstacle_count,40.0,8,density_scaling,8,800.0,20000,40,8.0,8.0,64.0,nan,nan,20.0,30.0,,2,,,1.0,1.0,1.0,1.0,,,,TIMEOUT,parent_timeout_800.0s,0,20000,800.0,800.0,800.0,20000,20000,20000,0.0,0,0.0,20000,0,0,0,20000,parent_process_timeout,,1
paper_density_scaling_revision,density,dfs,dfs,DFS-WCCG,dfs,obstacle_count,40.0,9,density_scaling,8,800.0,20000,40,8.0,8.0,64.0,17.124391761812145,0.26756862127831477,20.0,30.0,,2,,,1.0,1.0,1.0,1.0,,,,TERMINATED,task_done,1,11768,503.38805389404297,303.2866954803467,291.40000000000884,379,1088,1088,0.0,0,0.0,2,1,0,1,23,,,0
paper_density_scaling_revision,density,dfs,dfs,DFS-WCCG,dfs,obstacle_count,45.0,0,density_scaling,8,800.0,20000,45,8.0,8.0,64.0,nan,nan,20.0,30.0,,2,,,1.0,1.0,1.0,1.0,,,,TIMEOUT_PRUNED,pruned_after_seed_timeout_at_obstacle_count=25,0,20000,800.0,800.0,800.0,20000,20000,20000,0.0,0,0.0,20000,0,0,0,20000,timeout_pruned_seed,25.0,1
paper_density_scaling_revision,density,dfs,dfs,DFS-WCCG,dfs,obstacle_count,45.0,1,density_scaling,8,800.0,20000,45,8.0,8.0,64.0,nan,nan,20.0,30.0,,2,,,1.0,1.0,1.0,1.0,,,,TIMEOUT_PRUNED,pruned_after_seed_timeout_at_obstacle_count=35,0,20000,800.0,800.0,800.0,20000,20000,20000,0.0,0,0.0,20000,0,0,0,20000,timeout_pruned_seed,35.0,1
paper_density_scaling_revision,density,dfs,dfs,DFS-WCCG,dfs,obstacle_count,45.0,2,density_scaling,8,800.0,20000,45,8.0,8.0,64.0,nan,nan,20.0,30.0,,2,,,1.0,1.0,1.0,1.0,,,,TIMEOUT_PRUNED,pruned_after_seed_timeout_at_obstacle_count=35,0,20000,800.0,800.0,800.0,20000,20000,20000,0.0,0,0.0,20000,0,0,0,20000,timeout_pruned_seed,35.0,1
paper_density_scaling_revision,density,dfs,dfs,DFS-WCCG,dfs,obstacle_count,45.0,3,density_scaling,8,800.0,20000,45,8.0,8.0,64.0,nan,nan,20.0,30.0,,2,,,1.0,1.0,1.0,1.0,,,,TIMEOUT_PRUNED,pruned_after_seed_timeout_at_obstacle_count=35,0,20000,800.0,800.0,800.0,20000,20000,20000,0.0,0,0.0,20000,0,0,0,20000,timeout_pruned_seed,35.0,1
paper_density_scaling_revision,density,dfs,dfs,DFS-WCCG,dfs,obstacle_count,45.0,4,density_scaling,8,800.0,20000,45,8.0,8.0,64.0,nan,nan,20.0,30.0,,2,,,1.0,1.0,1.0,1.0,,,,TIMEOUT_PRUNED,pruned_after_seed_timeout_at_obstacle_count=40,0,20000,800.0,800.0,800.0,20000,20000,20000,0.0,0,0.0,20000,0,0,0,20000,timeout_pruned_seed,40.0,1
paper_density_scaling_revision,density,dfs,dfs,DFS-WCCG,dfs,obstacle_count,45.0,5,density_scaling,8,800.0,20000,45,8.0,8.0,64.0,nan,nan,20.0,30.0,,2,,,1.0,1.0,1.0,1.0,,,,TIMEOUT_PRUNED,pruned_after_seed_timeout_at_obstacle_count=40,0,20000,800.0,800.0,800.0,20000,20000,20000,0.0,0,0.0,20000,0,0,0,20000,timeout_pruned_seed,40.0,1
paper_density_scaling_revision,density,dfs,dfs,DFS-WCCG,dfs,obstacle_count,45.0,6,density_scaling,8,800.0,20000,45,8.0,8.0,64.0,nan,nan,20.0,30.0,,2,,,1.0,1.0,1.0,1.0,,,,TIMEOUT_PRUNED,pruned_after_seed_timeout_at_obstacle_count=35,0,20000,800.0,800.0,800.0,20000,20000,20000,0.0,0,0.0,20000,0,0,0,20000,timeout_pruned_seed,35.0,1
paper_density_scaling_revision,density,dfs,dfs,DFS-WCCG,dfs,obstacle_count,45.0,7,density_scaling,8,800.0,20000,45,8.0,8.0,64.0,17.121825451486494,0.26752852267947647,20.0,30.0,,2,,,1.0,1.0,1.0,1.0,,,,TIMEOUT,planning_timeout,0,20000,800.0,800.0,800.0,20000,20000,20000,0.0,0,0.0,20000,0,0,0,20000,policy_internal_timeout,,1
paper_density_scaling_revision,density,dfs,dfs,DFS-WCCG,dfs,obstacle_count,45.0,8,density_scaling,8,800.0,20000,45,8.0,8.0,64.0,nan,nan,20.0,30.0,,2,,,1.0,1.0,1.0,1.0,,,,TIMEOUT_PRUNED,pruned_after_seed_timeout_at_obstacle_count=40,0,20000,800.0,800.0,800.0,20000,20000,20000,0.0,0,0.0,20000,0,0,0,20000,timeout_pruned_seed,40.0,1
paper_density_scaling_revision,density,dfs,dfs,DFS-WCCG,dfs,obstacle_count,45.0,9,density_scaling,8,800.0,20000,45,8.0,8.0,64.0,18.64987843945831,0.2914043506165361,20.0,30.0,,2,,,1.0,1.0,1.0,1.0,,,,TIMEOUT,planning_timeout,0,20000,800.0,800.0,800.0,20000,20000,20000,0.0,0,0.0,20000,0,0,0,20000,policy_internal_timeout,,1
paper_density_scaling_revision,density,recursive,recursive,Rec-NAMO,recursive,obstacle_count,15.0,0,density_scaling,8,800.0,20000,15,8.0,8.0,64.0,6.2833790795604365,0.09817779811813182,20.0,30.0,,2,,,1.0,1.0,1.0,1.0,,,,TERMINATED,task_done,1,1485,12.724756956100464,2.9485092163085938,30.59999999999933,1,3,0,0.0,0,0.0,1,0,0,0,3,,,0
paper_density_scaling_revision,density,recursive,recursive,Rec-NAMO,recursive,obstacle_count,15.0,1,density_scaling,8,800.0,20000,15,8.0,8.0,64.0,8.235079331235957,0.12867311455056182,20.0,30.0,,2,,,1.0,1.0,1.0,1.0,,,,TERMINATED,task_done,1,7112,59.88589787483215,19.872068166732788,164.15000000002019,3,12,0,0.0,0,0.0,3,2,0,2,12,,,0
paper_density_scaling_revision,density,recursive,recursive,Rec-NAMO,recursive,obstacle_count,15.0,2,density_scaling,8,800.0,20000,15,8.0,8.0,64.0,6.804650561035144,0.10632266501617413,20.0,30.0,,2,,,1.0,1.0,1.0,1.0,,,,TERMINATED,task_done,1,17969,212.87597107887268,39.8685245513916,443.02499999987094,13,29,0,0.0,0,0.0,13,12,0,12,29,,,0
paper_density_scaling_revision,density,recursive,recursive,Rec-NAMO,recursive,obstacle_count,15.0,3,density_scaling,8,800.0,20000,15,8.0,8.0,64.0,6.544979079560435,0.1022652981181318,20.0,30.0,,2,,,1.0,1.0,1.0,1.0,,,,TERMINATED,task_done,1,5055,35.881956815719604,5.761481046676636,116.75000000000942,3,8,0,0.0,0,0.0,3,2,1,3,8,,,0
paper_density_scaling_revision,density,recursive,recursive,Rec-NAMO,recursive,obstacle_count,15.0,4,density_scaling,8,800.0,20000,15,8.0,8.0,64.0,7.904522418383517,0.12350816278724246,20.0,30.0,,2,,,1.0,1.0,1.0,1.0,,,,TERMINATED,task_done,1,2472,19.241639852523804,3.671363353729248,52.79999999999807,1,5,0,0.0,0,0.0,1,0,1,1,5,,,0
paper_density_scaling_revision,density,recursive,recursive,Rec-NAMO,recursive,obstacle_count,15.0,5,density_scaling,8,800.0,20000,15,8.0,8.0,64.0,7.587035740737355,0.11854743344902118,20.0,30.0,,2,,,1.0,1.0,1.0,1.0,,,,TERMINATED,task_done,1,7671,53.945961236953735,5.970747947692871,184.5000000000248,3,11,0,0.0,0,0.0,3,2,1,3,11,,,0
paper_density_scaling_revision,density,recursive,recursive,Rec-NAMO,recursive,obstacle_count,15.0,6,density_scaling,8,800.0,20000,15,8.0,8.0,64.0,6.533935402078757,0.10209274065748057,20.0,30.0,,2,,,1.0,1.0,1.0,1.0,,,,TERMINATED,task_done,1,4037,52.365376472473145,14.271836519241333,96.02500000000471,4,8,0,0.0,0,0.0,4,3,0,3,8,,,0
paper_density_scaling_revision,density,recursive,recursive,Rec-NAMO,recursive,obstacle_count,15.0,7,density_scaling,8,800.0,20000,15,8.0,8.0,64.0,6.626579079560436,0.10354029811813181,20.0,30.0,,2,,,1.0,1.0,1.0,1.0,,,,TERMINATED,task_done,1,13200,133.7464463710785,23.164243459701538,321.5499999999814,6,19,0,0.0,0,0.0,6,5,0,5,19,,,0
paper_density_scaling_revision,density,recursive,recursive,Rec-NAMO,recursive,obstacle_count,15.0,8,density_scaling,8,800.0,20000,15,8.0,8.0,64.0,7.37270354900696,0.11519849295323376,20.0,30.0,,2,,,1.0,1.0,1.0,1.0,,,,TERMINATED,task_done,1,10461,140.99703574180603,30.208850622177124,257.12500000004,5,16,0,0.0,0,0.0,5,4,0,4,16,,,0
paper_density_scaling_revision,density,recursive,recursive,Rec-NAMO,recursive,obstacle_count,15.0,9,density_scaling,8,800.0,20000,15,8.0,8.0,64.0,7.186250561035145,0.11228516501617414,20.0,30.0,,2,,,1.0,1.0,1.0,1.0,,,,TERMINATED,task_done,1,4492,63.56424880027771,12.660197734832764,108.70000000000759,4,7,0,0.0,0,0.0,4,3,1,4,7,,,0
paper_density_scaling_revision,density,recursive,recursive,Rec-NAMO,recursive,obstacle_count,20.0,0,density_scaling,8,800.0,20000,20,8.0,8.0,64.0,8.704014820297791,0.136000231567153,20.0,30.0,,2,,,1.0,1.0,1.0,1.0,,,,TERMINATED,task_done,1,2649,33.48198175430298,10.036576509475708,60.92499999999761,1,5,0,0.0,0,0.0,1,0,1,1,5,,,0
paper_density_scaling_revision,density,recursive,recursive,Rec-NAMO,recursive,obstacle_count,20.0,1,density_scaling,8,800.0,20000,20,8.0,8.0,64.0,10.683677494633406,0.16693246085364696,20.0,30.0,,2,,,1.0,1.0,1.0,1.0,,,,TERMINATED,task_done,1,10325,108.289785861969,38.19421720504761,249.1500000000395,2,18,0,0.0,0,0.0,2,1,1,2,18,,,0
paper_density_scaling_revision,density,recursive,recursive,Rec-NAMO,recursive,obstacle_count,20.0,2,density_scaling,8,800.0,20000,20,8.0,8.0,64.0,8.60802964059558,0.13450046313430594,20.0,30.0,,2,,,1.0,1.0,1.0,1.0,,,,TIMEOUT,control-step timeout > 20000 steps,0,20000,800.0,800.0,800.0,20000,20000,20000,0.0,0,0.0,20000,0,0,0,20000,child_budget_timeout,,1
paper_density_scaling_revision,density,recursive,recursive,Rec-NAMO,recursive,obstacle_count,20.0,3,density_scaling,8,800.0,20000,20,8.0,8.0,64.0,8.890377242957884,0.13891214442121694,20.0,30.0,,2,,,1.0,1.0,1.0,1.0,,,,TERMINATED,task_done,1,6305,71.74453353881836,25.5663480758667,150.42500000001706,4,13,0,0.0,0,0.0,4,3,0,3,13,,,0
paper_density_scaling_revision,density,recursive,recursive,Rec-NAMO,recursive,obstacle_count,20.0,4,density_scaling,8,800.0,20000,20,8.0,8.0,64.0,9.8672657572066,0.15417602745635312,20.0,30.0,,2,,,1.0,1.0,1.0,1.0,,,,TERMINATED,task_done,1,14381,176.74253368377686,65.2595055103302,352.54999999995323,10,26,0,0.0,0,0.0,10,9,0,9,26,,,0
paper_density_scaling_revision,density,recursive,recursive,Rec-NAMO,recursive,obstacle_count,20.0,5,density_scaling,8,800.0,20000,20,8.0,8.0,64.0,9.487035740737356,0.1482349334490212,20.0,30.0,,2,,,1.0,1.0,1.0,1.0,,,,TIMEOUT,control-step timeout > 20000 steps,0,20000,800.0,800.0,800.0,20000,20000,20000,0.0,0,0.0,20000,0,0,0,20000,child_budget_timeout,,1
paper_density_scaling_revision,density,recursive,recursive,Rec-NAMO,recursive,obstacle_count,20.0,6,density_scaling,8,800.0,20000,20,8.0,8.0,64.0,9.08271264503664,0.1419173850786975,20.0,30.0,,2,,,1.0,1.0,1.0,1.0,,,,TIMEOUT,control-step timeout > 20000 steps,0,20000,800.0,800.0,800.0,20000,20000,20000,0.0,0,0.0,20000,0,0,0,20000,child_budget_timeout,,1
paper_density_scaling_revision,density,recursive,recursive,Rec-NAMO,recursive,obstacle_count,20.0,7,density_scaling,8,800.0,20000,20,8.0,8.0,64.0,8.591101497943953,0.13423596090537426,20.0,30.0,,2,,,1.0,1.0,1.0,1.0,,,,TIMEOUT,control-step timeout > 20000 steps,0,20000,800.0,800.0,800.0,20000,20000,20000,0.0,0,0.0,20000,0,0,0,20000,child_budget_timeout,,1
paper_density_scaling_revision,density,recursive,recursive,Rec-NAMO,recursive,obstacle_count,20.0,8,density_scaling,8,800.0,20000,20,8.0,8.0,64.0,9.820845051227488,0.1534507039254295,20.0,30.0,,2,,,1.0,1.0,1.0,1.0,,,,TERMINATED,task_done,1,17196,298.1200044155121,122.3224606513977,425.29999999988706,11,34,0,0.0,0,0.0,11,10,0,10,34,,,0
paper_density_scaling_revision,density,recursive,recursive,Rec-NAMO,recursive,obstacle_count,20.0,9,density_scaling,8,800.0,20000,20,8.0,8.0,64.0,9.931648724432593,0.15518201131925927,20.0,30.0,,2,,,1.0,1.0,1.0,1.0,,,,TERMINATED,task_done,1,14280,246.8460521697998,73.62702965736389,353.74999999995214,7,24,0,0.0,0,0.0,7,6,1,7,24,,,0
paper_density_scaling_revision,density,recursive,recursive,Rec-NAMO,recursive,obstacle_count,25.0,0,density_scaling,8,800.0,20000,25,8.0,8.0,64.0,10.74802964059558,0.16793796313430595,20.0,30.0,,2,,,1.0,1.0,1.0,1.0,,,,TIMEOUT,control-step timeout > 20000 steps,0,20000,800.0,800.0,800.0,20000,20000,20000,0.0,0,0.0,20000,0,0,0,20000,child_budget_timeout,,1
paper_density_scaling_revision,density,recursive,recursive,Rec-NAMO,recursive,obstacle_count,25.0,1,density_scaling,8,800.0,20000,25,8.0,8.0,64.0,13.007692314931194,0.20324519242079991,20.0,30.0,,2,,,1.0,1.0,1.0,1.0,,,,TIMEOUT,control-step timeout > 20000 steps,0,20000,800.0,800.0,800.0,20000,20000,20000,0.0,0,0.0,20000,0,0,0,20000,child_budget_timeout,,1
paper_density_scaling_revision,density,recursive,recursive,Rec-NAMO,recursive,obstacle_count,25.0,2,density_scaling,8,800.0,20000,25,8.0,8.0,64.0,nan,nan,20.0,30.0,,2,,,1.0,1.0,1.0,1.0,,,,TIMEOUT_PRUNED,pruned_after_seed_timeout_at_obstacle_count=20,0,20000,800.0,800.0,800.0,20000,20000,20000,0.0,0,0.0,20000,0,0,0,20000,timeout_pruned_seed,20.0,1
paper_density_scaling_revision,density,recursive,recursive,Rec-NAMO,recursive,obstacle_count,25.0,3,density_scaling,8,800.0,20000,25,8.0,8.0,64.0,10.37860725942713,0.1621657384285489,20.0,30.0,,2,,,1.0,1.0,1.0,1.0,,,,TIMEOUT,control-step timeout > 20000 steps,0,20000,800.0,800.0,800.0,20000,20000,20000,0.0,0,0.0,20000,0,0,0,20000,child_budget_timeout,,1
paper_density_scaling_revision,density,recursive,recursive,Rec-NAMO,recursive,obstacle_count,25.0,4,density_scaling,8,800.0,20000,25,8.0,8.0,64.0,12.267265757206602,0.19167602745635315,20.0,30.0,,2,,,1.0,1.0,1.0,1.0,,,,TIMEOUT,control-step timeout > 20000 steps,0,20000,800.0,800.0,800.0,20000,20000,20000,0.0,0,0.0,20000,0,0,0,20000,child_budget_timeout,,1
paper_density_scaling_revision,density,recursive,recursive,Rec-NAMO,recursive,obstacle_count,25.0,5,density_scaling,8,800.0,20000,25,8.0,8.0,64.0,nan,nan,20.0,30.0,,2,,,1.0,1.0,1.0,1.0,,,,TIMEOUT_PRUNED,pruned_after_seed_timeout_at_obstacle_count=20,0,20000,800.0,800.0,800.0,20000,20000,20000,0.0,0,0.0,20000,0,0,0,20000,timeout_pruned_seed,20.0,1
paper_density_scaling_revision,density,recursive,recursive,Rec-NAMO,recursive,obstacle_count,25.0,6,density_scaling,8,800.0,20000,25,8.0,8.0,64.0,nan,nan,20.0,30.0,,2,,,1.0,1.0,1.0,1.0,,,,TIMEOUT_PRUNED,pruned_after_seed_timeout_at_obstacle_count=20,0,20000,800.0,800.0,800.0,20000,20000,20000,0.0,0,0.0,20000,0,0,0,20000,timeout_pruned_seed,20.0,1
paper_density_scaling_revision,density,recursive,recursive,Rec-NAMO,recursive,obstacle_count,25.0,7,density_scaling,8,800.0,20000,25,8.0,8.0,64.0,nan,nan,20.0,30.0,,2,,,1.0,1.0,1.0,1.0,,,,TIMEOUT_PRUNED,pruned_after_seed_timeout_at_obstacle_count=20,0,20000,800.0,800.0,800.0,20000,20000,20000,0.0,0,0.0,20000,0,0,0,20000,timeout_pruned_seed,20.0,1
paper_density_scaling_revision,density,recursive,recursive,Rec-NAMO,recursive,obstacle_count,25.0,8,density_scaling,8,800.0,20000,25,8.0,8.0,64.0,12.015108971831534,0.18773607768486772,20.0,30.0,,2,,,1.0,1.0,1.0,1.0,,,,TIMEOUT,control-step timeout > 20000 steps,0,20000,800.0,800.0,800.0,20000,20000,20000,0.0,0,0.0,20000,0,0,0,20000,child_budget_timeout,,1
paper_density_scaling_revision,density,recursive,recursive,Rec-NAMO,recursive,obstacle_count,25.0,9,density_scaling,8,800.0,20000,25,8.0,8.0,64.0,11.885276904299285,0.18570745162967633,20.0,30.0,,2,,,1.0,1.0,1.0,1.0,,,,TIMEOUT,control-step timeout > 20000 steps,0,20000,800.0,800.0,800.0,20000,20000,20000,0.0,0,0.0,20000,0,0,0,20000,child_budget_timeout,,1
paper_density_scaling_revision,density,recursive,recursive,Rec-NAMO,recursive,obstacle_count,30.0,0,density_scaling,8,800.0,20000,30,8.0,8.0,64.0,nan,nan,20.0,30.0,,2,,,1.0,1.0,1.0,1.0,,,,TIMEOUT_PRUNED,pruned_after_seed_timeout_at_obstacle_count=25,0,20000,800.0,800.0,800.0,20000,20000,20000,0.0,0,0.0,20000,0,0,0,20000,timeout_pruned_seed,25.0,1
paper_density_scaling_revision,density,recursive,recursive,Rec-NAMO,recursive,obstacle_count,30.0,1,density_scaling,8,800.0,20000,30,8.0,8.0,64.0,nan,nan,20.0,30.0,,2,,,1.0,1.0,1.0,1.0,,,,TIMEOUT_PRUNED,pruned_after_seed_timeout_at_obstacle_count=25,0,20000,800.0,800.0,800.0,20000,20000,20000,0.0,0,0.0,20000,0,0,0,20000,timeout_pruned_seed,25.0,1
paper_density_scaling_revision,density,recursive,recursive,Rec-NAMO,recursive,obstacle_count,30.0,2,density_scaling,8,800.0,20000,30,8.0,8.0,64.0,nan,nan,20.0,30.0,,2,,,1.0,1.0,1.0,1.0,,,,TIMEOUT_PRUNED,pruned_after_seed_timeout_at_obstacle_count=20,0,20000,800.0,800.0,800.0,20000,20000,20000,0.0,0,0.0,20000,0,0,0,20000,timeout_pruned_seed,20.0,1
paper_density_scaling_revision,density,recursive,recursive,Rec-NAMO,recursive,obstacle_count,30.0,3,density_scaling,8,800.0,20000,30,8.0,8.0,64.0,nan,nan,20.0,30.0,,2,,,1.0,1.0,1.0,1.0,,,,TIMEOUT_PRUNED,pruned_after_seed_timeout_at_obstacle_count=25,0,20000,800.0,800.0,800.0,20000,20000,20000,0.0,0,0.0,20000,0,0,0,20000,timeout_pruned_seed,25.0,1
paper_density_scaling_revision,density,recursive,recursive,Rec-NAMO,recursive,obstacle_count,30.0,4,density_scaling,8,800.0,20000,30,8.0,8.0,64.0,nan,nan,20.0,30.0,,2,,,1.0,1.0,1.0,1.0,,,,TIMEOUT_PRUNED,pruned_after_seed_timeout_at_obstacle_count=25,0,20000,800.0,800.0,800.0,20000,20000,20000,0.0,0,0.0,20000,0,0,0,20000,timeout_pruned_seed,25.0,1
paper_density_scaling_revision,density,recursive,recursive,Rec-NAMO,recursive,obstacle_count,30.0,5,density_scaling,8,800.0,20000,30,8.0,8.0,64.0,nan,nan,20.0,30.0,,2,,,1.0,1.0,1.0,1.0,,,,TIMEOUT_PRUNED,pruned_after_seed_timeout_at_obstacle_count=20,0,20000,800.0,800.0,800.0,20000,20000,20000,0.0,0,0.0,20000,0,0,0,20000,timeout_pruned_seed,20.0,1
paper_density_scaling_revision,density,recursive,recursive,Rec-NAMO,recursive,obstacle_count,30.0,6,density_scaling,8,800.0,20000,30,8.0,8.0,64.0,nan,nan,20.0,30.0,,2,,,1.0,1.0,1.0,1.0,,,,TIMEOUT_PRUNED,pruned_after_seed_timeout_at_obstacle_count=20,0,20000,800.0,800.0,800.0,20000,20000,20000,0.0,0,0.0,20000,0,0,0,20000,timeout_pruned_seed,20.0,1
paper_density_scaling_revision,density,recursive,recursive,Rec-NAMO,recursive,obstacle_count,30.0,7,density_scaling,8,800.0,20000,30,8.0,8.0,64.0,nan,nan,20.0,30.0,,2,,,1.0,1.0,1.0,1.0,,,,TIMEOUT_PRUNED,pruned_after_seed_timeout_at_obstacle_count=20,0,20000,800.0,800.0,800.0,20000,20000,20000,0.0,0,0.0,20000,0,0,0,20000,timeout_pruned_seed,20.0,1
paper_density_scaling_revision,density,recursive,recursive,Rec-NAMO,recursive,obstacle_count,30.0,8,density_scaling,8,800.0,20000,30,8.0,8.0,64.0,nan,nan,20.0,30.0,,2,,,1.0,1.0,1.0,1.0,,,,TIMEOUT_PRUNED,pruned_after_seed_timeout_at_obstacle_count=25,0,20000,800.0,800.0,800.0,20000,20000,20000,0.0,0,0.0,20000,0,0,0,20000,timeout_pruned_seed,25.0,1
paper_density_scaling_revision,density,recursive,recursive,Rec-NAMO,recursive,obstacle_count,30.0,9,density_scaling,8,800.0,20000,30,8.0,8.0,64.0,nan,nan,20.0,30.0,,2,,,1.0,1.0,1.0,1.0,,,,TIMEOUT_PRUNED,pruned_after_seed_timeout_at_obstacle_count=25,0,20000,800.0,800.0,800.0,20000,20000,20000,0.0,0,0.0,20000,0,0,0,20000,timeout_pruned_seed,25.0,1
paper_density_scaling_revision,density,recursive,recursive,Rec-NAMO,recursive,obstacle_count,35.0,0,density_scaling,8,800.0,20000,35,8.0,8.0,64.0,nan,nan,20.0,30.0,,2,,,1.0,1.0,1.0,1.0,,,,TIMEOUT_PRUNED,pruned_after_seed_timeout_at_obstacle_count=25,0,20000,800.0,800.0,800.0,20000,20000,20000,0.0,0,0.0,20000,0,0,0,20000,timeout_pruned_seed,25.0,1
paper_density_scaling_revision,density,recursive,recursive,Rec-NAMO,recursive,obstacle_count,35.0,1,density_scaling,8,800.0,20000,35,8.0,8.0,64.0,nan,nan,20.0,30.0,,2,,,1.0,1.0,1.0,1.0,,,,TIMEOUT_PRUNED,pruned_after_seed_timeout_at_obstacle_count=25,0,20000,800.0,800.0,800.0,20000,20000,20000,0.0,0,0.0,20000,0,0,0,20000,timeout_pruned_seed,25.0,1
paper_density_scaling_revision,density,recursive,recursive,Rec-NAMO,recursive,obstacle_count,35.0,2,density_scaling,8,800.0,20000,35,8.0,8.0,64.0,nan,nan,20.0,30.0,,2,,,1.0,1.0,1.0,1.0,,,,TIMEOUT_PRUNED,pruned_after_seed_timeout_at_obstacle_count=20,0,20000,800.0,800.0,800.0,20000,20000,20000,0.0,0,0.0,20000,0,0,0,20000,timeout_pruned_seed,20.0,1
paper_density_scaling_revision,density,recursive,recursive,Rec-NAMO,recursive,obstacle_count,35.0,3,density_scaling,8,800.0,20000,35,8.0,8.0,64.0,nan,nan,20.0,30.0,,2,,,1.0,1.0,1.0,1.0,,,,TIMEOUT_PRUNED,pruned_after_seed_timeout_at_obstacle_count=25,0,20000,800.0,800.0,800.0,20000,20000,20000,0.0,0,0.0,20000,0,0,0,20000,timeout_pruned_seed,25.0,1
paper_density_scaling_revision,density,recursive,recursive,Rec-NAMO,recursive,obstacle_count,35.0,4,density_scaling,8,800.0,20000,35,8.0,8.0,64.0,nan,nan,20.0,30.0,,2,,,1.0,1.0,1.0,1.0,,,,TIMEOUT_PRUNED,pruned_after_seed_timeout_at_obstacle_count=25,0,20000,800.0,800.0,800.0,20000,20000,20000,0.0,0,0.0,20000,0,0,0,20000,timeout_pruned_seed,25.0,1
paper_density_scaling_revision,density,recursive,recursive,Rec-NAMO,recursive,obstacle_count,35.0,5,density_scaling,8,800.0,20000,35,8.0,8.0,64.0,nan,nan,20.0,30.0,,2,,,1.0,1.0,1.0,1.0,,,,TIMEOUT_PRUNED,pruned_after_seed_timeout_at_obstacle_count=20,0,20000,800.0,800.0,800.0,20000,20000,20000,0.0,0,0.0,20000,0,0,0,20000,timeout_pruned_seed,20.0,1
paper_density_scaling_revision,density,recursive,recursive,Rec-NAMO,recursive,obstacle_count,35.0,6,density_scaling,8,800.0,20000,35,8.0,8.0,64.0,nan,nan,20.0,30.0,,2,,,1.0,1.0,1.0,1.0,,,,TIMEOUT_PRUNED,pruned_after_seed_timeout_at_obstacle_count=20,0,20000,800.0,800.0,800.0,20000,20000,20000,0.0,0,0.0,20000,0,0,0,20000,timeout_pruned_seed,20.0,1
paper_density_scaling_revision,density,recursive,recursive,Rec-NAMO,recursive,obstacle_count,35.0,7,density_scaling,8,800.0,20000,35,8.0,8.0,64.0,nan,nan,20.0,30.0,,2,,,1.0,1.0,1.0,1.0,,,,TIMEOUT_PRUNED,pruned_after_seed_timeout_at_obstacle_count=20,0,20000,800.0,800.0,800.0,20000,20000,20000,0.0,0,0.0,20000,0,0,0,20000,timeout_pruned_seed,20.0,1
paper_density_scaling_revision,density,recursive,recursive,Rec-NAMO,recursive,obstacle_count,35.0,8,density_scaling,8,800.0,20000,35,8.0,8.0,64.0,nan,nan,20.0,30.0,,2,,,1.0,1.0,1.0,1.0,,,,TIMEOUT_PRUNED,pruned_after_seed_timeout_at_obstacle_count=25,0,20000,800.0,800.0,800.0,20000,20000,20000,0.0,0,0.0,20000,0,0,0,20000,timeout_pruned_seed,25.0,1
paper_density_scaling_revision,density,recursive,recursive,Rec-NAMO,recursive,obstacle_count,35.0,9,density_scaling,8,800.0,20000,35,8.0,8.0,64.0,nan,nan,20.0,30.0,,2,,,1.0,1.0,1.0,1.0,,,,TIMEOUT_PRUNED,pruned_after_seed_timeout_at_obstacle_count=25,0,20000,800.0,800.0,800.0,20000,20000,20000,0.0,0,0.0,20000,0,0,0,20000,timeout_pruned_seed,25.0,1
paper_density_scaling_revision,density,recursive,recursive,Rec-NAMO,recursive,obstacle_count,40.0,0,density_scaling,8,800.0,20000,40,8.0,8.0,64.0,nan,nan,20.0,30.0,,2,,,1.0,1.0,1.0,1.0,,,,TIMEOUT_PRUNED,pruned_after_seed_timeout_at_obstacle_count=25,0,20000,800.0,800.0,800.0,20000,20000,20000,0.0,0,0.0,20000,0,0,0,20000,timeout_pruned_seed,25.0,1
paper_density_scaling_revision,density,recursive,recursive,Rec-NAMO,recursive,obstacle_count,40.0,1,density_scaling,8,800.0,20000,40,8.0,8.0,64.0,nan,nan,20.0,30.0,,2,,,1.0,1.0,1.0,1.0,,,,TIMEOUT_PRUNED,pruned_after_seed_timeout_at_obstacle_count=25,0,20000,800.0,800.0,800.0,20000,20000,20000,0.0,0,0.0,20000,0,0,0,20000,timeout_pruned_seed,25.0,1
paper_density_scaling_revision,density,recursive,recursive,Rec-NAMO,recursive,obstacle_count,40.0,2,density_scaling,8,800.0,20000,40,8.0,8.0,64.0,nan,nan,20.0,30.0,,2,,,1.0,1.0,1.0,1.0,,,,TIMEOUT_PRUNED,pruned_after_seed_timeout_at_obstacle_count=20,0,20000,800.0,800.0,800.0,20000,20000,20000,0.0,0,0.0,20000,0,0,0,20000,timeout_pruned_seed,20.0,1
paper_density_scaling_revision,density,recursive,recursive,Rec-NAMO,recursive,obstacle_count,40.0,3,density_scaling,8,800.0,20000,40,8.0,8.0,64.0,nan,nan,20.0,30.0,,2,,,1.0,1.0,1.0,1.0,,,,TIMEOUT_PRUNED,pruned_after_seed_timeout_at_obstacle_count=25,0,20000,800.0,800.0,800.0,20000,20000,20000,0.0,0,0.0,20000,0,0,0,20000,timeout_pruned_seed,25.0,1
paper_density_scaling_revision,density,recursive,recursive,Rec-NAMO,recursive,obstacle_count,40.0,4,density_scaling,8,800.0,20000,40,8.0,8.0,64.0,nan,nan,20.0,30.0,,2,,,1.0,1.0,1.0,1.0,,,,TIMEOUT_PRUNED,pruned_after_seed_timeout_at_obstacle_count=25,0,20000,800.0,800.0,800.0,20000,20000,20000,0.0,0,0.0,20000,0,0,0,20000,timeout_pruned_seed,25.0,1
paper_density_scaling_revision,density,recursive,recursive,Rec-NAMO,recursive,obstacle_count,40.0,5,density_scaling,8,800.0,20000,40,8.0,8.0,64.0,nan,nan,20.0,30.0,,2,,,1.0,1.0,1.0,1.0,,,,TIMEOUT_PRUNED,pruned_after_seed_timeout_at_obstacle_count=20,0,20000,800.0,800.0,800.0,20000,20000,20000,0.0,0,0.0,20000,0,0,0,20000,timeout_pruned_seed,20.0,1
paper_density_scaling_revision,density,recursive,recursive,Rec-NAMO,recursive,obstacle_count,40.0,6,density_scaling,8,800.0,20000,40,8.0,8.0,64.0,nan,nan,20.0,30.0,,2,,,1.0,1.0,1.0,1.0,,,,TIMEOUT_PRUNED,pruned_after_seed_timeout_at_obstacle_count=20,0,20000,800.0,800.0,800.0,20000,20000,20000,0.0,0,0.0,20000,0,0,0,20000,timeout_pruned_seed,20.0,1
paper_density_scaling_revision,density,recursive,recursive,Rec-NAMO,recursive,obstacle_count,40.0,7,density_scaling,8,800.0,20000,40,8.0,8.0,64.0,nan,nan,20.0,30.0,,2,,,1.0,1.0,1.0,1.0,,,,TIMEOUT_PRUNED,pruned_after_seed_timeout_at_obstacle_count=20,0,20000,800.0,800.0,800.0,20000,20000,20000,0.0,0,0.0,20000,0,0,0,20000,timeout_pruned_seed,20.0,1
paper_density_scaling_revision,density,recursive,recursive,Rec-NAMO,recursive,obstacle_count,40.0,8,density_scaling,8,800.0,20000,40,8.0,8.0,64.0,nan,nan,20.0,30.0,,2,,,1.0,1.0,1.0,1.0,,,,TIMEOUT_PRUNED,pruned_after_seed_timeout_at_obstacle_count=25,0,20000,800.0,800.0,800.0,20000,20000,20000,0.0,0,0.0,20000,0,0,0,20000,timeout_pruned_seed,25.0,1
paper_density_scaling_revision,density,recursive,recursive,Rec-NAMO,recursive,obstacle_count,40.0,9,density_scaling,8,800.0,20000,40,8.0,8.0,64.0,nan,nan,20.0,30.0,,2,,,1.0,1.0,1.0,1.0,,,,TIMEOUT_PRUNED,pruned_after_seed_timeout_at_obstacle_count=25,0,20000,800.0,800.0,800.0,20000,20000,20000,0.0,0,0.0,20000,0,0,0,20000,timeout_pruned_seed,25.0,1
paper_density_scaling_revision,density,recursive,recursive,Rec-NAMO,recursive,obstacle_count,45.0,0,density_scaling,8,800.0,20000,45,8.0,8.0,64.0,nan,nan,20.0,30.0,,2,,,1.0,1.0,1.0,1.0,,,,TIMEOUT_PRUNED,pruned_after_seed_timeout_at_obstacle_count=25,0,20000,800.0,800.0,800.0,20000,20000,20000,0.0,0,0.0,20000,0,0,0,20000,timeout_pruned_seed,25.0,1
paper_density_scaling_revision,density,recursive,recursive,Rec-NAMO,recursive,obstacle_count,45.0,1,density_scaling,8,800.0,20000,45,8.0,8.0,64.0,nan,nan,20.0,30.0,,2,,,1.0,1.0,1.0,1.0,,,,TIMEOUT_PRUNED,pruned_after_seed_timeout_at_obstacle_count=25,0,20000,800.0,800.0,800.0,20000,20000,20000,0.0,0,0.0,20000,0,0,0,20000,timeout_pruned_seed,25.0,1
paper_density_scaling_revision,density,recursive,recursive,Rec-NAMO,recursive,obstacle_count,45.0,2,density_scaling,8,800.0,20000,45,8.0,8.0,64.0,nan,nan,20.0,30.0,,2,,,1.0,1.0,1.0,1.0,,,,TIMEOUT_PRUNED,pruned_after_seed_timeout_at_obstacle_count=20,0,20000,800.0,800.0,800.0,20000,20000,20000,0.0,0,0.0,20000,0,0,0,20000,timeout_pruned_seed,20.0,1
paper_density_scaling_revision,density,recursive,recursive,Rec-NAMO,recursive,obstacle_count,45.0,3,density_scaling,8,800.0,20000,45,8.0,8.0,64.0,nan,nan,20.0,30.0,,2,,,1.0,1.0,1.0,1.0,,,,TIMEOUT_PRUNED,pruned_after_seed_timeout_at_obstacle_count=25,0,20000,800.0,800.0,800.0,20000,20000,20000,0.0,0,0.0,20000,0,0,0,20000,timeout_pruned_seed,25.0,1
paper_density_scaling_revision,density,recursive,recursive,Rec-NAMO,recursive,obstacle_count,45.0,4,density_scaling,8,800.0,20000,45,8.0,8.0,64.0,nan,nan,20.0,30.0,,2,,,1.0,1.0,1.0,1.0,,,,TIMEOUT_PRUNED,pruned_after_seed_timeout_at_obstacle_count=25,0,20000,800.0,800.0,800.0,20000,20000,20000,0.0,0,0.0,20000,0,0,0,20000,timeout_pruned_seed,25.0,1
paper_density_scaling_revision,density,recursive,recursive,Rec-NAMO,recursive,obstacle_count,45.0,5,density_scaling,8,800.0,20000,45,8.0,8.0,64.0,nan,nan,20.0,30.0,,2,,,1.0,1.0,1.0,1.0,,,,TIMEOUT_PRUNED,pruned_after_seed_timeout_at_obstacle_count=20,0,20000,800.0,800.0,800.0,20000,20000,20000,0.0,0,0.0,20000,0,0,0,20000,timeout_pruned_seed,20.0,1
paper_density_scaling_revision,density,recursive,recursive,Rec-NAMO,recursive,obstacle_count,45.0,6,density_scaling,8,800.0,20000,45,8.0,8.0,64.0,nan,nan,20.0,30.0,,2,,,1.0,1.0,1.0,1.0,,,,TIMEOUT_PRUNED,pruned_after_seed_timeout_at_obstacle_count=20,0,20000,800.0,800.0,800.0,20000,20000,20000,0.0,0,0.0,20000,0,0,0,20000,timeout_pruned_seed,20.0,1
paper_density_scaling_revision,density,recursive,recursive,Rec-NAMO,recursive,obstacle_count,45.0,7,density_scaling,8,800.0,20000,45,8.0,8.0,64.0,nan,nan,20.0,30.0,,2,,,1.0,1.0,1.0,1.0,,,,TIMEOUT_PRUNED,pruned_after_seed_timeout_at_obstacle_count=20,0,20000,800.0,800.0,800.0,20000,20000,20000,0.0,0,0.0,20000,0,0,0,20000,timeout_pruned_seed,20.0,1
paper_density_scaling_revision,density,recursive,recursive,Rec-NAMO,recursive,obstacle_count,45.0,8,density_scaling,8,800.0,20000,45,8.0,8.0,64.0,nan,nan,20.0,30.0,,2,,,1.0,1.0,1.0,1.0,,,,TIMEOUT_PRUNED,pruned_after_seed_timeout_at_obstacle_count=25,0,20000,800.0,800.0,800.0,20000,20000,20000,0.0,0,0.0,20000,0,0,0,20000,timeout_pruned_seed,25.0,1
paper_density_scaling_revision,density,recursive,recursive,Rec-NAMO,recursive,obstacle_count,45.0,9,density_scaling,8,800.0,20000,45,8.0,8.0,64.0,nan,nan,20.0,30.0,,2,,,1.0,1.0,1.0,1.0,,,,TIMEOUT_PRUNED,pruned_after_seed_timeout_at_obstacle_count=25,0,20000,800.0,800.0,800.0,20000,20000,20000,0.0,0,0.0,20000,0,0,0,20000,timeout_pruned_seed,25.0,1
